message_length,word_count,digit_count,digit_ratio,uppercase_ratio,special_character_count,url_count,urgency_word_count,label
23.0,4.0,0.0,0.0,0.043478260869565216,0.0,0.0,0.0,0
66.0,13.0,0.0,0.0,0.015151515151515152,0.0,0.0,0.0,0
56.0,8.0,0.0,0.0,0.017857142857142856,0.0,0.0,0.0,0
14.0,3.0,1.0,0.07142857142857142,0.14285714285714285,0.0,0.0,0.0,0
38.0,7.0,0.0,0.0,0.02631578947368421,0.0,0.0,0.0,0
106.0,21.0,0.0,0.0,0.03773584905660377,0.0,0.0,0.0,0
37.0,8.0,0.0,0.0,0.02702702702702703,0.0,0.0,1.0,0
105.0,19.0,0.0,0.0,0.01904761904761905,0.0,0.0,0.0,0
78.0,16.0,0.0,0.0,0.0641025641025641,0.0,0.0,0.0,0
65.0,15.0,4.0,0.06153846153846154,0.015384615384615385,0.0,0.0,0.0,0
161.0,31.0,20.0,0.12422360248447205,0.043478260869565216,0.0,0.0,0.0,1
81.0,15.0,0.0,0.0,0.012345679012345678,0.0,0.0,0.0,0
152.0,28.0,15.0,0.09868421052631579,0.039473684210526314,1.0,0.0,1.0,1
53.0,10.0,0.0,0.0,0.05660377358490566,0.0,0.0,0.0,0
103.0,17.0,0.0,0.0,0.019417475728155338,0.0,0.0,0.0,0
60.0,11.0,1.0,0.016666666666666666,0.016666666666666666,0.0,0.0,0.0,0
35.0,6.0,0.0,0.0,0.05714285714285714,1.0,0.0,0.0,0
73.0,13.0,6.0,0.0821917808219178,0.0547945205479452,0.0,0.0,0.0,1
63.0,15.0,0.0,0.0,0.031746031746031744,0.0,0.0,0.0,0
32.0,7.0,0.0,0.0,0.03125,0.0,0.0,0.0,0
128.0,24.0,0.0,0.0,0.03125,0.0,0.0,0.0,0
132.0,29.0,0.0,0.0,0.015151515151515152,0.0,0.0,0.0,0
83.0,18.0,0.0,0.0,0.024096385542168676,1.0,0.0,0.0,0
32.0,8.0,2.0,0.0625,0.03125,0.0,0.0,0.0,0
49.0,13.0,2.0,0.04081632653061224,0.04081632653061224,1.0,0.0,0.0,0
45.0,7.0,0.0,0.0,0.022222222222222223,1.0,0.0,0.0,0
31.0,5.0,0.0,0.0,0.03225806451612903,0.0,0.0,0.0,0
26.0,5.0,0.0,0.0,0.038461538461538464,0.0,0.0,0.0,0
37.0,8.0,0.0,0.0,0.02702702702702703,0.0,0.0,0.0,0
50.0,12.0,4.0,0.08,0.04,2.0,0.0,0.0,0
107.0,23.0,0.0,0.0,0.018691588785046728,0.0,0.0,0.0,0
29.0,7.0,0.0,0.0,0.034482758620689655,0.0,0.0,0.0,0
154.0,26.0,24.0,0.15584415584415584,0.03896103896103896,2.0,0.0,2.0,1
25.0,6.0,1.0,0.04,0.04,0.0,0.0,0.0,0
39.0,8.0,0.0,0.0,0.02564102564102564,0.0,0.0,0.0,0
162.0,33.0,0.0,0.0,0.05555555555555555,0.0,0.0,1.0,0
40.0,8.0,0.0,0.0,0.025,0.0,0.0,0.0,0
42.0,10.0,0.0,0.0,0.047619047619047616,0.0,0.0,0.0,0
23.0,6.0,0.0,0.0,0.782608695652174,0.0,0.0,0.0,0
33.0,8.0,0.0,0.0,0.030303030303030304,0.0,0.0,0.0,0
27.0,4.0,0.0,0.0,0.037037037037037035,0.0,0.0,0.0,0
143.0,27.0,0.0,0.0,0.03496503496503497,0.0,0.0,1.0,0
154.0,30.0,0.0,0.0,0.01948051948051948,0.0,0.0,0.0,0
136.0,26.0,9.0,0.0661764705882353,0.08088235294117647,0.0,0.0,0.0,0
31.0,6.0,0.0,0.0,0.03225806451612903,1.0,0.0,0.0,0
45.0,8.0,0.0,0.0,0.022222222222222223,0.0,0.0,0.0,0
133.0,25.0,0.0,0.0,0.015037593984962405,2.0,0.0,0.0,0
39.0,10.0,0.0,0.0,0.05128205128205128,0.0,0.0,0.0,0
124.0,27.0,1.0,0.008064516129032258,0.12903225806451613,1.0,0.0,0.0,0
34.0,7.0,0.0,0.0,0.029411764705882353,0.0,0.0,0.0,0
28.0,7.0,0.0,0.0,0.07142857142857142,0.0,0.0,0.0,0
52.0,12.0,0.0,0.0,0.038461538461538464,0.0,0.0,0.0,0
54.0,10.0,0.0,0.0,0.037037037037037035,0.0,0.0,0.0,0
24.0,5.0,0.0,0.0,0.041666666666666664,0.0,0.0,0.0,0
116.0,24.0,1.0,0.008620689655172414,0.02586206896551724,0.0,0.0,0.0,0
142.0,29.0,0.0,0.0,0.014084507042253521,0.0,0.0,0.0,0
23.0,5.0,0.0,0.0,0.043478260869565216,0.0,0.0,0.0,0
40.0,5.0,0.0,0.0,0.025,0.0,0.0,0.0,0
30.0,7.0,0.0,0.0,0.03333333333333333,0.0,0.0,1.0,0
119.0,27.0,1.0,0.008403361344537815,0.01680672268907563,2.0,0.0,0.0,0
32.0,6.0,0.0,0.0,0.03125,0.0,0.0,0.0,0
50.0,11.0,0.0,0.0,0.06,0.0,0.0,0.0,0
47.0,8.0,0.0,0.0,0.02127659574468085,0.0,0.0,0.0,0
36.0,6.0,0.0,0.0,0.027777777777777776,0.0,0.0,0.0,0
46.0,11.0,0.0,0.0,0.06521739130434782,0.0,0.0,0.0,0
162.0,30.0,0.0,0.0,0.07407407407407407,0.0,0.0,0.0,0
45.0,8.0,0.0,0.0,0.022222222222222223,0.0,0.0,0.0,0
69.0,13.0,0.0,0.0,0.043478260869565216,0.0,0.0,0.0,0
23.0,5.0,0.0,0.0,0.043478260869565216,0.0,0.0,0.0,0
149.0,36.0,0.0,0.0,0.04697986577181208,1.0,0.0,1.0,0
114.0,16.0,0.0,0.0,0.008771929824561403,0.0,0.0,0.0,0
83.0,15.0,0.0,0.0,0.024096385542168676,0.0,0.0,0.0,0
125.0,26.0,0.0,0.0,0.016,0.0,0.0,0.0,0
147.0,31.0,0.0,0.0,0.05442176870748299,0.0,0.0,0.0,0
31.0,5.0,1.0,0.03225806451612903,0.06451612903225806,0.0,0.0,0.0,0
160.0,34.0,12.0,0.075,0.03125,0.0,0.0,0.0,1
97.0,23.0,1.0,0.010309278350515464,0.020618556701030927,0.0,0.0,0.0,0
125.0,23.0,0.0,0.0,0.024,0.0,0.0,0.0,0
363.0,72.0,0.0,0.0,0.013774104683195593,0.0,0.0,0.0,0
298.0,50.0,1.0,0.003355704697986577,0.013422818791946308,2.0,0.0,0.0,0
24.0,5.0,0.0,0.0,0.08333333333333333,0.0,0.0,0.0,0
32.0,6.0,0.0,0.0,0.0625,0.0,0.0,0.0,0
83.0,16.0,0.0,0.0,0.03614457831325301,0.0,0.0,0.0,0
70.0,14.0,0.0,0.0,0.014285714285714285,0.0,0.0,0.0,0
22.0,6.0,0.0,0.0,0.0,0.0,0.0,0.0,0
75.0,15.0,0.0,0.0,0.013333333333333334,0.0,0.0,0.0,0
31.0,6.0,0.0,0.0,0.03225806451612903,0.0,0.0,1.0,0
41.0,8.0,1.0,0.024390243902439025,0.024390243902439025,0.0,0.0,0.0,0
38.0,8.0,0.0,0.0,0.02631578947368421,0.0,0.0,0.0,0
73.0,14.0,1.0,0.0136986301369863,0.7534246575342466,4.0,0.0,0.0,0
32.0,7.0,0.0,0.0,0.03125,0.0,0.0,0.0,0
36.0,8.0,0.0,0.0,0.027777777777777776,0.0,0.0,0.0,0
88.0,20.0,1.0,0.011363636363636364,0.03409090909090909,0.0,0.0,0.0,0
156.0,28.0,1.0,0.00641025641025641,0.08974358974358974,1.0,0.0,0.0,0
84.0,17.0,0.0,0.0,0.023809523809523808,0.0,0.0,0.0,0
93.0,22.0,0.0,0.0,0.043010752688172046,0.0,0.0,0.0,0
54.0,12.0,0.0,0.0,0.018518518518518517,0.0,0.0,0.0,0
42.0,9.0,0.0,0.0,0.023809523809523808,0.0,0.0,0.0,0
30.0,6.0,0.0,0.0,0.06666666666666667,0.0,0.0,0.0,0
156.0,30.0,6.0,0.038461538461538464,0.07692307692307693,0.0,0.0,1.0,1
155.0,32.0,1.0,0.0064516129032258064,0.012903225806451613,0.0,0.0,1.0,0
29.0,4.0,0.0,0.0,0.034482758620689655,0.0,0.0,0.0,0
61.0,11.0,0.0,0.0,0.11475409836065574,0.0,0.0,0.0,0
149.0,23.0,25.0,0.16778523489932887,0.10738255033557047,3.0,0.0,4.0,1
60.0,11.0,0.0,0.0,0.05,0.0,0.0,0.0,0
123.0,29.0,1.0,0.008130081300813009,0.032520325203252036,0.0,0.0,1.0,0
76.0,16.0,0.0,0.0,0.05263157894736842,0.0,0.0,0.0,0
150.0,24.0,23.0,0.15333333333333332,0.20666666666666667,1.0,0.0,4.0,1
112.0,19.0,2.0,0.017857142857142856,0.026785714285714284,1.0,0.0,0.0,0
72.0,16.0,0.0,0.0,0.027777777777777776,0.0,0.0,0.0,0
23.0,6.0,0.0,0.0,0.043478260869565216,0.0,0.0,0.0,0
31.0,7.0,1.0,0.03225806451612903,0.06451612903225806,0.0,0.0,0.0,0
34.0,5.0,0.0,0.0,0.14705882352941177,0.0,0.0,0.0,0
78.0,16.0,0.0,0.0,0.02564102564102564,0.0,0.0,0.0,0
36.0,7.0,0.0,0.0,0.027777777777777776,0.0,0.0,1.0,0
23.0,5.0,0.0,0.0,0.043478260869565216,0.0,0.0,0.0,0
130.0,30.0,1.0,0.007692307692307693,0.03076923076923077,0.0,0.0,0.0,0
117.0,28.0,1.0,0.008547008547008548,0.02564102564102564,1.0,0.0,0.0,0
132.0,30.0,0.0,0.0,0.022727272727272728,0.0,0.0,0.0,0
47.0,8.0,0.0,0.0,0.02127659574468085,0.0,0.0,1.0,0
158.0,27.0,0.0,0.0,0.8037974683544303,1.0,0.0,0.0,0
39.0,9.0,0.0,0.0,0.07692307692307693,0.0,0.0,0.0,0
134.0,18.0,29.0,0.21641791044776118,0.12686567164179105,1.0,0.0,0.0,1
72.0,13.0,0.0,0.0,0.013888888888888888,0.0,0.0,1.0,0
38.0,8.0,0.0,0.0,0.02631578947368421,0.0,0.0,0.0,0
41.0,9.0,0.0,0.0,0.04878048780487805,0.0,0.0,0.0,0
35.0,7.0,0.0,0.0,0.0,0.0,0.0,0.0,0
32.0,5.0,0.0,0.0,0.0625,0.0,0.0,0.0,0
48.0,12.0,0.0,0.0,0.020833333333333332,0.0,0.0,1.0,0
338.0,69.0,1.0,0.0029585798816568047,0.011834319526627219,1.0,0.0,1.0,0
31.0,7.0,1.0,0.03225806451612903,0.03225806451612903,0.0,0.0,0.0,0
32.0,7.0,0.0,0.0,0.0625,0.0,0.0,0.0,0
106.0,27.0,0.0,0.0,0.02830188679245283,0.0,0.0,0.0,0
156.0,25.0,17.0,0.10897435897435898,0.02564102564102564,1.0,0.0,0.0,1
105.0,17.0,13.0,0.12380952380952381,0.06666666666666667,1.0,0.0,0.0,1
59.0,12.0,0.0,0.0,0.03389830508474576,0.0,0.0,0.0,0
111.0,21.0,0.0,0.0,0.036036036036036036,0.0,0.0,0.0,0
76.0,18.0,3.0,0.039473684210526314,0.02631578947368421,0.0,0.0,0.0,0
37.0,7.0,0.0,0.0,0.05405405405405406,0.0,0.0,0.0,0
42.0,8.0,0.0,0.0,0.07142857142857142,0.0,0.0,0.0,0
44.0,9.0,0.0,0.0,0.045454545454545456,0.0,0.0,0.0,0
30.0,6.0,0.0,0.0,0.03333333333333333,0.0,0.0,0.0,0
157.0,28.0,23.0,0.1464968152866242,0.01910828025477707,2.0,0.0,2.0,1
121.0,26.0,2.0,0.01652892561983471,0.024793388429752067,0.0,0.0,0.0,0
152.0,31.0,1.0,0.006578947368421052,0.046052631578947366,1.0,0.0,0.0,0
51.0,11.0,0.0,0.0,0.0392156862745098,0.0,0.0,0.0,0
126.0,22.0,0.0,0.0,0.015873015873015872,0.0,0.0,0.0,0
67.0,12.0,0.0,0.0,0.029850746268656716,0.0,0.0,0.0,0
57.0,12.0,0.0,0.0,0.017543859649122806,0.0,0.0,0.0,0
22.0,5.0,0.0,0.0,0.09090909090909091,0.0,0.0,0.0,0
17.0,3.0,0.0,0.0,0.058823529411764705,0.0,0.0,0.0,0
27.0,6.0,0.0,0.0,0.037037037037037035,0.0,0.0,0.0,0
151.0,25.0,12.0,0.07947019867549669,0.033112582781456956,2.0,1.0,0.0,1
175.0,31.0,0.0,0.0,0.02857142857142857,0.0,0.0,0.0,0
84.0,16.0,0.0,0.0,0.023809523809523808,0.0,0.0,0.0,0
40.0,8.0,0.0,0.0,0.05,0.0,0.0,1.0,0
151.0,24.0,25.0,0.16556291390728478,0.08609271523178808,1.0,0.0,1.0,1
39.0,9.0,0.0,0.0,0.02564102564102564,0.0,0.0,0.0,0
14.0,3.0,0.0,0.0,0.07142857142857142,0.0,0.0,0.0,0
142.0,17.0,35.0,0.24647887323943662,0.16901408450704225,4.0,0.0,1.0,1
109.0,20.0,0.0,0.0,0.01834862385321101,1.0,0.0,0.0,0
29.0,7.0,0.0,0.0,0.034482758620689655,0.0,0.0,0.0,0
92.0,19.0,0.0,0.0,0.021739130434782608,1.0,0.0,1.0,0
38.0,8.0,0.0,0.0,0.07894736842105263,0.0,0.0,1.0,0
144.0,31.0,0.0,0.0,0.034722222222222224,0.0,0.0,0.0,0
38.0,10.0,0.0,0.0,0.02631578947368421,0.0,0.0,0.0,0
43.0,10.0,0.0,0.0,0.06976744186046512,0.0,0.0,0.0,0
40.0,9.0,0.0,0.0,0.025,0.0,0.0,0.0,0
65.0,11.0,0.0,0.0,0.015384615384615385,0.0,0.0,0.0,0
29.0,7.0,0.0,0.0,0.034482758620689655,0.0,0.0,1.0,0
81.0,15.0,0.0,0.0,0.024691358024691357,0.0,0.0,0.0,0
52.0,10.0,0.0,0.0,0.038461538461538464,0.0,0.0,0.0,0
147.0,30.0,1.0,0.006802721088435374,0.013605442176870748,0.0,0.0,0.0,0
55.0,13.0,0.0,0.0,0.01818181818181818,0.0,0.0,0.0,0
41.0,9.0,1.0,0.024390243902439025,0.04878048780487805,1.0,0.0,0.0,0
157.0,26.0,19.0,0.12101910828025478,0.07643312101910828,4.0,0.0,3.0,1
158.0,28.0,0.0,0.0,0.02531645569620253,1.0,0.0,0.0,0
26.0,7.0,0.0,0.0,0.038461538461538464,0.0,0.0,0.0,0
17.0,3.0,0.0,0.0,0.058823529411764705,0.0,0.0,0.0,0
135.0,30.0,0.0,0.0,0.05925925925925926,0.0,0.0,0.0,0
28.0,5.0,0.0,0.0,0.03571428571428571,0.0,0.0,0.0,0
84.0,16.0,0.0,0.0,0.023809523809523808,0.0,0.0,0.0,0
158.0,26.0,30.0,0.189873417721519,0.1518987341772152,5.0,0.0,2.0,1
64.0,13.0,0.0,0.0,0.03125,1.0,0.0,0.0,0
61.0,12.0,1.0,0.01639344262295082,0.01639344262295082,0.0,0.0,0.0,0
124.0,19.0,11.0,0.08870967741935484,0.04032258064516129,0.0,0.0,1.0,1
29.0,7.0,0.0,0.0,0.06896551724137931,0.0,0.0,0.0,0
63.0,14.0,0.0,0.0,0.031746031746031744,0.0,0.0,0.0,0
34.0,5.0,0.0,0.0,0.029411764705882353,1.0,0.0,0.0,0
33.0,7.0,0.0,0.0,0.030303030303030304,0.0,0.0,0.0,0
159.0,31.0,1.0,0.006289308176100629,0.025157232704402517,0.0,0.0,0.0,0
73.0,16.0,0.0,0.0,0.0273972602739726,0.0,0.0,0.0,0
58.0,11.0,0.0,0.0,0.034482758620689655,0.0,0.0,0.0,0
66.0,13.0,0.0,0.0,0.045454545454545456,0.0,0.0,0.0,0
9.0,2.0,0.0,0.0,0.1111111111111111,0.0,0.0,0.0,0
23.0,5.0,0.0,0.0,0.043478260869565216,0.0,0.0,0.0,0
149.0,26.0,19.0,0.12751677852348994,0.06040268456375839,0.0,0.0,0.0,1
26.0,6.0,0.0,0.0,0.07692307692307693,0.0,0.0,0.0,0
117.0,26.0,1.0,0.008547008547008548,0.02564102564102564,0.0,0.0,0.0,0
43.0,10.0,0.0,0.0,0.023255813953488372,0.0,0.0,0.0,0
22.0,5.0,0.0,0.0,0.045454545454545456,0.0,0.0,0.0,0
134.0,28.0,0.0,0.0,0.03731343283582089,0.0,0.0,0.0,1
27.0,7.0,0.0,0.0,0.037037037037037035,0.0,0.0,0.0,0
47.0,10.0,0.0,0.0,0.0425531914893617,0.0,0.0,0.0,0
54.0,10.0,0.0,0.0,0.037037037037037035,0.0,0.0,0.0,0
33.0,7.0,0.0,0.0,0.06060606060606061,0.0,0.0,0.0,0
64.0,12.0,0.0,0.0,0.078125,1.0,0.0,0.0,0
26.0,5.0,1.0,0.038461538461538464,0.07692307692307693,0.0,0.0,0.0,0
61.0,11.0,0.0,0.0,0.08196721311475409,0.0,0.0,0.0,0
12.0,3.0,0.0,0.0,0.08333333333333333,0.0,0.0,0.0,0
79.0,14.0,0.0,0.0,0.012658227848101266,1.0,0.0,1.0,0
37.0,7.0,0.0,0.0,0.02702702702702703,0.0,0.0,0.0,0
31.0,9.0,0.0,0.0,0.03225806451612903,0.0,0.0,0.0,0
29.0,6.0,1.0,0.034482758620689655,0.034482758620689655,0.0,0.0,0.0,0
112.0,24.0,0.0,0.0,0.044642857142857144,0.0,0.0,1.0,0
46.0,10.0,1.0,0.021739130434782608,0.043478260869565216,0.0,0.0,0.0,0
35.0,7.0,0.0,0.0,0.02857142857142857,0.0,0.0,0.0,0
32.0,6.0,0.0,0.0,0.03125,0.0,0.0,1.0,0
65.0,14.0,0.0,0.0,0.03076923076923077,1.0,0.0,1.0,0
36.0,6.0,0.0,0.0,0.08333333333333333,0.0,0.0,0.0,0
35.0,9.0,2.0,0.05714285714285714,0.02857142857142857,0.0,0.0,0.0,0
31.0,8.0,0.0,0.0,0.03225806451612903,0.0,0.0,0.0,0
90.0,17.0,0.0,0.0,0.7888888888888889,0.0,0.0,1.0,0
109.0,23.0,0.0,0.0,0.06422018348623854,1.0,0.0,0.0,0
28.0,6.0,0.0,0.0,0.03571428571428571,0.0,0.0,0.0,0
25.0,7.0,1.0,0.04,0.04,0.0,0.0,0.0,0
59.0,15.0,2.0,0.03389830508474576,0.01694915254237288,0.0,0.0,0.0,0
27.0,5.0,0.0,0.0,0.037037037037037035,0.0,0.0,0.0,0
24.0,5.0,0.0,0.0,0.08333333333333333,0.0,0.0,0.0,0
47.0,9.0,0.0,0.0,0.02127659574468085,0.0,0.0,0.0,0
96.0,23.0,0.0,0.0,0.041666666666666664,0.0,0.0,0.0,0
48.0,9.0,0.0,0.0,0.020833333333333332,0.0,0.0,0.0,0
197.0,26.0,16.0,0.08121827411167512,0.04060913705583756,0.0,0.0,0.0,1
84.0,20.0,0.0,0.0,0.023809523809523808,0.0,0.0,0.0,0
22.0,4.0,0.0,0.0,0.09090909090909091,0.0,0.0,0.0,0
110.0,23.0,0.0,0.0,0.03636363636363636,1.0,0.0,1.0,0
46.0,11.0,0.0,0.0,0.021739130434782608,0.0,0.0,0.0,0
11.0,2.0,1.0,0.09090909090909091,0.09090909090909091,1.0,0.0,0.0,0
43.0,8.0,0.0,0.0,0.046511627906976744,0.0,0.0,0.0,0
33.0,7.0,0.0,0.0,0.030303030303030304,0.0,0.0,0.0,0
30.0,6.0,0.0,0.0,0.0,0.0,0.0,0.0,0
46.0,11.0,1.0,0.021739130434782608,0.021739130434782608,0.0,0.0,0.0,0
25.0,4.0,0.0,0.0,0.04,0.0,0.0,0.0,0
101.0,23.0,0.0,0.0,0.0297029702970297,0.0,0.0,0.0,0
157.0,26.0,33.0,0.21019108280254778,0.09554140127388536,1.0,0.0,0.0,1
42.0,7.0,12.0,0.2857142857142857,0.047619047619047616,0.0,0.0,0.0,1
49.0,1.0,4.0,0.08163265306122448,0.0,0.0,0.0,0.0,0
80.0,18.0,0.0,0.0,0.025,0.0,0.0,0.0,0
157.0,33.0,0.0,0.0,0.03184713375796178,0.0,0.0,1.0,0
24.0,5.0,0.0,0.0,0.041666666666666664,0.0,0.0,0.0,0
59.0,10.0,0.0,0.0,0.01694915254237288,0.0,0.0,0.0,0
55.0,12.0,0.0,0.0,0.03636363636363636,0.0,0.0,0.0,0
154.0,32.0,0.0,0.0,0.01948051948051948,0.0,0.0,0.0,0
51.0,10.0,0.0,0.0,0.0392156862745098,0.0,0.0,0.0,0
95.0,22.0,0.0,0.0,0.06315789473684211,1.0,0.0,0.0,0
24.0,4.0,0.0,0.0,0.041666666666666664,0.0,0.0,0.0,0
36.0,9.0,0.0,0.0,0.05555555555555555,0.0,0.0,0.0,0
38.0,8.0,0.0,0.0,0.02631578947368421,0.0,0.0,0.0,0
23.0,6.0,0.0,0.0,0.043478260869565216,0.0,0.0,0.0,0
55.0,10.0,0.0,0.0,0.03636363636363636,1.0,0.0,0.0,0
111.0,22.0,0.0,0.0,0.02702702702702703,0.0,0.0,0.0,0
64.0,12.0,0.0,0.0,0.03125,0.0,0.0,0.0,0
67.0,13.0,1.0,0.014925373134328358,0.0,0.0,0.0,0.0,0
100.0,23.0,0.0,0.0,0.01,0.0,0.0,0.0,0
156.0,32.0,15.0,0.09615384615384616,0.16666666666666666,1.0,0.0,1.0,1
90.0,17.0,0.0,0.0,0.022222222222222223,0.0,0.0,1.0,0
80.0,15.0,0.0,0.0,0.0625,0.0,0.0,0.0,0
159.0,25.0,19.0,0.11949685534591195,0.13836477987421383,1.0,0.0,1.0,1
28.0,5.0,0.0,0.0,0.03571428571428571,1.0,0.0,0.0,0
26.0,3.0,0.0,0.0,0.038461538461538464,0.0,0.0,0.0,0
22.0,7.0,0.0,0.0,0.0,0.0,0.0,0.0,0
51.0,12.0,0.0,0.0,0.0392156862745098,0.0,0.0,0.0,0
44.0,10.0,0.0,0.0,0.022727272727272728,0.0,0.0,0.0,0
77.0,19.0,2.0,0.025974025974025976,0.025974025974025976,0.0,0.0,0.0,0
34.0,8.0,0.0,0.0,0.029411764705882353,0.0,0.0,0.0,0
72.0,16.0,0.0,0.0,0.013888888888888888,0.0,0.0,0.0,0
28.0,6.0,0.0,0.0,0.03571428571428571,0.0,0.0,0.0,0
25.0,5.0,0.0,0.0,0.08,0.0,0.0,0.0,0
30.0,7.0,1.0,0.03333333333333333,0.06666666666666667,0.0,0.0,0.0,0
88.0,20.0,1.0,0.011363636363636364,0.022727272727272728,0.0,0.0,0.0,0
73.0,15.0,0.0,0.0,0.0273972602739726,0.0,0.0,0.0,0
140.0,25.0,0.0,0.0,0.02857142857142857,0.0,0.0,0.0,0
78.0,14.0,2.0,0.02564102564102564,0.02564102564102564,0.0,0.0,0.0,0
84.0,14.0,0.0,0.0,0.023809523809523808,0.0,0.0,0.0,0
148.0,22.0,28.0,0.1891891891891892,0.10810810810810811,0.0,0.0,1.0,1
32.0,6.0,0.0,0.0,0.03125,0.0,0.0,0.0,0
23.0,6.0,0.0,0.0,0.043478260869565216,0.0,0.0,0.0,0
26.0,4.0,0.0,0.0,0.038461538461538464,0.0,0.0,0.0,0
28.0,4.0,0.0,0.0,0.03571428571428571,0.0,0.0,0.0,0
94.0,16.0,0.0,0.0,0.02127659574468085,0.0,0.0,0.0,0
37.0,8.0,0.0,0.0,0.02702702702702703,0.0,0.0,0.0,0
171.0,36.0,0.0,0.0,0.017543859649122806,0.0,0.0,1.0,0
159.0,27.0,19.0,0.11949685534591195,0.07547169811320754,1.0,0.0,1.0,1
95.0,20.0,0.0,0.0,0.042105263157894736,0.0,0.0,0.0,0
31.0,7.0,1.0,0.03225806451612903,0.03225806451612903,0.0,0.0,0.0,0
166.0,36.0,2.0,0.012048192771084338,0.05421686746987952,0.0,0.0,0.0,0
36.0,8.0,0.0,0.0,0.05555555555555555,0.0,0.0,0.0,0
179.0,34.0,0.0,0.0,0.01675977653631285,1.0,0.0,0.0,0
40.0,8.0,0.0,0.0,0.025,0.0,0.0,0.0,0
50.0,11.0,0.0,0.0,0.04,0.0,0.0,0.0,0
33.0,5.0,0.0,0.0,0.030303030303030304,0.0,0.0,0.0,0
53.0,10.0,0.0,0.0,0.018867924528301886,0.0,0.0,0.0,0
114.0,25.0,16.0,0.14035087719298245,0.09649122807017543,1.0,0.0,0.0,1
39.0,9.0,0.0,0.0,0.05128205128205128,0.0,0.0,0.0,0
41.0,7.0,0.0,0.0,0.04878048780487805,0.0,0.0,0.0,0
158.0,34.0,0.0,0.0,0.04430379746835443,2.0,0.0,0.0,0
22.0,5.0,0.0,0.0,0.045454545454545456,0.0,0.0,1.0,0
70.0,15.0,0.0,0.0,0.014285714285714285,0.0,0.0,0.0,0
90.0,19.0,0.0,0.0,0.044444444444444446,0.0,0.0,0.0,0
43.0,9.0,0.0,0.0,0.06976744186046512,1.0,0.0,0.0,0
39.0,9.0,0.0,0.0,0.05128205128205128,0.0,0.0,0.0,0
44.0,10.0,0.0,0.0,0.022727272727272728,0.0,0.0,0.0,0
149.0,21.0,27.0,0.18120805369127516,0.1610738255033557,2.0,0.0,2.0,1
156.0,25.0,22.0,0.14102564102564102,0.10256410256410256,2.0,0.0,1.0,1
42.0,9.0,0.0,0.0,0.023809523809523808,0.0,0.0,0.0,0
193.0,39.0,0.0,0.0,0.06217616580310881,0.0,0.0,0.0,0
66.0,13.0,0.0,0.0,0.030303030303030304,0.0,0.0,0.0,0
153.0,32.0,0.0,0.0,0.0392156862745098,0.0,0.0,0.0,0
125.0,30.0,1.0,0.008,0.032,0.0,0.0,0.0,0
140.0,24.0,4.0,0.02857142857142857,0.05714285714285714,0.0,0.0,1.0,1
50.0,10.0,0.0,0.0,0.04,0.0,0.0,0.0,0
64.0,17.0,1.0,0.015625,0.015625,0.0,0.0,0.0,0
150.0,28.0,16.0,0.10666666666666667,0.12,0.0,0.0,1.0,1
42.0,8.0,0.0,0.0,0.023809523809523808,0.0,0.0,0.0,0
133.0,27.0,0.0,0.0,0.03759398496240601,2.0,0.0,1.0,0
25.0,7.0,0.0,0.0,0.04,0.0,0.0,0.0,0
157.0,27.0,13.0,0.08280254777070063,0.08280254777070063,2.0,0.0,0.0,1
96.0,21.0,0.0,0.0,0.020833333333333332,0.0,0.0,0.0,0
90.0,20.0,0.0,0.0,0.022222222222222223,0.0,0.0,0.0,0
114.0,24.0,0.0,0.0,0.03508771929824561,0.0,0.0,0.0,0
42.0,8.0,0.0,0.0,0.023809523809523808,0.0,0.0,0.0,0
72.0,15.0,1.0,0.013888888888888888,0.027777777777777776,0.0,0.0,0.0,0
39.0,8.0,0.0,0.0,0.05128205128205128,0.0,0.0,0.0,0
115.0,22.0,0.0,0.0,0.017391304347826087,1.0,0.0,0.0,0
134.0,21.0,0.0,0.0,0.029850746268656716,0.0,0.0,0.0,0
101.0,18.0,0.0,0.0,0.0297029702970297,0.0,0.0,0.0,0
23.0,6.0,0.0,0.0,0.043478260869565216,0.0,0.0,0.0,0
155.0,41.0,12.0,0.07741935483870968,0.025806451612903226,0.0,0.0,0.0,0
111.0,24.0,0.0,0.0,0.02702702702702703,0.0,0.0,0.0,0
42.0,9.0,0.0,0.0,0.047619047619047616,0.0,0.0,0.0,0
159.0,26.0,15.0,0.09433962264150944,0.07547169811320754,0.0,0.0,0.0,1
37.0,6.0,0.0,0.0,0.02702702702702703,0.0,0.0,0.0,0
35.0,6.0,0.0,0.0,0.02857142857142857,0.0,0.0,0.0,0
39.0,8.0,0.0,0.0,0.05128205128205128,0.0,0.0,0.0,0
38.0,9.0,0.0,0.0,0.05263157894736842,0.0,0.0,1.0,0
57.0,11.0,0.0,0.0,0.03508771929824561,0.0,0.0,0.0,0
59.0,12.0,0.0,0.0,0.01694915254237288,0.0,0.0,0.0,0
94.0,19.0,0.0,0.0,0.031914893617021274,0.0,0.0,1.0,0
135.0,23.0,15.0,0.1111111111111111,0.1925925925925926,1.0,0.0,4.0,1
22.0,6.0,1.0,0.045454545454545456,0.045454545454545456,0.0,0.0,0.0,0
17.0,4.0,0.0,0.0,0.058823529411764705,0.0,0.0,0.0,0
147.0,27.0,25.0,0.17006802721088435,0.16326530612244897,0.0,0.0,0.0,1
149.0,27.0,1.0,0.006711409395973154,0.040268456375838924,2.0,0.0,0.0,0
74.0,13.0,0.0,0.0,0.05405405405405406,0.0,0.0,0.0,0
21.0,3.0,0.0,0.0,0.09523809523809523,0.0,0.0,0.0,0
82.0,19.0,2.0,0.024390243902439025,0.024390243902439025,0.0,0.0,0.0,0
7.0,2.0,0.0,0.0,0.14285714285714285,0.0,0.0,0.0,0
152.0,23.0,24.0,0.15789473684210525,0.125,2.0,0.0,1.0,1
30.0,6.0,0.0,0.0,0.06666666666666667,0.0,0.0,0.0,0
40.0,8.0,0.0,0.0,0.075,0.0,0.0,0.0,0
74.0,18.0,1.0,0.013513513513513514,0.02702702702702703,0.0,0.0,0.0,0
13.0,3.0,0.0,0.0,0.07692307692307693,0.0,0.0,0.0,0
138.0,30.0,0.0,0.0,0.028985507246376812,0.0,0.0,1.0,0
147.0,25.0,15.0,0.10204081632653061,0.034013605442176874,0.0,0.0,1.0,1
68.0,16.0,1.0,0.014705882352941176,0.014705882352941176,0.0,0.0,0.0,0
123.0,21.0,0.0,0.0,0.04065040650406504,1.0,0.0,0.0,0
47.0,9.0,0.0,0.0,0.02127659574468085,0.0,0.0,0.0,0
47.0,8.0,0.0,0.0,0.02127659574468085,1.0,0.0,0.0,0
67.0,15.0,0.0,0.0,0.029850746268656716,1.0,0.0,1.0,0
58.0,12.0,0.0,0.0,0.034482758620689655,1.0,0.0,0.0,0
70.0,13.0,0.0,0.0,0.02857142857142857,1.0,0.0,0.0,0
144.0,27.0,0.0,0.0,0.013888888888888888,0.0,0.0,0.0,0
37.0,5.0,0.0,0.0,0.21621621621621623,0.0,0.0,0.0,0
64.0,13.0,0.0,0.0,0.046875,0.0,0.0,0.0,0
226.0,42.0,0.0,0.0,0.004424778761061947,0.0,0.0,0.0,0
29.0,6.0,0.0,0.0,0.06896551724137931,0.0,0.0,0.0,0
38.0,8.0,0.0,0.0,0.02631578947368421,1.0,0.0,0.0,0
62.0,12.0,0.0,0.0,0.03225806451612903,1.0,0.0,0.0,0
148.0,25.0,15.0,0.10135135135135136,0.25675675675675674,3.0,0.0,1.0,1
119.0,26.0,0.0,0.0,0.008403361344537815,3.0,0.0,0.0,0
40.0,8.0,0.0,0.0,0.025,0.0,0.0,0.0,0
111.0,25.0,0.0,0.0,0.018018018018018018,0.0,0.0,0.0,0
88.0,17.0,0.0,0.0,0.03409090909090909,0.0,0.0,0.0,0
95.0,19.0,1.0,0.010526315789473684,0.021052631578947368,2.0,0.0,1.0,0
39.0,6.0,0.0,0.0,0.02564102564102564,1.0,0.0,0.0,0
111.0,23.0,0.0,0.0,0.036036036036036036,1.0,0.0,1.0,0
58.0,10.0,0.0,0.0,0.06896551724137931,0.0,0.0,0.0,0
133.0,25.0,18.0,0.13533834586466165,0.15789473684210525,2.0,0.0,2.0,1
48.0,8.0,0.0,0.0,0.020833333333333332,0.0,0.0,0.0,0
145.0,24.0,22.0,0.15172413793103448,0.034482758620689655,2.0,0.0,2.0,1
141.0,30.0,0.0,0.0,0.0425531914893617,0.0,0.0,0.0,0
103.0,19.0,0.0,0.0,0.038834951456310676,2.0,0.0,0.0,0
22.0,5.0,0.0,0.0,0.09090909090909091,1.0,0.0,0.0,0
64.0,10.0,0.0,0.0,0.015625,0.0,0.0,0.0,0
37.0,8.0,0.0,0.0,0.02702702702702703,0.0,0.0,0.0,0
162.0,29.0,0.0,0.0,0.06172839506172839,0.0,0.0,0.0,0
103.0,22.0,2.0,0.019417475728155338,0.02912621359223301,0.0,0.0,0.0,0
230.0,42.0,0.0,0.0,0.021739130434782608,0.0,0.0,0.0,0
37.0,8.0,0.0,0.0,0.02702702702702703,0.0,0.0,0.0,0
73.0,13.0,2.0,0.0273972602739726,0.0410958904109589,0.0,0.0,0.0,1
158.0,25.0,27.0,0.17088607594936708,0.189873417721519,3.0,0.0,1.0,1
23.0,5.0,0.0,0.0,0.043478260869565216,0.0,0.0,0.0,0
46.0,10.0,0.0,0.0,0.043478260869565216,0.0,0.0,0.0,0
145.0,30.0,0.0,0.0,0.041379310344827586,0.0,0.0,1.0,0
158.0,20.0,3.0,0.0189873417721519,0.006329113924050633,2.0,0.0,0.0,0
158.0,29.0,27.0,0.17088607594936708,0.08227848101265822,1.0,0.0,0.0,1
58.0,10.0,0.0,0.0,0.017241379310344827,0.0,0.0,0.0,0
94.0,22.0,0.0,0.0,0.031914893617021274,0.0,0.0,0.0,0
27.0,6.0,0.0,0.0,0.07407407407407407,0.0,0.0,0.0,0
83.0,17.0,0.0,0.0,0.024096385542168676,0.0,0.0,0.0,0
105.0,18.0,0.0,0.0,0.01904761904761905,1.0,0.0,0.0,0
29.0,7.0,0.0,0.0,0.034482758620689655,0.0,0.0,0.0,0
62.0,11.0,0.0,0.0,0.03225806451612903,0.0,0.0,0.0,0
77.0,13.0,0.0,0.0,0.03896103896103896,1.0,0.0,0.0,0
154.0,35.0,1.0,0.006493506493506494,0.01948051948051948,1.0,0.0,0.0,0
120.0,28.0,3.0,0.025,0.7,2.0,0.0,0.0,0
157.0,24.0,28.0,0.17834394904458598,0.05732484076433121,2.0,0.0,1.0,1
165.0,32.0,1.0,0.006060606060606061,0.03636363636363636,1.0,0.0,0.0,0
42.0,8.0,0.0,0.0,0.047619047619047616,0.0,0.0,0.0,0
32.0,7.0,0.0,0.0,0.0625,0.0,0.0,0.0,0
53.0,14.0,2.0,0.03773584905660377,0.018867924528301886,0.0,0.0,0.0,0
32.0,8.0,0.0,0.0,0.03125,0.0,0.0,1.0,0
54.0,11.0,0.0,0.0,0.018518518518518517,0.0,0.0,1.0,0
44.0,8.0,0.0,0.0,0.022727272727272728,0.0,0.0,0.0,0
163.0,32.0,1.0,0.006134969325153374,0.012269938650306749,1.0,0.0,0.0,0
87.0,19.0,8.0,0.09195402298850575,0.034482758620689655,0.0,0.0,0.0,0
30.0,7.0,0.0,0.0,0.03333333333333333,0.0,0.0,0.0,0
135.0,25.0,0.0,0.0,0.02962962962962963,0.0,0.0,0.0,0
62.0,14.0,1.0,0.016129032258064516,0.04838709677419355,0.0,0.0,0.0,0
33.0,7.0,0.0,0.0,0.030303030303030304,0.0,0.0,1.0,0
32.0,7.0,0.0,0.0,0.03125,0.0,0.0,1.0,0
153.0,26.0,19.0,0.12418300653594772,0.1830065359477124,1.0,0.0,1.0,1
8.0,1.0,0.0,0.0,0.125,0.0,0.0,0.0,0
119.0,17.0,0.0,0.0,0.8319327731092437,1.0,0.0,0.0,0
23.0,6.0,0.0,0.0,0.043478260869565216,0.0,0.0,0.0,0
131.0,29.0,0.0,0.0,0.07633587786259542,10.0,0.0,0.0,0
329.0,62.0,1.0,0.00303951367781155,0.0182370820668693,0.0,0.0,0.0,0
83.0,20.0,0.0,0.0,0.03614457831325301,0.0,0.0,0.0,0
155.0,26.0,20.0,0.12903225806451613,0.25806451612903225,3.0,1.0,3.0,1
137.0,23.0,22.0,0.16058394160583941,0.029197080291970802,3.0,0.0,1.0,1
30.0,7.0,0.0,0.0,0.03333333333333333,0.0,0.0,0.0,0
42.0,9.0,0.0,0.0,0.047619047619047616,0.0,0.0,0.0,0
119.0,26.0,11.0,0.09243697478991597,0.2605042016806723,3.0,0.0,1.0,1
72.0,11.0,11.0,0.1527777777777778,0.027777777777777776,0.0,0.0,0.0,1
94.0,22.0,2.0,0.02127659574468085,0.05319148936170213,0.0,0.0,0.0,0
147.0,28.0,0.0,0.0,0.034013605442176874,3.0,0.0,0.0,0
62.0,14.0,0.0,0.0,0.04838709677419355,0.0,0.0,0.0,0
52.0,8.0,0.0,0.0,0.019230769230769232,0.0,0.0,0.0,0
65.0,14.0,0.0,0.0,0.03076923076923077,0.0,0.0,0.0,0
32.0,7.0,0.0,0.0,0.03125,0.0,0.0,1.0,0
77.0,18.0,0.0,0.0,0.03896103896103896,0.0,0.0,0.0,0
71.0,16.0,0.0,0.0,0.04225352112676056,0.0,0.0,0.0,0
44.0,8.0,0.0,0.0,0.06818181818181818,0.0,0.0,0.0,0
78.0,19.0,0.0,0.0,0.01282051282051282,0.0,0.0,0.0,0
24.0,5.0,0.0,0.0,0.041666666666666664,0.0,0.0,0.0,0
71.0,16.0,2.0,0.028169014084507043,0.014084507042253521,0.0,0.0,0.0,0
143.0,22.0,7.0,0.04895104895104895,0.07692307692307693,0.0,2.0,1.0,1
80.0,17.0,0.0,0.0,0.025,0.0,0.0,0.0,0
160.0,28.0,18.0,0.1125,0.15625,1.0,0.0,0.0,1
27.0,5.0,0.0,0.0,0.037037037037037035,0.0,0.0,0.0,0
89.0,15.0,0.0,0.0,0.02247191011235955,3.0,0.0,0.0,0
152.0,27.0,4.0,0.02631578947368421,0.75,2.0,0.0,0.0,0
33.0,5.0,0.0,0.0,0.06060606060606061,0.0,0.0,0.0,0
40.0,8.0,0.0,0.0,0.025,0.0,0.0,0.0,0
32.0,6.0,0.0,0.0,0.03125,0.0,0.0,0.0,0
126.0,21.0,17.0,0.1349206349206349,0.10317460317460317,2.0,0.0,2.0,1
67.0,13.0,0.0,0.0,0.14925373134328357,0.0,0.0,0.0,0
48.0,8.0,0.0,0.0,0.0625,0.0,0.0,1.0,0
146.0,35.0,0.0,0.0,0.03424657534246575,1.0,0.0,0.0,0
90.0,19.0,0.0,0.0,0.022222222222222223,1.0,0.0,0.0,0
39.0,6.0,0.0,0.0,0.02564102564102564,0.0,0.0,0.0,0
147.0,24.0,0.0,0.0,0.027210884353741496,0.0,0.0,0.0,0
63.0,12.0,1.0,0.015873015873015872,0.047619047619047616,0.0,0.0,0.0,0
132.0,21.0,14.0,0.10606060606060606,0.030303030303030304,0.0,0.0,0.0,1
415.0,88.0,0.0,0.0,0.03855421686746988,0.0,0.0,0.0,0
45.0,9.0,0.0,0.0,0.044444444444444446,0.0,0.0,0.0,0
135.0,20.0,28.0,0.2074074074074074,0.1259259259259259,1.0,0.0,0.0,1
129.0,29.0,2.0,0.015503875968992248,0.03875968992248062,1.0,0.0,0.0,0
113.0,20.0,0.0,0.0,0.04424778761061947,0.0,0.0,0.0,0
37.0,7.0,0.0,0.0,0.02702702702702703,0.0,0.0,0.0,0
24.0,5.0,0.0,0.0,0.041666666666666664,0.0,0.0,0.0,0
31.0,6.0,0.0,0.0,0.03225806451612903,1.0,0.0,0.0,0
160.0,23.0,26.0,0.1625,0.18125,3.0,0.0,2.0,1
25.0,4.0,0.0,0.0,0.04,0.0,0.0,0.0,0
40.0,7.0,0.0,0.0,0.0,0.0,0.0,0.0,0
16.0,4.0,0.0,0.0,0.0625,0.0,0.0,1.0,0
55.0,14.0,2.0,0.03636363636363636,0.03636363636363636,0.0,0.0,0.0,0
28.0,5.0,0.0,0.0,0.03571428571428571,0.0,0.0,0.0,0
22.0,4.0,0.0,0.0,0.045454545454545456,1.0,0.0,0.0,0
78.0,14.0,0.0,0.0,0.02564102564102564,0.0,0.0,0.0,0
51.0,12.0,0.0,0.0,0.058823529411764705,0.0,0.0,0.0,0
137.0,28.0,0.0,0.0,0.0072992700729927005,0.0,0.0,0.0,0
41.0,8.0,0.0,0.0,0.024390243902439025,0.0,0.0,0.0,0
131.0,25.0,0.0,0.0,0.030534351145038167,0.0,0.0,0.0,0
154.0,29.0,0.0,0.0,0.07142857142857142,1.0,0.0,0.0,1
66.0,14.0,0.0,0.0,0.030303030303030304,0.0,0.0,0.0,0
37.0,8.0,0.0,0.0,0.02702702702702703,0.0,0.0,0.0,0
33.0,7.0,0.0,0.0,0.06060606060606061,0.0,0.0,0.0,0
29.0,9.0,2.0,0.06896551724137931,0.034482758620689655,0.0,0.0,0.0,0
157.0,26.0,0.0,0.0,0.09554140127388536,0.0,0.0,0.0,0
81.0,12.0,0.0,0.0,0.037037037037037035,0.0,0.0,0.0,0
100.0,18.0,0.0,0.0,0.06,0.0,0.0,0.0,0
154.0,30.0,0.0,0.0,0.032467532467532464,0.0,0.0,0.0,0
28.0,5.0,0.0,0.0,0.03571428571428571,0.0,0.0,0.0,0
92.0,20.0,0.0,0.0,0.043478260869565216,0.0,0.0,1.0,0
51.0,9.0,0.0,0.0,0.0196078431372549,0.0,0.0,0.0,0
32.0,7.0,0.0,0.0,0.03125,0.0,0.0,0.0,0
54.0,11.0,0.0,0.0,0.018518518518518517,0.0,0.0,0.0,0
54.0,15.0,1.0,0.018518518518518517,0.05555555555555555,0.0,0.0,0.0,0
80.0,21.0,2.0,0.025,0.0375,0.0,0.0,1.0,0
255.0,49.0,0.0,0.0,0.0196078431372549,0.0,0.0,0.0,0
41.0,8.0,0.0,0.0,0.024390243902439025,0.0,0.0,0.0,0
70.0,14.0,0.0,0.0,0.014285714285714285,1.0,0.0,0.0,0
100.0,19.0,0.0,0.0,0.03,1.0,0.0,0.0,0
140.0,26.0,0.0,0.0,0.02857142857142857,0.0,0.0,0.0,0
65.0,13.0,0.0,0.0,0.03076923076923077,0.0,0.0,0.0,0
65.0,12.0,0.0,0.0,0.015384615384615385,0.0,0.0,0.0,0
235.0,46.0,1.0,0.00425531914893617,0.03829787234042553,0.0,0.0,1.0,0
55.0,9.0,0.0,0.0,0.14545454545454545,0.0,0.0,1.0,0
141.0,26.0,25.0,0.1773049645390071,0.1276595744680851,1.0,1.0,0.0,1
175.0,34.0,0.0,0.0,0.022857142857142857,2.0,0.0,0.0,0
52.0,11.0,0.0,0.0,0.019230769230769232,0.0,0.0,0.0,0
237.0,48.0,0.0,0.0,0.02531645569620253,0.0,0.0,0.0,0
121.0,21.0,0.0,0.0,0.03305785123966942,0.0,0.0,0.0,0
44.0,9.0,0.0,0.0,0.06818181818181818,1.0,0.0,0.0,0
14.0,2.0,0.0,0.0,0.14285714285714285,0.0,0.0,0.0,0
60.0,12.0,0.0,0.0,0.7166666666666667,0.0,0.0,0.0,0
297.0,64.0,0.0,0.0,0.020202020202020204,1.0,0.0,0.0,0
40.0,6.0,0.0,0.0,0.025,0.0,0.0,0.0,0
33.0,6.0,11.0,0.3333333333333333,0.30303030303030304,1.0,0.0,1.0,1
96.0,19.0,0.0,0.0,0.03125,0.0,0.0,0.0,0
47.0,9.0,0.0,0.0,0.0425531914893617,0.0,0.0,0.0,0
59.0,14.0,0.0,0.0,0.05084745762711865,0.0,0.0,0.0,0
76.0,14.0,0.0,0.0,0.02631578947368421,0.0,0.0,1.0,0
48.0,8.0,0.0,0.0,0.020833333333333332,0.0,0.0,0.0,0
38.0,7.0,0.0,0.0,0.02631578947368421,0.0,0.0,0.0,0
25.0,6.0,0.0,0.0,0.04,0.0,0.0,0.0,0
46.0,7.0,0.0,0.0,0.021739130434782608,1.0,0.0,0.0,0
63.0,7.0,0.0,0.0,0.015873015873015872,0.0,0.0,0.0,0
77.0,15.0,0.0,0.0,0.012987012987012988,0.0,0.0,0.0,0
38.0,7.0,0.0,0.0,0.02631578947368421,1.0,0.0,0.0,0
97.0,18.0,0.0,0.0,0.020618556701030927,0.0,0.0,1.0,0
36.0,10.0,2.0,0.05555555555555555,0.027777777777777776,0.0,0.0,0.0,0
202.0,34.0,0.0,0.0,0.1188118811881188,0.0,0.0,0.0,0
27.0,6.0,0.0,0.0,0.037037037037037035,0.0,0.0,0.0,0
23.0,4.0,0.0,0.0,0.043478260869565216,0.0,0.0,0.0,0
29.0,8.0,0.0,0.0,0.034482758620689655,0.0,0.0,0.0,0
36.0,6.0,0.0,0.0,0.027777777777777776,1.0,0.0,0.0,0
58.0,10.0,0.0,0.0,0.034482758620689655,2.0,0.0,0.0,0
38.0,7.0,0.0,0.0,0.02631578947368421,0.0,0.0,1.0,0
24.0,5.0,0.0,0.0,0.041666666666666664,0.0,0.0,0.0,0
30.0,5.0,0.0,0.0,0.03333333333333333,0.0,0.0,0.0,0
51.0,10.0,2.0,0.0392156862745098,0.0392156862745098,0.0,0.0,0.0,0
65.0,13.0,0.0,0.0,0.015384615384615385,0.0,0.0,0.0,0
22.0,6.0,0.0,0.0,0.045454545454545456,0.0,0.0,0.0,0
145.0,23.0,0.0,0.0,0.08275862068965517,0.0,0.0,0.0,0
130.0,22.0,0.0,0.0,0.007692307692307693,0.0,0.0,0.0,0
83.0,17.0,0.0,0.0,0.07228915662650602,0.0,0.0,0.0,0
120.0,16.0,0.0,0.0,0.05,0.0,0.0,0.0,0
77.0,18.0,0.0,0.0,0.03896103896103896,0.0,0.0,0.0,0
24.0,5.0,0.0,0.0,0.041666666666666664,0.0,0.0,0.0,0
45.0,8.0,0.0,0.0,0.044444444444444446,0.0,0.0,0.0,0
46.0,9.0,0.0,0.0,0.021739130434782608,0.0,0.0,0.0,0
91.0,18.0,2.0,0.02197802197802198,0.02197802197802198,0.0,0.0,0.0,0
38.0,7.0,0.0,0.0,0.02631578947368421,0.0,0.0,0.0,0
77.0,13.0,0.0,0.0,0.03896103896103896,0.0,0.0,0.0,0
27.0,7.0,3.0,0.1111111111111111,0.037037037037037035,0.0,0.0,0.0,0
38.0,6.0,0.0,0.0,0.02631578947368421,0.0,0.0,0.0,0
34.0,8.0,0.0,0.0,0.029411764705882353,0.0,0.0,0.0,0
72.0,18.0,0.0,0.0,0.013888888888888888,0.0,0.0,0.0,0
79.0,15.0,0.0,0.0,0.012658227848101266,0.0,0.0,0.0,0
43.0,8.0,0.0,0.0,0.046511627906976744,1.0,0.0,0.0,0
37.0,8.0,0.0,0.0,0.10810810810810811,0.0,0.0,0.0,0
25.0,7.0,2.0,0.08,0.04,0.0,0.0,0.0,0
64.0,13.0,0.0,0.0,0.0625,0.0,0.0,0.0,0
57.0,12.0,0.0,0.0,0.05263157894736842,0.0,0.0,0.0,0
52.0,9.0,4.0,0.07692307692307693,0.038461538461538464,0.0,0.0,0.0,0
115.0,28.0,0.0,0.0,0.02608695652173913,0.0,0.0,0.0,0
34.0,5.0,0.0,0.0,0.029411764705882353,0.0,0.0,0.0,0
21.0,5.0,0.0,0.0,0.09523809523809523,1.0,0.0,0.0,0
57.0,12.0,1.0,0.017543859649122806,0.03508771929824561,0.0,0.0,0.0,0
36.0,7.0,0.0,0.0,0.027777777777777776,1.0,0.0,0.0,0
86.0,13.0,16.0,0.18604651162790697,0.05813953488372093,2.0,0.0,2.0,1
114.0,21.0,1.0,0.008771929824561403,0.7894736842105263,2.0,0.0,0.0,0
142.0,21.0,31.0,0.21830985915492956,0.14084507042253522,3.0,1.0,0.0,1
23.0,5.0,0.0,0.0,0.043478260869565216,0.0,0.0,0.0,0
131.0,25.0,19.0,0.1450381679389313,0.08396946564885496,1.0,0.0,0.0,1
133.0,17.0,27.0,0.20300751879699247,0.12781954887218044,1.0,0.0,0.0,1
111.0,15.0,23.0,0.2072072072072072,0.05405405405405406,0.0,0.0,2.0,1
56.0,14.0,1.0,0.017857142857142856,0.017857142857142856,0.0,0.0,0.0,0
27.0,4.0,0.0,0.0,0.037037037037037035,0.0,0.0,0.0,0
104.0,20.0,0.0,0.0,0.019230769230769232,0.0,0.0,0.0,0
157.0,28.0,9.0,0.05732484076433121,0.21019108280254778,2.0,0.0,0.0,1
146.0,22.0,28.0,0.1917808219178082,0.0821917808219178,0.0,0.0,1.0,1
66.0,16.0,0.0,0.0,0.030303030303030304,0.0,0.0,1.0,0
29.0,7.0,0.0,0.0,0.034482758620689655,0.0,0.0,0.0,0
114.0,24.0,0.0,0.0,0.03508771929824561,0.0,0.0,0.0,0
92.0,21.0,0.0,0.0,0.010869565217391304,0.0,0.0,0.0,0
75.0,14.0,0.0,0.0,0.02666666666666667,0.0,0.0,0.0,0
51.0,11.0,0.0,0.0,0.0196078431372549,0.0,0.0,0.0,0
135.0,26.0,0.0,0.0,0.022222222222222223,2.0,0.0,0.0,0
73.0,10.0,0.0,0.0,0.0136986301369863,3.0,0.0,0.0,0
43.0,9.0,0.0,0.0,0.046511627906976744,0.0,0.0,0.0,0
29.0,8.0,0.0,0.0,0.034482758620689655,0.0,0.0,0.0,0
79.0,17.0,0.0,0.0,0.02531645569620253,0.0,0.0,0.0,0
121.0,27.0,2.0,0.01652892561983471,0.7272727272727273,0.0,0.0,1.0,0
46.0,10.0,0.0,0.0,0.021739130434782608,0.0,0.0,0.0,0
147.0,28.0,0.0,0.0,0.02040816326530612,2.0,0.0,1.0,0
37.0,7.0,0.0,0.0,0.02702702702702703,0.0,0.0,0.0,0
149.0,28.0,18.0,0.12080536912751678,0.0738255033557047,0.0,0.0,0.0,1
69.0,16.0,0.0,0.0,0.0,0.0,0.0,0.0,0
28.0,5.0,0.0,0.0,0.03571428571428571,1.0,0.0,0.0,0
38.0,7.0,0.0,0.0,0.02631578947368421,0.0,0.0,0.0,0
97.0,18.0,0.0,0.0,0.08247422680412371,0.0,0.0,0.0,0
142.0,24.0,0.0,0.0,0.06338028169014084,1.0,0.0,0.0,0
83.0,16.0,0.0,0.0,0.024096385542168676,0.0,0.0,0.0,0
46.0,10.0,0.0,0.0,0.043478260869565216,0.0,0.0,0.0,0
22.0,6.0,1.0,0.045454545454545456,0.045454545454545456,0.0,0.0,0.0,0
107.0,20.0,0.0,0.0,0.028037383177570093,0.0,0.0,0.0,0
161.0,30.0,0.0,0.0,0.006211180124223602,0.0,0.0,0.0,0
38.0,8.0,0.0,0.0,0.02631578947368421,0.0,0.0,0.0,0
47.0,8.0,12.0,0.2553191489361702,0.0425531914893617,0.0,0.0,0.0,1
148.0,21.0,40.0,0.2702702702702703,0.11486486486486487,1.0,0.0,0.0,1
74.0,18.0,1.0,0.013513513513513514,0.02702702702702703,0.0,0.0,0.0,0
100.0,20.0,2.0,0.02,0.76,0.0,0.0,0.0,0
19.0,4.0,0.0,0.0,0.7894736842105263,0.0,0.0,0.0,0
23.0,2.0,0.0,0.0,0.043478260869565216,0.0,0.0,0.0,0
39.0,9.0,0.0,0.0,0.05128205128205128,0.0,0.0,0.0,0
38.0,6.0,0.0,0.0,0.07894736842105263,0.0,0.0,0.0,0
106.0,22.0,0.0,0.0,0.018867924528301886,0.0,0.0,0.0,0
73.0,14.0,0.0,0.0,0.1643835616438356,0.0,0.0,0.0,0
26.0,6.0,0.0,0.0,0.038461538461538464,0.0,0.0,0.0,0
52.0,9.0,0.0,0.0,0.038461538461538464,0.0,0.0,0.0,0
162.0,37.0,0.0,0.0,0.012345679012345678,0.0,0.0,0.0,0
41.0,8.0,0.0,0.0,0.04878048780487805,1.0,0.0,0.0,0
23.0,5.0,0.0,0.0,0.043478260869565216,0.0,0.0,0.0,0
125.0,22.0,0.0,0.0,0.12,2.0,0.0,0.0,0
38.0,6.0,0.0,0.0,0.05263157894736842,1.0,0.0,0.0,0
45.0,10.0,0.0,0.0,0.044444444444444446,1.0,0.0,0.0,0
31.0,5.0,0.0,0.0,0.03225806451612903,0.0,0.0,0.0,0
112.0,19.0,20.0,0.17857142857142858,0.09821428571428571,2.0,0.0,0.0,1
139.0,23.0,0.0,0.0,0.050359712230215826,0.0,0.0,0.0,0
27.0,7.0,0.0,0.0,0.037037037037037035,0.0,0.0,0.0,0
141.0,31.0,0.0,0.0,0.02127659574468085,1.0,0.0,0.0,0
148.0,30.0,0.0,0.0,0.04054054054054054,0.0,0.0,1.0,0
36.0,8.0,0.0,0.0,0.027777777777777776,0.0,0.0,0.0,0
50.0,11.0,0.0,0.0,0.04,0.0,0.0,0.0,0
48.0,9.0,0.0,0.0,0.041666666666666664,0.0,0.0,0.0,0
148.0,33.0,1.0,0.006756756756756757,0.02702702702702703,3.0,0.0,0.0,0
30.0,5.0,0.0,0.0,0.8666666666666667,0.0,0.0,0.0,0
158.0,29.0,18.0,0.11392405063291139,0.11392405063291139,0.0,0.0,1.0,1
139.0,29.0,1.0,0.007194244604316547,0.02158273381294964,2.0,0.0,0.0,0
45.0,11.0,1.0,0.022222222222222223,0.022222222222222223,0.0,0.0,0.0,0
83.0,10.0,0.0,0.0,0.012048192771084338,0.0,0.0,0.0,0
107.0,24.0,2.0,0.018691588785046728,0.028037383177570093,0.0,0.0,0.0,0
22.0,4.0,0.0,0.0,0.045454545454545456,0.0,0.0,0.0,0
58.0,15.0,0.0,0.0,0.1206896551724138,0.0,0.0,0.0,0
135.0,25.0,14.0,0.1037037037037037,0.15555555555555556,0.0,0.0,1.0,1
156.0,25.0,22.0,0.14102564102564102,0.09615384615384616,2.0,0.0,1.0,1
40.0,8.0,0.0,0.0,0.05,0.0,0.0,0.0,0
64.0,13.0,1.0,0.015625,0.03125,0.0,0.0,0.0,0
38.0,8.0,0.0,0.0,0.05263157894736842,0.0,0.0,0.0,0
31.0,6.0,0.0,0.0,0.03225806451612903,0.0,0.0,0.0,0
153.0,32.0,2.0,0.013071895424836602,0.032679738562091505,1.0,0.0,0.0,0
55.0,13.0,0.0,0.0,0.03636363636363636,0.0,0.0,0.0,0
119.0,22.0,0.0,0.0,0.025210084033613446,0.0,0.0,0.0,0
65.0,14.0,0.0,0.0,0.06153846153846154,0.0,0.0,1.0,0
59.0,11.0,0.0,0.0,0.03389830508474576,2.0,0.0,0.0,0
137.0,31.0,0.0,0.0,0.021897810218978103,0.0,0.0,0.0,0
154.0,32.0,4.0,0.025974025974025976,0.01948051948051948,0.0,0.0,0.0,0
41.0,10.0,0.0,0.0,0.04878048780487805,0.0,0.0,1.0,0
29.0,6.0,0.0,0.0,0.034482758620689655,0.0,0.0,0.0,0
99.0,21.0,3.0,0.030303030303030304,0.020202020202020204,1.0,0.0,0.0,0
50.0,7.0,0.0,0.0,0.04,0.0,0.0,0.0,0
49.0,9.0,0.0,0.0,0.04081632653061224,0.0,0.0,0.0,0
54.0,13.0,0.0,0.0,0.037037037037037035,0.0,0.0,0.0,0
76.0,17.0,0.0,0.0,0.039473684210526314,0.0,0.0,0.0,0
70.0,12.0,1.0,0.014285714285714285,0.04285714285714286,1.0,0.0,0.0,0
115.0,22.0,1.0,0.008695652173913044,0.017391304347826087,1.0,0.0,1.0,0
54.0,11.0,0.0,0.0,0.018518518518518517,0.0,0.0,0.0,0
23.0,5.0,0.0,0.0,0.043478260869565216,0.0,0.0,0.0,0
92.0,17.0,1.0,0.010869565217391304,0.03260869565217391,0.0,0.0,0.0,0
21.0,5.0,0.0,0.0,0.047619047619047616,0.0,0.0,0.0,0
148.0,34.0,1.0,0.006756756756756757,0.04054054054054054,0.0,0.0,0.0,0
161.0,30.0,3.0,0.018633540372670808,0.018633540372670808,0.0,0.0,0.0,0
154.0,27.0,25.0,0.16233766233766234,0.19480519480519481,2.0,0.0,0.0,1
28.0,8.0,0.0,0.0,0.03571428571428571,0.0,0.0,0.0,0
73.0,11.0,0.0,0.0,0.0273972602739726,1.0,0.0,1.0,0
115.0,18.0,16.0,0.1391304347826087,0.06956521739130435,1.0,0.0,1.0,1
32.0,6.0,0.0,0.0,0.03125,0.0,0.0,0.0,0
84.0,16.0,0.0,0.0,0.03571428571428571,0.0,0.0,1.0,0
48.0,8.0,0.0,0.0,0.041666666666666664,0.0,0.0,0.0,0
101.0,21.0,0.0,0.0,0.039603960396039604,1.0,0.0,1.0,0
28.0,4.0,0.0,0.0,0.03571428571428571,0.0,0.0,0.0,0
148.0,29.0,0.0,0.0,0.02702702702702703,0.0,0.0,0.0,0
151.0,30.0,0.0,0.0,0.033112582781456956,0.0,0.0,0.0,0
70.0,17.0,1.0,0.014285714285714285,0.04285714285714286,0.0,0.0,0.0,0
133.0,26.0,0.0,0.0,0.015037593984962405,0.0,0.0,1.0,0
31.0,6.0,0.0,0.0,0.03225806451612903,0.0,0.0,0.0,0
151.0,30.0,1.0,0.006622516556291391,0.013245033112582781,0.0,0.0,0.0,0
118.0,22.0,0.0,0.0,0.03389830508474576,0.0,0.0,0.0,0
25.0,4.0,0.0,0.0,0.08,0.0,0.0,0.0,0
46.0,9.0,0.0,0.0,0.021739130434782608,0.0,0.0,0.0,0
77.0,15.0,0.0,0.0,0.025974025974025976,0.0,0.0,0.0,0
152.0,38.0,0.0,0.0,0.05263157894736842,1.0,0.0,0.0,0
148.0,27.0,22.0,0.14864864864864866,0.14864864864864866,1.0,0.0,3.0,1
28.0,6.0,0.0,0.0,0.03571428571428571,0.0,0.0,1.0,0
80.0,15.0,0.0,0.0,0.0125,0.0,0.0,0.0,0
32.0,6.0,0.0,0.0,0.0625,0.0,0.0,1.0,0
71.0,13.0,0.0,0.0,0.04225352112676056,0.0,0.0,0.0,0
32.0,6.0,0.0,0.0,0.03125,0.0,0.0,0.0,0
70.0,16.0,0.0,0.0,0.04285714285714286,0.0,0.0,0.0,0
47.0,7.0,0.0,0.0,0.02127659574468085,0.0,0.0,0.0,0
61.0,12.0,0.0,0.0,0.11475409836065574,0.0,0.0,0.0,0
62.0,12.0,0.0,0.0,0.08064516129032258,0.0,0.0,0.0,0
33.0,6.0,0.0,0.0,0.030303030303030304,1.0,0.0,0.0,0
52.0,10.0,0.0,0.0,0.019230769230769232,0.0,0.0,0.0,0
76.0,16.0,1.0,0.013157894736842105,0.02631578947368421,0.0,0.0,0.0,0
106.0,16.0,11.0,0.10377358490566038,0.08490566037735849,1.0,0.0,1.0,1
49.0,11.0,1.0,0.02040816326530612,0.04081632653061224,2.0,0.0,0.0,0
64.0,11.0,0.0,0.0,0.015625,0.0,0.0,0.0,0
53.0,12.0,0.0,0.0,0.018867924528301886,0.0,0.0,0.0,0
35.0,7.0,0.0,0.0,0.02857142857142857,0.0,0.0,0.0,0
444.0,71.0,11.0,0.024774774774774775,0.0990990990990991,1.0,0.0,1.0,0
46.0,8.0,0.0,0.0,0.06521739130434782,0.0,0.0,0.0,0
26.0,7.0,0.0,0.0,0.07692307692307693,0.0,0.0,0.0,0
30.0,5.0,0.0,0.0,0.03333333333333333,0.0,0.0,0.0,0
160.0,24.0,16.0,0.1,0.1375,0.0,0.0,0.0,1
23.0,6.0,0.0,0.0,0.043478260869565216,0.0,0.0,0.0,0
26.0,6.0,0.0,0.0,0.038461538461538464,0.0,0.0,0.0,0
17.0,3.0,0.0,0.0,0.058823529411764705,0.0,0.0,0.0,0
120.0,20.0,27.0,0.225,0.025,0.0,0.0,1.0,1
145.0,24.0,24.0,0.16551724137931034,0.06206896551724138,0.0,0.0,0.0,1
26.0,6.0,1.0,0.038461538461538464,0.038461538461538464,0.0,0.0,0.0,0
44.0,8.0,0.0,0.0,0.022727272727272728,0.0,0.0,0.0,0
51.0,11.0,0.0,0.0,0.0392156862745098,0.0,0.0,1.0,0
45.0,11.0,2.0,0.044444444444444446,0.06666666666666667,0.0,0.0,0.0,0
23.0,5.0,0.0,0.0,0.08695652173913043,0.0,0.0,0.0,0
144.0,24.0,15.0,0.10416666666666667,0.2569444444444444,3.0,0.0,1.0,1
155.0,28.0,6.0,0.03870967741935484,0.04516129032258064,0.0,1.0,0.0,1
95.0,18.0,0.0,0.0,0.021052631578947368,0.0,0.0,0.0,0
51.0,9.0,1.0,0.0196078431372549,0.0392156862745098,0.0,0.0,0.0,0
31.0,6.0,0.0,0.0,0.03225806451612903,0.0,0.0,0.0,0
75.0,17.0,0.0,0.0,0.05333333333333334,1.0,0.0,0.0,0
50.0,10.0,0.0,0.0,0.04,0.0,0.0,0.0,0
157.0,28.0,18.0,0.11464968152866242,0.12101910828025478,0.0,0.0,1.0,1
29.0,5.0,0.0,0.0,0.034482758620689655,0.0,0.0,0.0,0
26.0,4.0,1.0,0.038461538461538464,0.038461538461538464,0.0,0.0,0.0,0
34.0,7.0,0.0,0.0,0.029411764705882353,0.0,0.0,0.0,0
39.0,9.0,0.0,0.0,0.02564102564102564,0.0,0.0,0.0,0
61.0,14.0,0.0,0.0,0.03278688524590164,0.0,0.0,0.0,0
27.0,4.0,0.0,0.0,0.037037037037037035,0.0,0.0,0.0,0
33.0,6.0,0.0,0.0,0.030303030303030304,0.0,0.0,0.0,0
30.0,7.0,0.0,0.0,0.03333333333333333,0.0,0.0,0.0,0
69.0,14.0,0.0,0.0,0.043478260869565216,0.0,0.0,0.0,0
27.0,5.0,0.0,0.0,0.037037037037037035,0.0,0.0,1.0,0
160.0,26.0,21.0,0.13125,0.0375,1.0,0.0,1.0,1
172.0,28.0,21.0,0.12209302325581395,0.005813953488372093,2.0,0.0,1.0,1
38.0,7.0,0.0,0.0,0.02631578947368421,0.0,0.0,0.0,0
37.0,8.0,0.0,0.0,0.05405405405405406,0.0,0.0,0.0,0
102.0,16.0,0.0,0.0,0.00980392156862745,0.0,0.0,0.0,0
87.0,13.0,0.0,0.0,0.034482758620689655,0.0,0.0,0.0,0
157.0,31.0,2.0,0.012738853503184714,0.03184713375796178,0.0,0.0,1.0,0
65.0,15.0,0.0,0.0,0.015384615384615385,0.0,0.0,0.0,0
55.0,12.0,0.0,0.0,0.03636363636363636,0.0,0.0,1.0,0
40.0,8.0,0.0,0.0,0.025,0.0,0.0,0.0,0
30.0,6.0,0.0,0.0,0.06666666666666667,0.0,0.0,0.0,0
24.0,5.0,0.0,0.0,0.041666666666666664,0.0,0.0,0.0,0
37.0,8.0,0.0,0.0,0.02702702702702703,0.0,0.0,0.0,0
37.0,5.0,0.0,0.0,0.02702702702702703,0.0,0.0,0.0,0
162.0,27.0,19.0,0.11728395061728394,0.024691358024691357,1.0,0.0,0.0,1
31.0,7.0,0.0,0.0,0.06451612903225806,0.0,0.0,0.0,0
52.0,11.0,0.0,0.0,0.038461538461538464,0.0,0.0,1.0,0
153.0,32.0,1.0,0.006535947712418301,0.0392156862745098,0.0,0.0,0.0,0
65.0,11.0,15.0,0.23076923076923078,0.09230769230769231,1.0,0.0,1.0,1
33.0,8.0,0.0,0.0,0.06060606060606061,0.0,0.0,0.0,0
113.0,24.0,0.0,0.0,0.02654867256637168,1.0,0.0,0.0,0
89.0,14.0,0.0,0.0,0.056179775280898875,0.0,0.0,0.0,0
52.0,10.0,0.0,0.0,0.019230769230769232,0.0,0.0,0.0,0
81.0,19.0,1.0,0.012345679012345678,0.037037037037037035,0.0,0.0,0.0,0
22.0,4.0,0.0,0.0,0.09090909090909091,0.0,0.0,0.0,0
157.0,27.0,23.0,0.1464968152866242,0.05732484076433121,3.0,0.0,1.0,1
83.0,19.0,0.0,0.0,0.060240963855421686,0.0,0.0,0.0,0
82.0,22.0,4.0,0.04878048780487805,0.024390243902439025,0.0,0.0,0.0,0
134.0,17.0,27.0,0.20149253731343283,0.5895522388059702,4.0,0.0,0.0,1
64.0,11.0,0.0,0.0,0.015625,0.0,0.0,0.0,0
39.0,9.0,0.0,0.0,0.15384615384615385,1.0,0.0,0.0,0
41.0,9.0,1.0,0.024390243902439025,0.04878048780487805,0.0,0.0,0.0,0
29.0,6.0,0.0,0.0,0.06896551724137931,0.0,0.0,0.0,0
121.0,27.0,0.0,0.0,0.01652892561983471,0.0,0.0,1.0,0
22.0,5.0,0.0,0.0,0.045454545454545456,0.0,0.0,0.0,0
131.0,25.0,0.0,0.0,0.03816793893129771,0.0,0.0,0.0,0
106.0,18.0,1.0,0.009433962264150943,0.009433962264150943,0.0,0.0,0.0,0
42.0,7.0,0.0,0.0,0.047619047619047616,0.0,0.0,0.0,0
61.0,13.0,0.0,0.0,0.03278688524590164,1.0,0.0,0.0,0
19.0,4.0,0.0,0.0,0.05263157894736842,0.0,0.0,0.0,0
42.0,9.0,0.0,0.0,0.047619047619047616,0.0,0.0,0.0,0
45.0,7.0,0.0,0.0,0.8444444444444444,0.0,0.0,0.0,0
137.0,26.0,0.0,0.0,0.021897810218978103,1.0,0.0,0.0,0
75.0,17.0,0.0,0.0,0.013333333333333334,0.0,0.0,0.0,0
23.0,5.0,0.0,0.0,0.043478260869565216,0.0,0.0,0.0,0
37.0,7.0,0.0,0.0,0.02702702702702703,0.0,0.0,0.0,0
136.0,22.0,21.0,0.15441176470588236,0.18382352941176472,0.0,1.0,0.0,1
43.0,9.0,0.0,0.0,0.046511627906976744,0.0,0.0,0.0,0
53.0,12.0,1.0,0.018867924528301886,0.018867924528301886,0.0,0.0,0.0,0
21.0,3.0,0.0,0.0,0.047619047619047616,0.0,0.0,0.0,0
159.0,28.0,21.0,0.1320754716981132,0.13836477987421383,2.0,0.0,3.0,1
24.0,5.0,0.0,0.0,0.0,0.0,0.0,0.0,0
26.0,7.0,0.0,0.0,0.038461538461538464,0.0,0.0,0.0,0
55.0,14.0,1.0,0.01818181818181818,0.01818181818181818,0.0,0.0,1.0,0
145.0,28.0,13.0,0.0896551724137931,0.07586206896551724,0.0,0.0,0.0,1
39.0,10.0,0.0,0.0,0.02564102564102564,0.0,0.0,0.0,0
38.0,6.0,0.0,0.0,0.02631578947368421,0.0,0.0,0.0,0
59.0,13.0,0.0,0.0,0.01694915254237288,0.0,0.0,0.0,0
88.0,16.0,1.0,0.011363636363636364,0.011363636363636364,0.0,0.0,0.0,0
127.0,26.0,0.0,0.0,0.031496062992125984,0.0,0.0,0.0,0
184.0,38.0,0.0,0.0,0.005434782608695652,0.0,0.0,0.0,0
33.0,5.0,0.0,0.0,0.030303030303030304,0.0,0.0,0.0,0
32.0,7.0,0.0,0.0,0.03125,0.0,0.0,1.0,0
24.0,5.0,0.0,0.0,0.041666666666666664,0.0,0.0,0.0,0
74.0,14.0,0.0,0.0,0.02702702702702703,0.0,0.0,1.0,0
60.0,11.0,0.0,0.0,0.03333333333333333,1.0,0.0,0.0,0
8.0,2.0,0.0,0.0,0.125,1.0,0.0,0.0,0
116.0,24.0,0.0,0.0,0.008620689655172414,0.0,0.0,0.0,0
142.0,28.0,0.0,0.0,0.028169014084507043,0.0,0.0,0.0,0
109.0,23.0,0.0,0.0,0.01834862385321101,0.0,0.0,1.0,0
81.0,13.0,11.0,0.13580246913580246,0.06172839506172839,0.0,0.0,2.0,1
108.0,24.0,3.0,0.027777777777777776,0.7129629629629629,1.0,0.0,0.0,0
70.0,14.0,0.0,0.0,0.014285714285714285,0.0,0.0,0.0,0
135.0,28.0,0.0,0.0,0.044444444444444446,1.0,0.0,0.0,0
36.0,6.0,0.0,0.0,0.027777777777777776,0.0,0.0,0.0,0
124.0,23.0,0.0,0.0,0.008064516129032258,2.0,0.0,0.0,0
45.0,10.0,0.0,0.0,0.044444444444444446,0.0,0.0,0.0,0
220.0,45.0,0.0,0.0,0.17272727272727273,0.0,0.0,0.0,0
92.0,18.0,1.0,0.010869565217391304,0.010869565217391304,0.0,0.0,0.0,0
50.0,9.0,0.0,0.0,0.0,1.0,0.0,0.0,0
47.0,11.0,1.0,0.02127659574468085,0.02127659574468085,0.0,0.0,0.0,0
33.0,6.0,0.0,0.0,0.030303030303030304,0.0,0.0,0.0,0
165.0,32.0,24.0,0.14545454545454545,0.1696969696969697,0.0,0.0,0.0,1
60.0,12.0,0.0,0.0,0.05,1.0,0.0,0.0,0
13.0,2.0,0.0,0.0,0.0,1.0,0.0,0.0,0
153.0,29.0,17.0,0.1111111111111111,0.032679738562091505,0.0,0.0,1.0,1
28.0,6.0,0.0,0.0,0.03571428571428571,0.0,0.0,0.0,0
36.0,7.0,0.0,0.0,0.05555555555555555,0.0,0.0,0.0,0
115.0,22.0,1.0,0.008695652173913044,0.008695652173913044,2.0,0.0,0.0,0
131.0,24.0,0.0,0.0,0.03816793893129771,1.0,0.0,0.0,0
160.0,30.0,21.0,0.13125,0.05625,2.0,0.0,3.0,1
75.0,16.0,1.0,0.013333333333333334,0.02666666666666667,0.0,0.0,1.0,0
119.0,23.0,0.0,0.0,0.03361344537815126,2.0,0.0,0.0,0
101.0,23.0,0.0,0.0,0.019801980198019802,0.0,0.0,0.0,0
44.0,9.0,0.0,0.0,0.045454545454545456,0.0,0.0,1.0,0
59.0,12.0,1.0,0.01694915254237288,0.01694915254237288,0.0,0.0,0.0,0
50.0,9.0,0.0,0.0,0.02,0.0,0.0,0.0,0
24.0,5.0,0.0,0.0,0.041666666666666664,0.0,0.0,0.0,0
45.0,7.0,0.0,0.0,0.022222222222222223,0.0,0.0,0.0,0
47.0,9.0,0.0,0.0,0.02127659574468085,0.0,0.0,0.0,0
73.0,12.0,0.0,0.0,0.0547945205479452,1.0,0.0,0.0,1
53.0,10.0,0.0,0.0,0.05660377358490566,0.0,0.0,0.0,0
92.0,19.0,0.0,0.0,0.0,0.0,0.0,0.0,0
156.0,26.0,26.0,0.16666666666666666,0.16025641025641027,3.0,0.0,2.0,1
48.0,8.0,12.0,0.25,0.041666666666666664,0.0,0.0,0.0,1
82.0,17.0,0.0,0.0,0.012195121951219513,0.0,0.0,0.0,0
142.0,25.0,20.0,0.14084507042253522,0.176056338028169,3.0,0.0,3.0,1
204.0,40.0,0.0,0.0,0.004901960784313725,3.0,0.0,0.0,0
162.0,31.0,15.0,0.09259259259259259,0.012345679012345678,1.0,0.0,1.0,1
66.0,12.0,5.0,0.07575757575757576,0.06060606060606061,0.0,0.0,0.0,1
28.0,6.0,1.0,0.03571428571428571,0.03571428571428571,0.0,0.0,0.0,0
118.0,20.0,19.0,0.16101694915254236,0.16101694915254236,4.0,0.0,2.0,1
93.0,24.0,3.0,0.03225806451612903,0.7096774193548387,0.0,0.0,0.0,0
162.0,28.0,13.0,0.08024691358024691,0.09876543209876543,2.0,0.0,0.0,1
37.0,8.0,0.0,0.0,0.05405405405405406,0.0,0.0,0.0,0
116.0,22.0,0.0,0.0,0.017241379310344827,0.0,0.0,0.0,0
59.0,14.0,0.0,0.0,0.01694915254237288,0.0,0.0,0.0,0
73.0,16.0,2.0,0.0273972602739726,0.0410958904109589,0.0,0.0,0.0,0
152.0,32.0,0.0,0.0,0.039473684210526314,1.0,0.0,1.0,0
55.0,6.0,0.0,0.0,0.03636363636363636,0.0,0.0,0.0,0
58.0,10.0,0.0,0.0,0.017241379310344827,0.0,0.0,0.0,0
117.0,20.0,0.0,0.0,0.017094017094017096,0.0,0.0,1.0,0
51.0,10.0,0.0,0.0,0.0,0.0,0.0,0.0,0
25.0,6.0,0.0,0.0,0.12,0.0,0.0,0.0,0
86.0,17.0,0.0,0.0,0.03488372093023256,2.0,0.0,0.0,0
59.0,14.0,0.0,0.0,0.01694915254237288,0.0,0.0,0.0,0
74.0,14.0,0.0,0.0,0.02702702702702703,0.0,0.0,0.0,0
91.0,19.0,1.0,0.01098901098901099,0.04395604395604396,0.0,0.0,1.0,0
24.0,5.0,0.0,0.0,0.08333333333333333,0.0,0.0,0.0,0
38.0,7.0,0.0,0.0,0.02631578947368421,0.0,0.0,0.0,0
38.0,7.0,0.0,0.0,0.02631578947368421,0.0,0.0,1.0,0
20.0,5.0,0.0,0.0,0.05,0.0,0.0,0.0,0
122.0,19.0,23.0,0.1885245901639344,0.09836065573770492,1.0,1.0,0.0,1
7.0,2.0,0.0,0.0,0.14285714285714285,0.0,0.0,0.0,0
156.0,32.0,1.0,0.00641025641025641,0.01282051282051282,1.0,0.0,1.0,0
61.0,12.0,0.0,0.0,0.01639344262295082,0.0,0.0,0.0,0
156.0,27.0,22.0,0.14102564102564102,0.019230769230769232,1.0,0.0,1.0,1
34.0,9.0,0.0,0.0,0.029411764705882353,0.0,0.0,0.0,0
30.0,7.0,1.0,0.03333333333333333,0.06666666666666667,0.0,0.0,0.0,0
95.0,15.0,0.0,0.0,0.8421052631578947,0.0,0.0,0.0,0
42.0,10.0,5.0,0.11904761904761904,0.023809523809523808,2.0,0.0,0.0,0
139.0,29.0,0.0,0.0,0.02158273381294964,0.0,0.0,0.0,0
207.0,42.0,0.0,0.0,0.01932367149758454,0.0,0.0,0.0,0
35.0,10.0,2.0,0.05714285714285714,0.02857142857142857,0.0,0.0,0.0,0
160.0,25.0,16.0,0.1,0.075,0.0,0.0,0.0,1
51.0,10.0,0.0,0.0,0.0196078431372549,0.0,0.0,0.0,0
84.0,18.0,0.0,0.0,0.011904761904761904,1.0,0.0,0.0,0
30.0,7.0,0.0,0.0,0.03333333333333333,0.0,0.0,0.0,0
79.0,16.0,0.0,0.0,0.02531645569620253,0.0,0.0,1.0,0
30.0,5.0,0.0,0.0,0.06666666666666667,0.0,0.0,0.0,0
46.0,10.0,2.0,0.043478260869565216,0.021739130434782608,0.0,0.0,0.0,0
72.0,16.0,0.0,0.0,0.05555555555555555,0.0,0.0,0.0,0
44.0,9.0,0.0,0.0,0.045454545454545456,0.0,0.0,0.0,0
276.0,56.0,0.0,0.0,0.025362318840579712,1.0,0.0,1.0,0
31.0,5.0,0.0,0.0,0.03225806451612903,0.0,0.0,0.0,0
119.0,27.0,0.0,0.0,0.058823529411764705,0.0,0.0,0.0,0
36.0,8.0,0.0,0.0,0.05555555555555555,0.0,0.0,0.0,0
137.0,26.0,0.0,0.0,0.0072992700729927005,0.0,0.0,0.0,0
242.0,45.0,0.0,0.0,0.02066115702479339,2.0,0.0,1.0,0
160.0,33.0,23.0,0.14375,0.1,0.0,0.0,0.0,1
143.0,30.0,22.0,0.15384615384615385,0.0979020979020979,0.0,0.0,0.0,1
159.0,23.0,26.0,0.16352201257861634,0.16981132075471697,4.0,0.0,3.0,1
21.0,6.0,0.0,0.0,0.047619047619047616,0.0,0.0,0.0,0
22.0,4.0,0.0,0.0,0.045454545454545456,0.0,0.0,0.0,0
36.0,6.0,0.0,0.0,0.027777777777777776,0.0,0.0,0.0,0
30.0,8.0,1.0,0.03333333333333333,0.06666666666666667,0.0,0.0,0.0,0
33.0,7.0,1.0,0.030303030303030304,0.09090909090909091,2.0,0.0,0.0,0
51.0,10.0,0.0,0.0,0.0196078431372549,0.0,0.0,0.0,0
71.0,16.0,1.0,0.014084507042253521,0.04225352112676056,0.0,0.0,0.0,0
28.0,4.0,0.0,0.0,0.07142857142857142,0.0,0.0,0.0,0
30.0,8.0,0.0,0.0,0.06666666666666667,0.0,0.0,0.0,0
61.0,13.0,0.0,0.0,0.04918032786885246,0.0,0.0,0.0,0
44.0,10.0,0.0,0.0,0.022727272727272728,0.0,0.0,0.0,0
153.0,32.0,13.0,0.08496732026143791,0.058823529411764705,0.0,0.0,1.0,1
30.0,7.0,0.0,0.0,0.06666666666666667,0.0,0.0,0.0,0
87.0,21.0,0.0,0.0,0.7586206896551724,0.0,0.0,0.0,0
70.0,14.0,0.0,0.0,0.07142857142857142,1.0,0.0,0.0,0
25.0,5.0,0.0,0.0,0.04,0.0,0.0,0.0,0
114.0,17.0,0.0,0.0,0.07017543859649122,0.0,2.0,1.0,1
37.0,7.0,0.0,0.0,0.02702702702702703,0.0,0.0,0.0,0
45.0,9.0,1.0,0.022222222222222223,0.044444444444444446,0.0,0.0,0.0,0
145.0,27.0,1.0,0.006896551724137931,0.020689655172413793,0.0,0.0,1.0,0
28.0,5.0,0.0,0.0,0.03571428571428571,0.0,0.0,0.0,0
63.0,12.0,0.0,0.0,0.015873015873015872,0.0,0.0,0.0,0
36.0,5.0,0.0,0.0,0.027777777777777776,0.0,0.0,0.0,0
152.0,26.0,0.0,0.0,0.05263157894736842,0.0,0.0,0.0,1
24.0,5.0,7.0,0.2916666666666667,0.5,1.0,0.0,0.0,1
105.0,21.0,0.0,0.0,0.01904761904761905,0.0,0.0,0.0,0
155.0,37.0,1.0,0.0064516129032258064,0.7419354838709677,1.0,0.0,1.0,0
44.0,11.0,0.0,0.0,0.045454545454545456,0.0,0.0,0.0,0
147.0,32.0,2.0,0.013605442176870748,0.02040816326530612,0.0,0.0,0.0,0
65.0,16.0,0.0,0.0,0.03076923076923077,0.0,0.0,0.0,0
104.0,22.0,5.0,0.04807692307692308,0.009615384615384616,0.0,0.0,0.0,0
157.0,31.0,0.0,0.0,0.01910828025477707,0.0,0.0,0.0,0
78.0,15.0,0.0,0.0,0.0641025641025641,1.0,0.0,0.0,1
35.0,6.0,0.0,0.0,0.17142857142857143,1.0,0.0,0.0,0
150.0,36.0,0.0,0.0,0.03333333333333333,0.0,0.0,1.0,0
27.0,6.0,0.0,0.0,0.07407407407407407,0.0,0.0,1.0,0
24.0,5.0,0.0,0.0,0.041666666666666664,0.0,0.0,0.0,0
113.0,23.0,0.0,0.0,0.02654867256637168,0.0,0.0,0.0,0
47.0,11.0,0.0,0.0,0.0425531914893617,0.0,0.0,0.0,0
33.0,4.0,0.0,0.0,0.06060606060606061,0.0,0.0,0.0,0
45.0,9.0,0.0,0.0,0.022222222222222223,0.0,0.0,0.0,0
88.0,18.0,1.0,0.011363636363636364,0.056818181818181816,2.0,0.0,0.0,0
50.0,10.0,0.0,0.0,0.02,0.0,0.0,0.0,0
31.0,5.0,0.0,0.0,0.03225806451612903,0.0,0.0,0.0,0
110.0,21.0,2.0,0.01818181818181818,0.03636363636363636,3.0,0.0,1.0,0
63.0,13.0,0.0,0.0,0.015873015873015872,0.0,0.0,0.0,0
88.0,15.0,0.0,0.0,0.022727272727272728,0.0,0.0,0.0,0
41.0,8.0,0.0,0.0,0.024390243902439025,0.0,0.0,0.0,0
166.0,33.0,0.0,0.0,0.018072289156626505,0.0,0.0,1.0,0
33.0,6.0,0.0,0.0,0.06060606060606061,0.0,0.0,0.0,0
42.0,9.0,0.0,0.0,0.023809523809523808,0.0,0.0,0.0,0
47.0,10.0,0.0,0.0,0.0425531914893617,0.0,0.0,0.0,0
37.0,9.0,0.0,0.0,0.02702702702702703,0.0,0.0,0.0,0
143.0,24.0,14.0,0.0979020979020979,0.04895104895104895,0.0,0.0,0.0,1
148.0,26.0,14.0,0.0945945945945946,0.06756756756756757,1.0,0.0,1.0,1
40.0,6.0,0.0,0.0,0.2,0.0,0.0,0.0,0
88.0,10.0,0.0,0.0,0.011363636363636364,0.0,0.0,0.0,0
153.0,34.0,2.0,0.013071895424836602,0.032679738562091505,0.0,0.0,0.0,0
108.0,21.0,0.0,0.0,0.018518518518518517,0.0,0.0,1.0,0
149.0,22.0,16.0,0.10738255033557047,0.11409395973154363,0.0,0.0,0.0,1
41.0,8.0,0.0,0.0,0.07317073170731707,0.0,0.0,0.0,0
15.0,4.0,0.0,0.0,0.7333333333333333,0.0,0.0,0.0,0
32.0,7.0,0.0,0.0,0.03125,0.0,0.0,0.0,0
123.0,19.0,23.0,0.18699186991869918,0.0975609756097561,1.0,1.0,0.0,1
142.0,25.0,0.0,0.0,0.02112676056338028,1.0,0.0,1.0,0
35.0,7.0,0.0,0.0,0.08571428571428572,0.0,0.0,1.0,0
137.0,27.0,3.0,0.021897810218978103,0.08759124087591241,0.0,0.0,0.0,0
35.0,8.0,0.0,0.0,0.05714285714285714,0.0,0.0,0.0,0
73.0,18.0,1.0,0.0136986301369863,0.0136986301369863,0.0,0.0,0.0,0
16.0,4.0,0.0,0.0,0.0625,0.0,0.0,0.0,0
55.0,12.0,0.0,0.0,0.0,0.0,0.0,0.0,0
289.0,54.0,4.0,0.01384083044982699,0.10726643598615918,0.0,0.0,0.0,0
50.0,11.0,0.0,0.0,0.04,0.0,0.0,0.0,0
148.0,23.0,19.0,0.12837837837837837,0.08108108108108109,2.0,1.0,0.0,1
52.0,10.0,0.0,0.0,0.038461538461538464,0.0,0.0,0.0,0
24.0,5.0,0.0,0.0,0.041666666666666664,0.0,0.0,0.0,0
136.0,20.0,3.0,0.022058823529411766,0.10294117647058823,0.0,0.0,0.0,1
78.0,14.0,0.0,0.0,0.02564102564102564,0.0,0.0,1.0,0
26.0,6.0,0.0,0.0,0.038461538461538464,0.0,0.0,0.0,0
36.0,7.0,0.0,0.0,0.027777777777777776,0.0,0.0,0.0,0
85.0,20.0,0.0,0.0,0.03529411764705882,1.0,0.0,1.0,0
24.0,6.0,0.0,0.0,0.041666666666666664,0.0,0.0,0.0,0
61.0,13.0,0.0,0.0,0.03278688524590164,0.0,0.0,0.0,0
32.0,3.0,0.0,0.0,0.03125,0.0,0.0,0.0,0
32.0,7.0,0.0,0.0,0.0625,0.0,0.0,0.0,0
158.0,36.0,0.0,0.0,0.02531645569620253,0.0,0.0,1.0,0
18.0,4.0,0.0,0.0,0.05555555555555555,0.0,0.0,0.0,0
47.0,10.0,0.0,0.0,0.02127659574468085,0.0,0.0,0.0,0
148.0,26.0,0.0,0.0,0.0945945945945946,2.0,0.0,1.0,0
135.0,24.0,1.0,0.007407407407407408,0.02962962962962963,0.0,0.0,0.0,0
131.0,26.0,0.0,0.0,0.03816793893129771,1.0,0.0,0.0,0
43.0,8.0,0.0,0.0,0.023255813953488372,0.0,0.0,0.0,0
29.0,6.0,0.0,0.0,0.034482758620689655,0.0,0.0,0.0,0
152.0,24.0,20.0,0.13157894736842105,0.05263157894736842,0.0,0.0,0.0,1
169.0,35.0,0.0,0.0,0.047337278106508875,0.0,0.0,0.0,0
114.0,25.0,1.0,0.008771929824561403,0.02631578947368421,1.0,0.0,0.0,0
237.0,49.0,3.0,0.012658227848101266,0.02531645569620253,0.0,0.0,1.0,0
48.0,8.0,0.0,0.0,0.020833333333333332,0.0,0.0,0.0,0
4.0,1.0,0.0,0.0,0.25,0.0,0.0,0.0,0
71.0,15.0,0.0,0.0,0.04225352112676056,0.0,0.0,1.0,0
98.0,24.0,0.0,0.0,0.02040816326530612,0.0,0.0,0.0,0
33.0,7.0,0.0,0.0,0.06060606060606061,0.0,0.0,1.0,0
38.0,9.0,0.0,0.0,0.02631578947368421,0.0,0.0,0.0,0
42.0,10.0,0.0,0.0,0.023809523809523808,0.0,0.0,1.0,0
81.0,17.0,2.0,0.024691358024691357,0.024691358024691357,0.0,0.0,0.0,0
142.0,23.0,0.0,0.0,0.02112676056338028,0.0,0.0,0.0,0
42.0,8.0,0.0,0.0,0.023809523809523808,0.0,0.0,0.0,0
88.0,17.0,0.0,0.0,0.03409090909090909,0.0,0.0,0.0,0
18.0,4.0,0.0,0.0,0.1111111111111111,0.0,0.0,0.0,0
36.0,8.0,0.0,0.0,0.05555555555555555,0.0,0.0,0.0,0
66.0,13.0,0.0,0.0,0.030303030303030304,1.0,0.0,0.0,0
120.0,28.0,1.0,0.008333333333333333,0.025,0.0,0.0,0.0,0
63.0,13.0,0.0,0.0,0.031746031746031744,0.0,0.0,0.0,0
121.0,23.0,0.0,0.0,0.03305785123966942,2.0,0.0,0.0,0
138.0,27.0,4.0,0.028985507246376812,0.028985507246376812,0.0,0.0,0.0,0
22.0,4.0,0.0,0.0,0.045454545454545456,0.0,0.0,0.0,0
62.0,10.0,0.0,0.0,0.04838709677419355,1.0,0.0,0.0,0
31.0,7.0,0.0,0.0,0.03225806451612903,0.0,0.0,0.0,0
45.0,10.0,0.0,0.0,0.022222222222222223,0.0,0.0,0.0,0
57.0,13.0,1.0,0.017543859649122806,0.05263157894736842,0.0,0.0,0.0,0
54.0,11.0,0.0,0.0,0.037037037037037035,0.0,0.0,0.0,0
49.0,10.0,0.0,0.0,0.02040816326530612,1.0,0.0,0.0,0
21.0,5.0,0.0,0.0,0.047619047619047616,0.0,0.0,0.0,0
97.0,21.0,0.0,0.0,0.030927835051546393,0.0,0.0,0.0,0
54.0,10.0,0.0,0.0,0.018518518518518517,1.0,0.0,0.0,0
114.0,15.0,1.0,0.008771929824561403,0.08771929824561403,1.0,0.0,1.0,1
130.0,28.0,0.0,0.0,0.03076923076923077,1.0,0.0,0.0,0
94.0,20.0,0.0,0.0,0.031914893617021274,0.0,0.0,0.0,0
37.0,9.0,0.0,0.0,0.02702702702702703,0.0,0.0,0.0,0
23.0,5.0,0.0,0.0,0.17391304347826086,0.0,0.0,0.0,0
155.0,24.0,23.0,0.14838709677419354,0.2064516129032258,0.0,0.0,0.0,1
152.0,37.0,0.0,0.0,0.03289473684210526,1.0,0.0,1.0,0
46.0,9.0,0.0,0.0,0.043478260869565216,1.0,0.0,0.0,0
25.0,6.0,0.0,0.0,0.08,0.0,0.0,0.0,0
86.0,17.0,0.0,0.0,0.023255813953488372,1.0,0.0,0.0,0
154.0,26.0,21.0,0.13636363636363635,0.01948051948051948,1.0,0.0,1.0,1
83.0,17.0,1.0,0.012048192771084338,0.024096385542168676,0.0,0.0,1.0,0
113.0,23.0,0.0,0.0,0.1415929203539823,1.0,0.0,0.0,0
24.0,5.0,0.0,0.0,0.041666666666666664,1.0,0.0,1.0,0
81.0,16.0,0.0,0.0,0.04938271604938271,0.0,0.0,0.0,0
152.0,22.0,2.0,0.013157894736842105,0.23026315789473684,2.0,2.0,1.0,1
13.0,4.0,0.0,0.0,0.07692307692307693,0.0,0.0,0.0,0
101.0,19.0,17.0,0.16831683168316833,0.0891089108910891,0.0,0.0,1.0,1
45.0,8.0,0.0,0.0,0.17777777777777778,0.0,0.0,0.0,0
48.0,8.0,0.0,0.0,0.041666666666666664,0.0,0.0,0.0,0
57.0,13.0,1.0,0.017543859649122806,0.03508771929824561,0.0,0.0,0.0,0
65.0,15.0,0.0,0.0,0.03076923076923077,0.0,0.0,0.0,0
28.0,5.0,0.0,0.0,0.03571428571428571,0.0,0.0,1.0,0
32.0,7.0,0.0,0.0,0.03125,0.0,0.0,0.0,0
148.0,24.0,0.0,0.0,0.08108108108108109,0.0,0.0,0.0,0
10.0,3.0,0.0,0.0,0.1,0.0,0.0,0.0,0
53.0,12.0,0.0,0.0,0.018867924528301886,0.0,0.0,0.0,0
35.0,9.0,0.0,0.0,0.05714285714285714,0.0,0.0,0.0,0
26.0,6.0,0.0,0.0,0.038461538461538464,1.0,0.0,0.0,0
127.0,24.0,4.0,0.031496062992125984,0.023622047244094488,1.0,0.0,0.0,0
24.0,5.0,0.0,0.0,0.041666666666666664,0.0,0.0,0.0,0
283.0,50.0,0.0,0.0,0.0812720848056537,0.0,0.0,0.0,0
32.0,6.0,0.0,0.0,0.03125,0.0,0.0,0.0,0
152.0,30.0,11.0,0.07236842105263158,0.23684210526315788,1.0,0.0,0.0,1
46.0,8.0,0.0,0.0,0.021739130434782608,0.0,0.0,0.0,0
48.0,9.0,0.0,0.0,0.041666666666666664,0.0,0.0,0.0,0
53.0,10.0,0.0,0.0,0.018867924528301886,0.0,0.0,1.0,0
34.0,7.0,0.0,0.0,0.029411764705882353,0.0,0.0,0.0,0
212.0,39.0,0.0,0.0,0.23113207547169812,0.0,0.0,0.0,0
116.0,22.0,4.0,0.034482758620689655,0.12931034482758622,0.0,0.0,0.0,1
63.0,14.0,1.0,0.015873015873015872,0.015873015873015872,0.0,0.0,0.0,0
27.0,7.0,0.0,0.0,0.037037037037037035,0.0,0.0,0.0,0
34.0,7.0,0.0,0.0,0.0,0.0,0.0,0.0,0
42.0,7.0,0.0,0.0,0.023809523809523808,0.0,0.0,0.0,0
24.0,5.0,0.0,0.0,0.041666666666666664,0.0,0.0,0.0,0
74.0,17.0,0.0,0.0,0.05405405405405406,0.0,0.0,1.0,0
31.0,6.0,0.0,0.0,0.8387096774193549,0.0,0.0,0.0,0
157.0,31.0,4.0,0.025477707006369428,0.11464968152866242,0.0,0.0,1.0,1
22.0,4.0,0.0,0.0,0.045454545454545456,0.0,0.0,0.0,0
99.0,19.0,15.0,0.15151515151515152,0.0,1.0,0.0,1.0,1
157.0,22.0,14.0,0.08917197452229299,0.1337579617834395,1.0,1.0,1.0,1
62.0,15.0,0.0,0.0,0.04838709677419355,0.0,0.0,0.0,0
85.0,20.0,0.0,0.0,0.047058823529411764,0.0,0.0,0.0,0
37.0,7.0,0.0,0.0,0.05405405405405406,0.0,0.0,1.0,0
51.0,12.0,7.0,0.13725490196078433,0.0392156862745098,0.0,0.0,0.0,0
62.0,13.0,0.0,0.0,0.03225806451612903,0.0,0.0,0.0,0
161.0,27.0,24.0,0.14906832298136646,0.11801242236024845,2.0,0.0,0.0,1
62.0,12.0,0.0,0.0,0.03225806451612903,2.0,0.0,0.0,0
22.0,4.0,0.0,0.0,0.045454545454545456,0.0,0.0,0.0,0
72.0,15.0,0.0,0.0,0.027777777777777776,0.0,0.0,0.0,0
158.0,28.0,0.0,0.0,0.012658227848101266,0.0,0.0,0.0,0
140.0,25.0,17.0,0.12142857142857143,0.05714285714285714,1.0,0.0,1.0,1
236.0,49.0,0.0,0.0,0.0211864406779661,0.0,0.0,0.0,0
30.0,6.0,0.0,0.0,0.06666666666666667,0.0,0.0,0.0,0
19.0,4.0,0.0,0.0,0.05263157894736842,0.0,0.0,0.0,0
141.0,21.0,24.0,0.1702127659574468,0.1702127659574468,1.0,0.0,3.0,1
5.0,1.0,0.0,0.0,0.6,0.0,0.0,0.0,0
159.0,32.0,0.0,0.0,0.025157232704402517,0.0,0.0,0.0,0
79.0,17.0,3.0,0.0379746835443038,0.02531645569620253,0.0,0.0,0.0,0
60.0,13.0,0.0,0.0,0.03333333333333333,0.0,0.0,0.0,0
54.0,12.0,0.0,0.0,0.037037037037037035,0.0,0.0,1.0,0
104.0,20.0,0.0,0.0,0.019230769230769232,1.0,0.0,1.0,0
96.0,20.0,1.0,0.010416666666666666,0.03125,0.0,0.0,0.0,0
40.0,8.0,0.0,0.0,0.8,0.0,0.0,0.0,0
52.0,8.0,0.0,0.0,0.019230769230769232,0.0,0.0,0.0,0
25.0,5.0,0.0,0.0,0.04,0.0,0.0,0.0,0
54.0,13.0,0.0,0.0,0.018518518518518517,0.0,0.0,0.0,0
111.0,22.0,0.0,0.0,0.018018018018018018,0.0,0.0,0.0,0
152.0,33.0,1.0,0.006578947368421052,0.02631578947368421,0.0,0.0,0.0,0
24.0,6.0,0.0,0.0,0.08333333333333333,0.0,0.0,0.0,0
110.0,25.0,1.0,0.00909090909090909,0.02727272727272727,0.0,0.0,1.0,0
44.0,11.0,0.0,0.0,0.045454545454545456,0.0,0.0,0.0,0
40.0,8.0,0.0,0.0,0.025,0.0,0.0,0.0,0
54.0,12.0,0.0,0.0,0.037037037037037035,0.0,0.0,0.0,0
71.0,13.0,0.0,0.0,0.014084507042253521,1.0,0.0,0.0,0
54.0,11.0,1.0,0.018518518518518517,0.3148148148148148,0.0,0.0,0.0,0
56.0,13.0,4.0,0.07142857142857142,0.017857142857142856,0.0,0.0,0.0,0
12.0,3.0,0.0,0.0,0.08333333333333333,0.0,0.0,0.0,0
7.0,1.0,0.0,0.0,0.14285714285714285,0.0,0.0,0.0,0
33.0,8.0,0.0,0.0,0.7878787878787878,0.0,0.0,0.0,0
47.0,8.0,0.0,0.0,0.02127659574468085,0.0,0.0,0.0,0
40.0,7.0,0.0,0.0,0.025,0.0,0.0,0.0,0
158.0,27.0,0.0,0.0,0.22784810126582278,1.0,0.0,0.0,0
55.0,10.0,0.0,0.0,0.01818181818181818,0.0,0.0,0.0,0
87.0,18.0,1.0,0.011494252873563218,0.022988505747126436,0.0,0.0,0.0,0
37.0,6.0,0.0,0.0,0.02702702702702703,0.0,0.0,0.0,0
25.0,4.0,0.0,0.0,0.04,2.0,0.0,0.0,0
37.0,6.0,0.0,0.0,0.02702702702702703,0.0,0.0,0.0,0
98.0,18.0,0.0,0.0,0.19387755102040816,0.0,0.0,0.0,0
120.0,23.0,17.0,0.14166666666666666,0.016666666666666666,3.0,0.0,2.0,1
23.0,5.0,0.0,0.0,0.043478260869565216,0.0,0.0,0.0,0
29.0,6.0,0.0,0.0,0.034482758620689655,0.0,0.0,0.0,0
74.0,15.0,0.0,0.0,0.05405405405405406,1.0,0.0,0.0,0
48.0,7.0,0.0,0.0,0.020833333333333332,0.0,0.0,0.0,0
122.0,22.0,0.0,0.0,0.040983606557377046,3.0,0.0,0.0,0
95.0,18.0,4.0,0.042105263157894736,0.010526315789473684,1.0,0.0,0.0,0
11.0,3.0,0.0,0.0,0.09090909090909091,0.0,0.0,0.0,0
63.0,11.0,0.0,0.0,0.031746031746031744,0.0,0.0,0.0,0
64.0,15.0,1.0,0.015625,0.03125,0.0,0.0,0.0,0
34.0,6.0,0.0,0.0,0.029411764705882353,1.0,0.0,0.0,0
26.0,3.0,0.0,0.0,0.038461538461538464,0.0,0.0,0.0,0
77.0,13.0,0.0,0.0,0.025974025974025976,0.0,0.0,0.0,0
74.0,13.0,0.0,0.0,0.013513513513513514,0.0,0.0,0.0,0
136.0,22.0,21.0,0.15441176470588236,0.15441176470588236,2.0,0.0,3.0,1
52.0,8.0,0.0,0.0,0.038461538461538464,1.0,0.0,0.0,0
41.0,8.0,1.0,0.024390243902439025,0.04878048780487805,0.0,0.0,0.0,0
39.0,9.0,0.0,0.0,0.02564102564102564,0.0,0.0,0.0,0
39.0,8.0,0.0,0.0,0.05128205128205128,0.0,0.0,0.0,0
152.0,33.0,2.0,0.013157894736842105,0.07894736842105263,2.0,0.0,0.0,1
19.0,4.0,0.0,0.0,0.10526315789473684,0.0,0.0,0.0,0
26.0,4.0,0.0,0.0,0.038461538461538464,0.0,0.0,0.0,0
38.0,8.0,0.0,0.0,0.02631578947368421,1.0,0.0,0.0,0
118.0,24.0,12.0,0.1016949152542373,0.03389830508474576,1.0,0.0,0.0,1
52.0,11.0,0.0,0.0,0.057692307692307696,0.0,0.0,1.0,0
38.0,10.0,0.0,0.0,0.02631578947368421,0.0,0.0,0.0,0
27.0,5.0,1.0,0.037037037037037035,0.0,0.0,0.0,0.0,0
68.0,14.0,0.0,0.0,0.029411764705882353,2.0,0.0,0.0,0
25.0,4.0,0.0,0.0,0.08,0.0,0.0,0.0,0
45.0,9.0,0.0,0.0,0.022222222222222223,0.0,0.0,0.0,0
124.0,24.0,0.0,0.0,0.20967741935483872,1.0,0.0,0.0,0
31.0,6.0,0.0,0.0,0.03225806451612903,0.0,0.0,0.0,0
68.0,12.0,13.0,0.19117647058823528,0.17647058823529413,1.0,0.0,0.0,1
70.0,15.0,0.0,0.0,0.07142857142857142,0.0,0.0,0.0,1
63.0,13.0,0.0,0.0,0.031746031746031744,0.0,0.0,0.0,0
49.0,9.0,0.0,0.0,0.02040816326530612,0.0,0.0,0.0,0
40.0,9.0,0.0,0.0,0.075,0.0,0.0,0.0,0
155.0,32.0,0.0,0.0,0.07096774193548387,1.0,0.0,1.0,0
45.0,9.0,0.0,0.0,0.022222222222222223,1.0,0.0,0.0,0
86.0,21.0,0.0,0.0,0.03488372093023256,0.0,0.0,0.0,0
44.0,9.0,0.0,0.0,0.022727272727272728,0.0,0.0,0.0,0
188.0,41.0,2.0,0.010638297872340425,0.026595744680851064,2.0,0.0,0.0,0
114.0,25.0,0.0,0.0,0.02631578947368421,1.0,0.0,0.0,0
152.0,20.0,0.0,0.0,0.07894736842105263,0.0,0.0,0.0,0
149.0,23.0,25.0,0.16778523489932887,0.16778523489932887,3.0,0.0,0.0,1
28.0,6.0,0.0,0.0,0.03571428571428571,0.0,0.0,0.0,0
119.0,24.0,0.0,0.0,0.008403361344537815,0.0,0.0,0.0,0
37.0,9.0,1.0,0.02702702702702703,0.05405405405405406,0.0,0.0,0.0,0
82.0,19.0,0.0,0.0,0.012195121951219513,0.0,0.0,0.0,0
40.0,8.0,0.0,0.0,0.025,0.0,0.0,0.0,0
21.0,4.0,0.0,0.0,0.09523809523809523,0.0,0.0,0.0,0
40.0,8.0,0.0,0.0,0.05,0.0,0.0,0.0,0
28.0,5.0,0.0,0.0,0.03571428571428571,0.0,0.0,0.0,0
71.0,18.0,0.0,0.0,0.028169014084507043,0.0,0.0,1.0,0
461.0,66.0,1.0,0.0021691973969631237,0.16919739696312364,2.0,0.0,0.0,0
24.0,5.0,0.0,0.0,0.041666666666666664,0.0,0.0,0.0,0
48.0,11.0,0.0,0.0,0.041666666666666664,0.0,0.0,1.0,0
138.0,24.0,5.0,0.036231884057971016,0.07246376811594203,0.0,0.0,0.0,1
42.0,8.0,0.0,0.0,0.023809523809523808,0.0,0.0,0.0,0
66.0,13.0,0.0,0.0,0.045454545454545456,1.0,0.0,0.0,0
38.0,7.0,0.0,0.0,0.05263157894736842,0.0,0.0,0.0,0
24.0,5.0,0.0,0.0,0.3333333333333333,0.0,0.0,0.0,0
73.0,18.0,0.0,0.0,0.0136986301369863,0.0,0.0,0.0,0
25.0,5.0,0.0,0.0,0.08,0.0,0.0,0.0,0
22.0,4.0,0.0,0.0,0.045454545454545456,0.0,0.0,0.0,0
23.0,5.0,0.0,0.0,0.08695652173913043,0.0,0.0,0.0,0
24.0,6.0,0.0,0.0,0.16666666666666666,0.0,0.0,0.0,0
46.0,9.0,0.0,0.0,0.043478260869565216,0.0,0.0,0.0,0
109.0,24.0,15.0,0.13761467889908258,0.03669724770642202,0.0,0.0,0.0,0
69.0,12.0,19.0,0.2753623188405797,0.028985507246376812,1.0,0.0,2.0,1
84.0,15.0,0.0,0.0,0.023809523809523808,2.0,0.0,0.0,0
25.0,5.0,0.0,0.0,0.24,1.0,0.0,0.0,0
76.0,15.0,0.0,0.0,0.039473684210526314,0.0,0.0,0.0,0
23.0,6.0,0.0,0.0,0.08695652173913043,0.0,0.0,0.0,0
49.0,9.0,0.0,0.0,0.02040816326530612,0.0,0.0,0.0,0
48.0,8.0,0.0,0.0,0.020833333333333332,1.0,0.0,0.0,0
117.0,25.0,0.0,0.0,0.008547008547008548,2.0,0.0,0.0,0
75.0,11.0,0.0,0.0,0.06666666666666667,0.0,0.0,0.0,0
141.0,25.0,0.0,0.0,0.02127659574468085,0.0,0.0,0.0,0
159.0,32.0,0.0,0.0,0.10062893081761007,3.0,0.0,0.0,0
53.0,14.0,1.0,0.018867924528301886,0.07547169811320754,1.0,0.0,0.0,0
69.0,13.0,1.0,0.014492753623188406,0.7681159420289855,0.0,0.0,0.0,0
76.0,15.0,2.0,0.02631578947368421,0.02631578947368421,0.0,0.0,1.0,0
21.0,5.0,1.0,0.047619047619047616,0.047619047619047616,0.0,0.0,0.0,0
46.0,6.0,0.0,0.0,0.021739130434782608,0.0,0.0,0.0,0
130.0,26.0,0.0,0.0,0.023076923076923078,0.0,0.0,0.0,0
228.0,49.0,1.0,0.0043859649122807015,0.03508771929824561,0.0,0.0,0.0,0
22.0,4.0,0.0,0.0,0.045454545454545456,0.0,0.0,1.0,0
88.0,19.0,0.0,0.0,0.03409090909090909,0.0,0.0,0.0,0
138.0,20.0,0.0,0.0,0.0,0.0,0.0,0.0,1
162.0,28.0,0.0,0.0,0.1111111111111111,0.0,0.0,0.0,0
44.0,12.0,0.0,0.0,0.022727272727272728,0.0,0.0,0.0,0
37.0,9.0,1.0,0.02702702702702703,0.05405405405405406,0.0,0.0,0.0,0
95.0,18.0,0.0,0.0,0.021052631578947368,0.0,0.0,0.0,0
125.0,18.0,0.0,0.0,0.016,0.0,0.0,0.0,0
21.0,3.0,0.0,0.0,0.09523809523809523,0.0,0.0,0.0,0
31.0,6.0,0.0,0.0,0.03225806451612903,0.0,0.0,0.0,0
31.0,5.0,0.0,0.0,0.03225806451612903,0.0,0.0,0.0,0
145.0,26.0,19.0,0.1310344827586207,0.09655172413793103,2.0,1.0,0.0,1
154.0,37.0,0.0,0.0,0.03896103896103896,1.0,0.0,0.0,0
119.0,26.0,0.0,0.0,0.03361344537815126,0.0,0.0,0.0,0
26.0,5.0,0.0,0.0,0.038461538461538464,0.0,0.0,0.0,0
49.0,10.0,0.0,0.0,0.04081632653061224,0.0,0.0,1.0,0
29.0,6.0,0.0,0.0,0.034482758620689655,0.0,0.0,0.0,0
244.0,47.0,0.0,0.0,0.020491803278688523,0.0,0.0,1.0,0
146.0,30.0,4.0,0.0273972602739726,0.1232876712328767,0.0,0.0,0.0,1
44.0,11.0,0.0,0.0,0.022727272727272728,0.0,0.0,0.0,0
77.0,14.0,0.0,0.0,0.03896103896103896,0.0,0.0,0.0,0
44.0,11.0,2.0,0.045454545454545456,0.045454545454545456,0.0,0.0,0.0,0
75.0,15.0,0.0,0.0,0.04,0.0,0.0,0.0,0
26.0,5.0,0.0,0.0,0.038461538461538464,0.0,0.0,0.0,0
54.0,11.0,0.0,0.0,0.037037037037037035,1.0,0.0,0.0,0
42.0,8.0,0.0,0.0,0.023809523809523808,0.0,0.0,0.0,0
40.0,8.0,0.0,0.0,0.1,1.0,0.0,0.0,0
37.0,7.0,0.0,0.0,0.0,1.0,0.0,0.0,0
41.0,8.0,0.0,0.0,0.04878048780487805,0.0,0.0,0.0,0
22.0,3.0,0.0,0.0,0.045454545454545456,0.0,0.0,0.0,0
176.0,31.0,0.0,0.0,0.056818181818181816,0.0,0.0,0.0,0
154.0,25.0,27.0,0.17532467532467533,0.1038961038961039,2.0,0.0,1.0,1
94.0,21.0,1.0,0.010638297872340425,0.010638297872340425,1.0,0.0,0.0,0
36.0,7.0,0.0,0.0,0.027777777777777776,0.0,0.0,0.0,0
124.0,25.0,1.0,0.008064516129032258,0.016129032258064516,0.0,0.0,0.0,0
136.0,30.0,3.0,0.022058823529411766,0.0,0.0,0.0,0.0,0
56.0,10.0,0.0,0.0,0.03571428571428571,0.0,0.0,0.0,0
38.0,7.0,0.0,0.0,0.07894736842105263,0.0,0.0,0.0,0
60.0,10.0,0.0,0.0,0.016666666666666666,0.0,0.0,0.0,0
44.0,8.0,1.0,0.022727272727272728,0.0,0.0,0.0,0.0,0
91.0,17.0,0.0,0.0,0.03296703296703297,0.0,0.0,0.0,0
45.0,7.0,0.0,0.0,0.044444444444444446,0.0,0.0,0.0,0
71.0,14.0,0.0,0.0,0.014084507042253521,0.0,0.0,0.0,0
106.0,20.0,0.0,0.0,0.009433962264150943,0.0,0.0,0.0,0
46.0,9.0,0.0,0.0,0.021739130434782608,0.0,0.0,0.0,0
27.0,7.0,1.0,0.037037037037037035,0.037037037037037035,0.0,0.0,0.0,0
66.0,15.0,0.0,0.0,0.030303030303030304,0.0,0.0,0.0,0
158.0,27.0,22.0,0.13924050632911392,0.13291139240506328,2.0,0.0,2.0,1
54.0,12.0,0.0,0.0,0.7777777777777778,0.0,0.0,0.0,0
21.0,4.0,0.0,0.0,0.047619047619047616,0.0,0.0,0.0,0
32.0,6.0,0.0,0.0,0.0,1.0,0.0,0.0,0
149.0,30.0,4.0,0.026845637583892617,0.15436241610738255,1.0,0.0,0.0,1
40.0,6.0,0.0,0.0,0.0,0.0,0.0,0.0,0
26.0,6.0,0.0,0.0,0.07692307692307693,0.0,0.0,0.0,0
34.0,8.0,0.0,0.0,0.058823529411764705,0.0,0.0,0.0,0
32.0,6.0,0.0,0.0,0.78125,2.0,0.0,0.0,0
77.0,16.0,0.0,0.0,0.025974025974025976,0.0,0.0,1.0,0
151.0,22.0,18.0,0.11920529801324503,0.11920529801324503,1.0,0.0,0.0,1
19.0,4.0,0.0,0.0,0.0,0.0,0.0,0.0,0
26.0,6.0,0.0,0.0,0.038461538461538464,0.0,0.0,0.0,0
132.0,25.0,0.0,0.0,0.030303030303030304,0.0,0.0,0.0,0
160.0,36.0,0.0,0.0,0.01875,0.0,0.0,0.0,0
22.0,3.0,0.0,0.0,0.045454545454545456,0.0,0.0,0.0,0
65.0,13.0,0.0,0.0,0.015384615384615385,0.0,0.0,0.0,0
66.0,11.0,0.0,0.0,0.015151515151515152,0.0,0.0,0.0,0
158.0,22.0,0.0,0.0,0.05063291139240506,0.0,0.0,0.0,0
141.0,35.0,2.0,0.014184397163120567,0.7446808510638298,0.0,0.0,0.0,0
37.0,9.0,1.0,0.02702702702702703,0.02702702702702703,0.0,0.0,0.0,0
58.0,12.0,0.0,0.0,0.034482758620689655,0.0,0.0,0.0,0
39.0,5.0,0.0,0.0,0.02564102564102564,0.0,0.0,0.0,0
29.0,5.0,0.0,0.0,0.034482758620689655,0.0,0.0,0.0,0
98.0,19.0,1.0,0.01020408163265306,0.030612244897959183,0.0,0.0,0.0,0
88.0,20.0,2.0,0.022727272727272728,0.022727272727272728,0.0,0.0,0.0,0
27.0,4.0,0.0,0.0,0.8518518518518519,0.0,0.0,0.0,0
30.0,8.0,1.0,0.03333333333333333,0.03333333333333333,0.0,0.0,0.0,0
159.0,31.0,0.0,0.0,0.12578616352201258,0.0,0.0,0.0,0
136.0,22.0,10.0,0.07352941176470588,0.09558823529411764,0.0,0.0,0.0,1
33.0,6.0,0.0,0.0,0.06060606060606061,0.0,0.0,0.0,0
32.0,7.0,0.0,0.0,0.0625,1.0,0.0,0.0,0
25.0,5.0,0.0,0.0,0.04,0.0,0.0,0.0,0
49.0,8.0,0.0,0.0,0.02040816326530612,0.0,0.0,0.0,0
55.0,11.0,0.0,0.0,0.03636363636363636,1.0,0.0,0.0,0
102.0,19.0,0.0,0.0,0.0392156862745098,0.0,0.0,0.0,0
22.0,4.0,0.0,0.0,0.045454545454545456,0.0,0.0,0.0,0
124.0,26.0,3.0,0.024193548387096774,0.016129032258064516,1.0,0.0,0.0,0
53.0,9.0,0.0,0.0,0.018867924528301886,0.0,0.0,0.0,0
42.0,6.0,0.0,0.0,0.023809523809523808,0.0,0.0,0.0,0
46.0,10.0,1.0,0.021739130434782608,0.021739130434782608,0.0,0.0,0.0,0
30.0,5.0,0.0,0.0,0.1,0.0,0.0,0.0,0
127.0,26.0,2.0,0.015748031496062992,0.7480314960629921,3.0,0.0,0.0,0
136.0,28.0,0.0,0.0,0.04411764705882353,2.0,0.0,0.0,1
141.0,26.0,1.0,0.0070921985815602835,0.1347517730496454,2.0,0.0,0.0,0
53.0,6.0,1.0,0.018867924528301886,0.03773584905660377,0.0,0.0,0.0,0
35.0,7.0,0.0,0.0,0.02857142857142857,0.0,0.0,0.0,0
273.0,48.0,1.0,0.003663003663003663,0.02564102564102564,2.0,0.0,0.0,0
72.0,18.0,0.0,0.0,0.027777777777777776,0.0,0.0,0.0,0
154.0,26.0,24.0,0.15584415584415584,0.03896103896103896,2.0,0.0,2.0,1
23.0,3.0,0.0,0.0,0.043478260869565216,0.0,0.0,0.0,0
156.0,27.0,23.0,0.14743589743589744,0.14102564102564102,2.0,0.0,3.0,1
28.0,6.0,0.0,0.0,0.03571428571428571,0.0,0.0,0.0,0
81.0,14.0,1.0,0.012345679012345678,0.012345679012345678,0.0,0.0,1.0,1
138.0,31.0,1.0,0.007246376811594203,0.014492753623188406,0.0,0.0,0.0,0
21.0,4.0,0.0,0.0,0.047619047619047616,0.0,0.0,0.0,0
39.0,9.0,0.0,0.0,0.05128205128205128,2.0,0.0,0.0,0
22.0,6.0,0.0,0.0,0.045454545454545456,0.0,0.0,0.0,0
24.0,5.0,0.0,0.0,0.041666666666666664,0.0,0.0,0.0,0
99.0,20.0,0.0,0.0,0.010101010101010102,1.0,0.0,0.0,0
88.0,15.0,0.0,0.0,0.03409090909090909,1.0,0.0,0.0,0
130.0,25.0,10.0,0.07692307692307693,0.14615384615384616,0.0,0.0,0.0,1
135.0,22.0,15.0,0.1111111111111111,0.18518518518518517,0.0,1.0,0.0,1
39.0,8.0,0.0,0.0,0.02564102564102564,0.0,0.0,0.0,0
74.0,14.0,14.0,0.1891891891891892,0.02702702702702703,0.0,0.0,0.0,1
126.0,26.0,0.0,0.0,0.015873015873015872,0.0,0.0,0.0,0
108.0,16.0,13.0,0.12037037037037036,0.009259259259259259,0.0,1.0,0.0,1
33.0,6.0,11.0,0.3333333333333333,0.5151515151515151,0.0,0.0,0.0,1
31.0,7.0,0.0,0.0,0.03225806451612903,0.0,0.0,0.0,0
63.0,11.0,0.0,0.0,0.031746031746031744,0.0,0.0,0.0,0
44.0,8.0,0.0,0.0,0.022727272727272728,0.0,0.0,0.0,0
23.0,5.0,0.0,0.0,0.13043478260869565,0.0,0.0,0.0,0
134.0,25.0,17.0,0.12686567164179105,0.1417910447761194,1.0,0.0,1.0,1
120.0,26.0,3.0,0.025,0.041666666666666664,0.0,0.0,0.0,0
31.0,5.0,0.0,0.0,0.03225806451612903,0.0,0.0,1.0,0
49.0,8.0,12.0,0.24489795918367346,0.04081632653061224,0.0,0.0,0.0,1
43.0,10.0,0.0,0.0,0.06976744186046512,0.0,0.0,0.0,0
48.0,13.0,2.0,0.041666666666666664,0.020833333333333332,0.0,0.0,0.0,0
36.0,8.0,1.0,0.027777777777777776,0.08333333333333333,0.0,0.0,0.0,0
39.0,8.0,0.0,0.0,0.05128205128205128,0.0,0.0,0.0,0
147.0,36.0,0.0,0.0,0.02040816326530612,1.0,0.0,0.0,0
73.0,15.0,2.0,0.0273972602739726,0.0136986301369863,0.0,0.0,0.0,0
29.0,6.0,0.0,0.0,0.10344827586206896,0.0,0.0,0.0,0
144.0,26.0,15.0,0.10416666666666667,0.034722222222222224,0.0,0.0,0.0,1
157.0,32.0,0.0,0.0,0.044585987261146494,2.0,0.0,0.0,0
150.0,32.0,0.0,0.0,0.03333333333333333,2.0,0.0,0.0,0
57.0,11.0,0.0,0.0,0.03508771929824561,0.0,0.0,0.0,0
59.0,11.0,0.0,0.0,0.1016949152542373,0.0,0.0,1.0,0
135.0,25.0,8.0,0.05925925925925926,0.05925925925925926,4.0,0.0,0.0,1
41.0,11.0,0.0,0.0,0.7560975609756098,0.0,0.0,0.0,0
54.0,10.0,0.0,0.0,0.037037037037037035,1.0,0.0,0.0,0
22.0,5.0,1.0,0.045454545454545456,0.045454545454545456,0.0,0.0,0.0,0
53.0,11.0,0.0,0.0,0.03773584905660377,0.0,0.0,0.0,0
25.0,7.0,0.0,0.0,0.08,0.0,0.0,0.0,0
107.0,18.0,0.0,0.0,0.018691588785046728,1.0,0.0,0.0,0
32.0,6.0,0.0,0.0,0.03125,0.0,0.0,0.0,0
57.0,10.0,0.0,0.0,0.03508771929824561,0.0,0.0,0.0,0
141.0,29.0,2.0,0.014184397163120567,0.07801418439716312,0.0,0.0,1.0,1
92.0,12.0,0.0,0.0,0.010869565217391304,0.0,0.0,0.0,0
86.0,15.0,0.0,0.0,0.011627906976744186,0.0,0.0,0.0,0
57.0,9.0,0.0,0.0,0.017543859649122806,0.0,0.0,0.0,0
150.0,32.0,5.0,0.03333333333333333,0.04,0.0,0.0,0.0,0
48.0,11.0,1.0,0.020833333333333332,0.020833333333333332,0.0,0.0,0.0,0
142.0,22.0,0.0,0.0,0.007042253521126761,0.0,0.0,0.0,0
44.0,12.0,0.0,0.0,0.022727272727272728,0.0,0.0,0.0,0
45.0,9.0,0.0,0.0,0.044444444444444446,0.0,0.0,0.0,0
77.0,17.0,0.0,0.0,0.03896103896103896,0.0,0.0,0.0,0
35.0,8.0,0.0,0.0,0.7428571428571429,2.0,0.0,0.0,0
112.0,22.0,0.0,0.0,0.026785714285714284,0.0,0.0,0.0,0
41.0,8.0,0.0,0.0,0.024390243902439025,0.0,0.0,0.0,0
44.0,8.0,1.0,0.022727272727272728,0.045454545454545456,0.0,0.0,0.0,0
168.0,34.0,0.0,0.0,0.017857142857142856,0.0,0.0,1.0,0
165.0,25.0,18.0,0.10909090909090909,0.1393939393939394,2.0,0.0,1.0,1
24.0,5.0,0.0,0.0,0.041666666666666664,0.0,0.0,0.0,0
155.0,32.0,0.0,0.0,0.04516129032258064,3.0,0.0,0.0,0
153.0,26.0,24.0,0.1568627450980392,0.12418300653594772,2.0,0.0,0.0,1
54.0,10.0,1.0,0.018518518518518517,0.037037037037037035,0.0,0.0,0.0,0
154.0,33.0,0.0,0.0,0.03896103896103896,1.0,0.0,1.0,0
30.0,6.0,0.0,0.0,0.03333333333333333,0.0,0.0,0.0,0
42.0,10.0,0.0,0.0,0.023809523809523808,0.0,0.0,0.0,0
34.0,8.0,0.0,0.0,0.058823529411764705,0.0,0.0,1.0,0
59.0,8.0,0.0,0.0,0.06779661016949153,0.0,0.0,0.0,0
44.0,9.0,1.0,0.022727272727272728,0.022727272727272728,0.0,0.0,0.0,0
69.0,15.0,0.0,0.0,0.028985507246376812,0.0,0.0,1.0,0
43.0,7.0,1.0,0.023255813953488372,0.023255813953488372,0.0,0.0,0.0,0
78.0,16.0,0.0,0.0,0.038461538461538464,0.0,0.0,0.0,0
66.0,13.0,0.0,0.0,0.045454545454545456,0.0,0.0,0.0,0
68.0,14.0,3.0,0.04411764705882353,0.04411764705882353,0.0,0.0,1.0,0
166.0,32.0,0.0,0.0,0.012048192771084338,0.0,0.0,0.0,0
29.0,6.0,1.0,0.034482758620689655,0.034482758620689655,0.0,0.0,0.0,0
154.0,32.0,0.0,0.0,0.01948051948051948,0.0,0.0,1.0,0
158.0,28.0,0.0,0.0,0.02531645569620253,1.0,1.0,0.0,0
24.0,3.0,0.0,0.0,0.041666666666666664,0.0,0.0,0.0,0
34.0,7.0,0.0,0.0,0.029411764705882353,0.0,0.0,1.0,0
147.0,25.0,18.0,0.12244897959183673,0.16326530612244897,3.0,0.0,1.0,1
28.0,6.0,0.0,0.0,0.07142857142857142,0.0,0.0,0.0,0
144.0,28.0,0.0,0.0,0.05555555555555555,0.0,0.0,1.0,0
42.0,8.0,2.0,0.047619047619047616,0.023809523809523808,1.0,0.0,0.0,0
70.0,14.0,0.0,0.0,0.04285714285714286,0.0,0.0,0.0,0
85.0,18.0,0.0,0.0,0.023529411764705882,0.0,0.0,0.0,0
160.0,27.0,3.0,0.01875,0.11875,1.0,0.0,0.0,1
50.0,10.0,0.0,0.0,0.04,0.0,0.0,0.0,0
22.0,6.0,1.0,0.045454545454545456,0.045454545454545456,1.0,0.0,0.0,0
142.0,30.0,19.0,0.13380281690140844,0.04225352112676056,0.0,0.0,0.0,1
31.0,7.0,0.0,0.0,0.03225806451612903,0.0,0.0,0.0,0
47.0,11.0,0.0,0.0,0.0425531914893617,0.0,0.0,0.0,0
23.0,6.0,2.0,0.08695652173913043,0.0,0.0,0.0,0.0,0
99.0,19.0,0.0,0.0,0.010101010101010102,0.0,0.0,0.0,0
68.0,17.0,1.0,0.014705882352941176,0.029411764705882353,0.0,0.0,0.0,0
45.0,8.0,0.0,0.0,0.044444444444444446,0.0,0.0,0.0,0
205.0,31.0,0.0,0.0,0.00975609756097561,0.0,0.0,0.0,0
139.0,33.0,0.0,0.0,0.03597122302158273,0.0,0.0,0.0,0
74.0,14.0,0.0,0.0,0.013513513513513514,0.0,0.0,1.0,0
67.0,8.0,0.0,0.0,0.05970149253731343,0.0,0.0,0.0,0
165.0,30.0,0.0,0.0,0.048484848484848485,0.0,0.0,0.0,0
104.0,19.0,12.0,0.11538461538461539,0.07692307692307693,1.0,0.0,1.0,1
27.0,5.0,0.0,0.0,0.1111111111111111,0.0,0.0,0.0,0
91.0,18.0,0.0,0.0,0.01098901098901099,0.0,0.0,0.0,0
22.0,4.0,0.0,0.0,0.045454545454545456,1.0,0.0,0.0,0
41.0,7.0,0.0,0.0,0.0,1.0,0.0,0.0,0
157.0,33.0,0.0,0.0,0.044585987261146494,0.0,0.0,0.0,0
159.0,39.0,0.0,0.0,0.031446540880503145,0.0,0.0,0.0,0
62.0,12.0,0.0,0.0,0.016129032258064516,0.0,0.0,0.0,0
67.0,14.0,1.0,0.014925373134328358,0.029850746268656716,0.0,0.0,0.0,0
26.0,6.0,0.0,0.0,0.038461538461538464,0.0,0.0,0.0,0
88.0,19.0,0.0,0.0,0.011363636363636364,0.0,0.0,1.0,0
69.0,13.0,0.0,0.0,0.07246376811594203,1.0,0.0,0.0,0
71.0,17.0,0.0,0.0,0.04225352112676056,0.0,0.0,1.0,0
59.0,12.0,0.0,0.0,0.03389830508474576,0.0,0.0,0.0,0
159.0,25.0,19.0,0.11949685534591195,0.1509433962264151,2.0,0.0,0.0,1
147.0,30.0,0.0,0.0,0.027210884353741496,0.0,0.0,0.0,0
136.0,20.0,29.0,0.21323529411764705,0.125,1.0,0.0,0.0,1
158.0,27.0,23.0,0.14556962025316456,0.056962025316455694,3.0,0.0,1.0,1
29.0,3.0,0.0,0.0,0.034482758620689655,0.0,0.0,0.0,0
91.0,20.0,0.0,0.0,0.054945054945054944,0.0,0.0,1.0,0
183.0,35.0,0.0,0.0,0.01639344262295082,0.0,0.0,1.0,0
62.0,13.0,0.0,0.0,0.03225806451612903,0.0,0.0,0.0,0
243.0,52.0,0.0,0.0,0.01646090534979424,0.0,0.0,1.0,0
34.0,7.0,0.0,0.0,0.029411764705882353,0.0,0.0,0.0,0
19.0,3.0,0.0,0.0,0.10526315789473684,0.0,0.0,0.0,0
107.0,23.0,0.0,0.0,0.028037383177570093,1.0,0.0,0.0,0
41.0,9.0,0.0,0.0,0.024390243902439025,0.0,0.0,1.0,0
106.0,18.0,0.0,0.0,0.03773584905660377,0.0,0.0,0.0,0
143.0,19.0,12.0,0.08391608391608392,0.03496503496503497,1.0,1.0,0.0,1
58.0,10.0,0.0,0.0,0.017241379310344827,1.0,0.0,0.0,0
158.0,28.0,24.0,0.1518987341772152,0.08860759493670886,6.0,0.0,2.0,1
33.0,7.0,0.0,0.0,0.030303030303030304,0.0,0.0,0.0,0
29.0,6.0,0.0,0.0,0.034482758620689655,0.0,0.0,0.0,0
35.0,9.0,2.0,0.05714285714285714,0.02857142857142857,0.0,0.0,0.0,0
42.0,10.0,0.0,0.0,0.047619047619047616,0.0,0.0,0.0,0
13.0,2.0,0.0,0.0,0.07692307692307693,0.0,0.0,0.0,0
63.0,14.0,0.0,0.0,0.031746031746031744,0.0,0.0,0.0,0
133.0,17.0,0.0,0.0,0.05263157894736842,2.0,0.0,0.0,0
121.0,25.0,0.0,0.0,0.01652892561983471,0.0,0.0,0.0,0
14.0,4.0,0.0,0.0,0.07142857142857142,0.0,0.0,0.0,0
84.0,16.0,0.0,0.0,0.023809523809523808,0.0,0.0,1.0,0
42.0,9.0,0.0,0.0,0.07142857142857142,0.0,0.0,0.0,0
71.0,15.0,0.0,0.0,0.09859154929577464,0.0,0.0,0.0,0
98.0,21.0,0.0,0.0,0.01020408163265306,0.0,0.0,0.0,0
42.0,7.0,0.0,0.0,0.023809523809523808,0.0,0.0,0.0,0
33.0,6.0,0.0,0.0,0.06060606060606061,0.0,0.0,0.0,0
136.0,26.0,8.0,0.058823529411764705,0.10294117647058823,2.0,0.0,1.0,1
34.0,8.0,0.0,0.0,0.058823529411764705,0.0,0.0,0.0,0
159.0,32.0,3.0,0.018867924528301886,0.012578616352201259,0.0,0.0,0.0,0
49.0,11.0,0.0,0.0,0.061224489795918366,1.0,0.0,0.0,0
49.0,6.0,19.0,0.3877551020408163,0.0,0.0,0.0,0.0,1
93.0,20.0,1.0,0.010752688172043012,0.043010752688172046,0.0,0.0,0.0,0
101.0,22.0,1.0,0.009900990099009901,0.06930693069306931,0.0,0.0,0.0,0
67.0,14.0,0.0,0.0,0.029850746268656716,0.0,0.0,0.0,0
46.0,8.0,0.0,0.0,0.043478260869565216,0.0,0.0,0.0,0
31.0,6.0,0.0,0.0,0.06451612903225806,0.0,0.0,0.0,0
58.0,13.0,0.0,0.0,0.0,0.0,0.0,0.0,0
157.0,32.0,8.0,0.050955414012738856,0.050955414012738856,1.0,0.0,0.0,0
161.0,29.0,3.0,0.018633540372670808,0.11180124223602485,1.0,0.0,1.0,1
23.0,6.0,0.0,0.0,0.043478260869565216,0.0,0.0,0.0,0
13.0,3.0,0.0,0.0,0.15384615384615385,0.0,0.0,0.0,0
36.0,8.0,0.0,0.0,0.05555555555555555,0.0,0.0,0.0,0
46.0,7.0,0.0,0.0,0.043478260869565216,2.0,0.0,0.0,0
153.0,30.0,19.0,0.12418300653594772,0.058823529411764705,1.0,0.0,3.0,1
34.0,7.0,0.0,0.0,0.08823529411764706,0.0,0.0,0.0,0
45.0,11.0,1.0,0.022222222222222223,0.022222222222222223,0.0,0.0,0.0,0
55.0,11.0,0.0,0.0,0.05454545454545454,2.0,0.0,1.0,0
32.0,7.0,1.0,0.03125,0.03125,0.0,0.0,0.0,0
56.0,12.0,0.0,0.0,0.03571428571428571,0.0,0.0,1.0,0
24.0,6.0,0.0,0.0,0.041666666666666664,0.0,0.0,0.0,0
31.0,6.0,0.0,0.0,0.03225806451612903,0.0,0.0,0.0,0
148.0,27.0,5.0,0.033783783783783786,0.02027027027027027,0.0,0.0,0.0,1
90.0,19.0,1.0,0.011111111111111112,0.17777777777777778,0.0,0.0,0.0,0
86.0,17.0,0.0,0.0,0.03488372093023256,0.0,0.0,0.0,0
160.0,30.0,9.0,0.05625,0.10625,1.0,0.0,1.0,1
52.0,12.0,0.0,0.0,0.038461538461538464,2.0,0.0,0.0,0
41.0,9.0,0.0,0.0,0.07317073170731707,0.0,0.0,0.0,0
22.0,5.0,0.0,0.0,0.045454545454545456,0.0,0.0,1.0,0
27.0,7.0,0.0,0.0,0.037037037037037035,0.0,0.0,0.0,0
78.0,15.0,1.0,0.01282051282051282,0.02564102564102564,0.0,0.0,0.0,0
143.0,23.0,24.0,0.16783216783216784,0.14685314685314685,2.0,0.0,3.0,1
148.0,29.0,10.0,0.06756756756756757,0.0945945945945946,1.0,0.0,1.0,1
80.0,16.0,1.0,0.0125,0.025,0.0,0.0,1.0,0
86.0,20.0,0.0,0.0,0.03488372093023256,0.0,0.0,0.0,0
28.0,5.0,0.0,0.0,0.03571428571428571,0.0,0.0,0.0,0
40.0,7.0,0.0,0.0,0.05,0.0,0.0,0.0,0
152.0,36.0,0.0,0.0,0.09868421052631579,0.0,0.0,0.0,0
33.0,9.0,0.0,0.0,0.030303030303030304,0.0,0.0,0.0,0
129.0,27.0,0.0,0.0,0.023255813953488372,0.0,0.0,0.0,0
27.0,5.0,0.0,0.0,0.037037037037037035,0.0,0.0,0.0,0
51.0,13.0,0.0,0.0,0.0,0.0,0.0,0.0,0
35.0,8.0,0.0,0.0,0.05714285714285714,0.0,0.0,0.0,0
91.0,17.0,1.0,0.01098901098901099,0.03296703296703297,0.0,0.0,0.0,0
42.0,8.0,0.0,0.0,0.023809523809523808,0.0,0.0,0.0,0
172.0,36.0,0.0,0.0,0.011627906976744186,0.0,0.0,0.0,0
46.0,8.0,0.0,0.0,0.021739130434782608,0.0,0.0,0.0,0
128.0,24.0,12.0,0.09375,0.0390625,2.0,0.0,0.0,1
140.0,29.0,1.0,0.007142857142857143,0.02857142857142857,0.0,0.0,0.0,0
87.0,17.0,0.0,0.0,0.022988505747126436,0.0,0.0,0.0,0
123.0,28.0,1.0,0.008130081300813009,0.032520325203252036,0.0,0.0,0.0,0
72.0,15.0,0.0,0.0,0.027777777777777776,0.0,0.0,0.0,0
29.0,6.0,0.0,0.0,0.06896551724137931,0.0,0.0,0.0,0
184.0,37.0,0.0,0.0,0.016304347826086956,0.0,0.0,1.0,0
29.0,5.0,0.0,0.0,0.034482758620689655,0.0,0.0,0.0,0
23.0,5.0,0.0,0.0,0.08695652173913043,0.0,0.0,0.0,0
26.0,5.0,0.0,0.0,0.07692307692307693,1.0,0.0,0.0,0
15.0,2.0,0.0,0.0,0.06666666666666667,0.0,0.0,0.0,0
34.0,8.0,0.0,0.0,0.7352941176470589,0.0,0.0,0.0,0
81.0,16.0,0.0,0.0,0.012345679012345678,0.0,0.0,0.0,0
96.0,21.0,0.0,0.0,0.020833333333333332,0.0,0.0,0.0,0
63.0,11.0,0.0,0.0,0.015873015873015872,0.0,0.0,0.0,0
100.0,22.0,0.0,0.0,0.01,0.0,0.0,0.0,0
149.0,26.0,6.0,0.040268456375838924,0.7583892617449665,1.0,0.0,0.0,0
135.0,25.0,11.0,0.08148148148148149,0.1037037037037037,1.0,0.0,0.0,1
237.0,40.0,0.0,0.0,0.029535864978902954,0.0,0.0,1.0,0
136.0,30.0,0.0,0.0,0.04411764705882353,11.0,0.0,1.0,0
149.0,30.0,0.0,0.0,0.013422818791946308,0.0,0.0,0.0,0
28.0,6.0,0.0,0.0,0.03571428571428571,0.0,0.0,0.0,0
122.0,24.0,0.0,0.0,0.00819672131147541,1.0,0.0,0.0,0
75.0,16.0,0.0,0.0,0.04,2.0,0.0,0.0,0
98.0,17.0,0.0,0.0,0.02040816326530612,1.0,0.0,0.0,0
33.0,5.0,0.0,0.0,0.030303030303030304,0.0,0.0,0.0,0
45.0,8.0,0.0,0.0,0.044444444444444446,1.0,0.0,0.0,0
10.0,2.0,0.0,0.0,0.1,0.0,0.0,0.0,0
45.0,9.0,0.0,0.0,0.022222222222222223,0.0,0.0,0.0,0
23.0,4.0,0.0,0.0,0.043478260869565216,0.0,0.0,0.0,0
45.0,9.0,0.0,0.0,0.06666666666666667,0.0,0.0,0.0,0
142.0,22.0,0.0,0.0,0.07746478873239436,2.0,0.0,0.0,0
94.0,17.0,0.0,0.0,0.010638297872340425,0.0,0.0,0.0,0
74.0,14.0,0.0,0.0,0.04054054054054054,1.0,0.0,0.0,0
160.0,20.0,18.0,0.1125,0.08125,1.0,0.0,0.0,1
134.0,25.0,0.0,0.0,0.014925373134328358,0.0,0.0,0.0,0
109.0,23.0,0.0,0.0,0.009174311926605505,0.0,0.0,0.0,0
65.0,14.0,0.0,0.0,0.015384615384615385,0.0,0.0,1.0,0
28.0,6.0,0.0,0.0,0.07142857142857142,0.0,0.0,0.0,0
144.0,26.0,10.0,0.06944444444444445,0.09027777777777778,1.0,0.0,2.0,1
24.0,6.0,0.0,0.0,0.08333333333333333,0.0,0.0,0.0,0
146.0,32.0,0.0,0.0,0.00684931506849315,1.0,0.0,0.0,0
159.0,35.0,0.0,0.0,0.025157232704402517,0.0,0.0,1.0,0
96.0,18.0,0.0,0.0,0.010416666666666666,1.0,0.0,0.0,0
45.0,8.0,0.0,0.0,0.022222222222222223,0.0,0.0,0.0,0
78.0,14.0,0.0,0.0,0.02564102564102564,1.0,0.0,0.0,0
109.0,23.0,0.0,0.0,0.01834862385321101,1.0,0.0,0.0,0
122.0,25.0,0.0,0.0,0.01639344262295082,0.0,0.0,0.0,0
149.0,24.0,24.0,0.1610738255033557,0.09395973154362416,3.0,0.0,1.0,1
36.0,7.0,0.0,0.0,0.027777777777777776,0.0,0.0,0.0,0
31.0,8.0,0.0,0.0,0.06451612903225806,0.0,0.0,0.0,0
55.0,13.0,0.0,0.0,0.01818181818181818,0.0,0.0,0.0,0
372.0,76.0,0.0,0.0,0.016129032258064516,2.0,0.0,0.0,0
66.0,12.0,0.0,0.0,0.015151515151515152,0.0,0.0,0.0,0
58.0,11.0,0.0,0.0,0.034482758620689655,0.0,0.0,0.0,0
118.0,26.0,0.0,0.0,0.03389830508474576,0.0,0.0,0.0,0
26.0,6.0,0.0,0.0,0.038461538461538464,0.0,0.0,0.0,0
71.0,15.0,0.0,0.0,0.028169014084507043,0.0,0.0,0.0,0
109.0,23.0,0.0,0.0,0.03669724770642202,0.0,0.0,0.0,0
35.0,5.0,0.0,0.0,0.02857142857142857,0.0,0.0,0.0,0
148.0,33.0,0.0,0.0,0.05405405405405406,0.0,0.0,1.0,0
63.0,13.0,0.0,0.0,0.031746031746031744,1.0,0.0,1.0,0
155.0,24.0,28.0,0.18064516129032257,0.04516129032258064,2.0,0.0,1.0,1
43.0,8.0,0.0,0.0,0.023255813953488372,0.0,0.0,0.0,0
67.0,14.0,0.0,0.0,0.04477611940298507,0.0,0.0,0.0,0
23.0,6.0,0.0,0.0,0.043478260869565216,0.0,0.0,0.0,0
149.0,28.0,17.0,0.11409395973154363,0.06040268456375839,0.0,0.0,0.0,1
45.0,6.0,0.0,0.0,0.08888888888888889,0.0,0.0,1.0,0
113.0,23.0,0.0,0.0,0.07964601769911504,0.0,0.0,0.0,0
73.0,14.0,0.0,0.0,0.0273972602739726,0.0,0.0,0.0,0
67.0,12.0,0.0,0.0,0.14925373134328357,0.0,0.0,0.0,0
22.0,6.0,0.0,0.0,0.045454545454545456,0.0,0.0,0.0,0
37.0,7.0,0.0,0.0,0.0,0.0,0.0,0.0,0
28.0,5.0,0.0,0.0,0.07142857142857142,0.0,0.0,0.0,0
132.0,31.0,3.0,0.022727272727272728,0.7272727272727273,0.0,0.0,0.0,0
124.0,18.0,0.0,0.0,0.008064516129032258,1.0,0.0,1.0,0
58.0,11.0,0.0,0.0,0.1206896551724138,0.0,0.0,0.0,0
53.0,9.0,0.0,0.0,0.018867924528301886,0.0,0.0,0.0,0
155.0,29.0,14.0,0.09032258064516129,0.05806451612903226,0.0,0.0,0.0,1
72.0,13.0,0.0,0.0,0.041666666666666664,0.0,0.0,0.0,0
85.0,17.0,0.0,0.0,0.047058823529411764,2.0,0.0,0.0,0
31.0,6.0,0.0,0.0,0.06451612903225806,0.0,0.0,0.0,0
35.0,6.0,0.0,0.0,0.02857142857142857,0.0,0.0,0.0,0
158.0,34.0,2.0,0.012658227848101266,0.03164556962025317,0.0,0.0,0.0,0
121.0,24.0,0.0,0.0,0.03305785123966942,0.0,0.0,0.0,0
234.0,43.0,0.0,0.0,0.017094017094017096,0.0,0.0,0.0,0
89.0,19.0,1.0,0.011235955056179775,0.011235955056179775,0.0,0.0,0.0,0
32.0,6.0,0.0,0.0,0.0625,0.0,0.0,0.0,0
123.0,24.0,2.0,0.016260162601626018,0.024390243902439025,0.0,0.0,0.0,0
51.0,11.0,10.0,0.19607843137254902,0.5490196078431373,1.0,0.0,0.0,0
21.0,4.0,0.0,0.0,0.047619047619047616,0.0,0.0,0.0,0
49.0,10.0,0.0,0.0,0.02040816326530612,0.0,0.0,0.0,0
63.0,13.0,0.0,0.0,0.031746031746031744,0.0,0.0,0.0,0
59.0,12.0,1.0,0.01694915254237288,0.01694915254237288,0.0,0.0,0.0,0
160.0,33.0,1.0,0.00625,0.03125,0.0,0.0,1.0,0
80.0,16.0,0.0,0.0,0.0125,0.0,0.0,0.0,0
50.0,11.0,0.0,0.0,0.06,0.0,0.0,0.0,0
106.0,18.0,10.0,0.09433962264150944,0.11320754716981132,1.0,1.0,1.0,1
28.0,7.0,0.0,0.0,0.03571428571428571,1.0,0.0,0.0,0
199.0,41.0,1.0,0.005025125628140704,0.020100502512562814,1.0,0.0,0.0,0
74.0,17.0,4.0,0.05405405405405406,0.13513513513513514,1.0,0.0,0.0,0
65.0,13.0,1.0,0.015384615384615385,0.7692307692307693,0.0,0.0,0.0,0
27.0,7.0,0.0,0.0,0.07407407407407407,0.0,0.0,0.0,0
106.0,21.0,1.0,0.009433962264150943,0.02830188679245283,0.0,0.0,1.0,0
54.0,10.0,0.0,0.0,0.037037037037037035,0.0,0.0,0.0,0
14.0,4.0,0.0,0.0,0.07142857142857142,0.0,0.0,0.0,0
152.0,31.0,15.0,0.09868421052631579,0.375,1.0,0.0,1.0,1
35.0,6.0,0.0,0.0,0.05714285714285714,1.0,0.0,0.0,0
37.0,6.0,0.0,0.0,0.05405405405405406,0.0,0.0,0.0,0
120.0,21.0,0.0,0.0,0.016666666666666666,0.0,0.0,1.0,0
90.0,18.0,5.0,0.05555555555555555,0.14444444444444443,1.0,0.0,0.0,1
34.0,8.0,0.0,0.0,0.029411764705882353,0.0,0.0,0.0,0
153.0,29.0,0.0,0.0,0.013071895424836602,2.0,0.0,1.0,0
130.0,26.0,0.0,0.0,0.007692307692307693,0.0,0.0,0.0,0
25.0,6.0,0.0,0.0,0.04,1.0,0.0,1.0,0
56.0,13.0,0.0,0.0,0.03571428571428571,0.0,0.0,0.0,0
33.0,7.0,0.0,0.0,0.030303030303030304,0.0,0.0,0.0,0
33.0,6.0,0.0,0.0,0.06060606060606061,0.0,0.0,0.0,0
93.0,21.0,0.0,0.0,0.021505376344086023,0.0,0.0,0.0,0
30.0,6.0,0.0,0.0,0.03333333333333333,1.0,0.0,1.0,0
145.0,30.0,0.0,0.0,0.006896551724137931,0.0,0.0,1.0,0
69.0,17.0,0.0,0.0,0.043478260869565216,0.0,0.0,0.0,0
97.0,20.0,0.0,0.0,0.030927835051546393,0.0,0.0,0.0,0
77.0,16.0,0.0,0.0,0.03896103896103896,0.0,0.0,1.0,0
25.0,5.0,0.0,0.0,0.04,0.0,0.0,1.0,0
41.0,8.0,0.0,0.0,0.024390243902439025,0.0,0.0,0.0,0
35.0,7.0,0.0,0.0,0.02857142857142857,1.0,0.0,0.0,0
40.0,8.0,0.0,0.0,0.025,0.0,0.0,0.0,0
33.0,6.0,0.0,0.0,0.06060606060606061,0.0,0.0,0.0,0
148.0,21.0,40.0,0.2702702702702703,0.11486486486486487,1.0,0.0,0.0,1
24.0,4.0,0.0,0.0,0.041666666666666664,0.0,0.0,0.0,0
45.0,7.0,0.0,0.0,0.044444444444444446,0.0,0.0,0.0,0
37.0,8.0,0.0,0.0,0.08108108108108109,0.0,0.0,0.0,0
13.0,3.0,0.0,0.0,0.07692307692307693,0.0,0.0,0.0,0
80.0,11.0,0.0,0.0,0.0125,0.0,0.0,1.0,0
88.0,18.0,0.0,0.0,0.03409090909090909,0.0,0.0,0.0,0
29.0,7.0,0.0,0.0,0.06896551724137931,0.0,0.0,0.0,0
96.0,18.0,1.0,0.010416666666666666,0.03125,0.0,0.0,0.0,0
26.0,4.0,0.0,0.0,0.038461538461538464,0.0,0.0,0.0,0
132.0,27.0,2.0,0.015151515151515152,0.03787878787878788,1.0,0.0,0.0,0
26.0,4.0,0.0,0.0,0.038461538461538464,0.0,0.0,0.0,0
160.0,32.0,31.0,0.19375,0.25,1.0,0.0,0.0,1
79.0,17.0,0.0,0.0,0.02531645569620253,0.0,0.0,1.0,0
115.0,25.0,0.0,0.0,0.7478260869565218,0.0,0.0,1.0,0
30.0,6.0,0.0,0.0,0.06666666666666667,0.0,0.0,0.0,0
161.0,28.0,23.0,0.14285714285714285,0.14285714285714285,1.0,0.0,2.0,1
101.0,19.0,3.0,0.0297029702970297,0.0,0.0,0.0,0.0,0
27.0,5.0,3.0,0.1111111111111111,0.037037037037037035,0.0,0.0,0.0,0
165.0,32.0,23.0,0.1393939393939394,0.10909090909090909,1.0,1.0,0.0,1
20.0,5.0,0.0,0.0,0.05,0.0,0.0,0.0,0
35.0,7.0,0.0,0.0,0.05714285714285714,1.0,0.0,0.0,0
257.0,46.0,0.0,0.0,0.011673151750972763,1.0,0.0,1.0,0
142.0,26.0,2.0,0.014084507042253521,0.02112676056338028,1.0,0.0,0.0,0
47.0,10.0,1.0,0.02127659574468085,0.02127659574468085,0.0,0.0,0.0,0
35.0,8.0,0.0,0.0,0.02857142857142857,0.0,0.0,0.0,0
158.0,32.0,17.0,0.10759493670886076,0.13291139240506328,0.0,0.0,1.0,1
46.0,9.0,0.0,0.0,0.021739130434782608,0.0,0.0,0.0,0
72.0,13.0,0.0,0.0,0.041666666666666664,2.0,0.0,0.0,0
47.0,8.0,0.0,0.0,0.06382978723404255,0.0,0.0,0.0,0
62.0,14.0,0.0,0.0,0.03225806451612903,0.0,0.0,0.0,0
153.0,27.0,1.0,0.006535947712418301,0.058823529411764705,0.0,0.0,0.0,0
29.0,5.0,0.0,0.0,0.034482758620689655,0.0,0.0,0.0,0
150.0,25.0,19.0,0.12666666666666668,0.08,2.0,1.0,0.0,1
55.0,12.0,0.0,0.0,0.05454545454545454,0.0,0.0,0.0,0
146.0,30.0,0.0,0.0,0.00684931506849315,1.0,0.0,1.0,0
159.0,32.0,31.0,0.1949685534591195,0.25157232704402516,1.0,0.0,0.0,1
148.0,29.0,2.0,0.013513513513513514,0.14189189189189189,5.0,0.0,0.0,0
33.0,6.0,0.0,0.0,0.06060606060606061,0.0,0.0,0.0,0
62.0,16.0,2.0,0.03225806451612903,0.03225806451612903,0.0,0.0,0.0,0
124.0,23.0,2.0,0.016129032258064516,0.75,2.0,0.0,0.0,0
48.0,11.0,1.0,0.020833333333333332,0.041666666666666664,0.0,0.0,0.0,0
32.0,7.0,0.0,0.0,0.03125,0.0,0.0,0.0,0
629.0,109.0,1.0,0.001589825119236884,0.0397456279809221,6.0,0.0,1.0,0
29.0,6.0,0.0,0.0,0.034482758620689655,0.0,0.0,0.0,0
42.0,8.0,0.0,0.0,0.023809523809523808,0.0,0.0,0.0,0
124.0,26.0,0.0,0.0,0.008064516129032258,1.0,0.0,0.0,0
35.0,8.0,0.0,0.0,0.02857142857142857,0.0,0.0,0.0,0
72.0,15.0,0.0,0.0,0.08333333333333333,4.0,0.0,0.0,0
159.0,27.0,18.0,0.11320754716981132,0.13836477987421383,6.0,0.0,2.0,1
82.0,16.0,0.0,0.0,0.012195121951219513,1.0,0.0,1.0,0
36.0,8.0,0.0,0.0,0.05555555555555555,0.0,0.0,0.0,0
36.0,9.0,1.0,0.027777777777777776,0.027777777777777776,0.0,0.0,0.0,0
59.0,9.0,21.0,0.3559322033898305,0.0,0.0,0.0,0.0,1
114.0,25.0,2.0,0.017543859649122806,0.06140350877192982,0.0,0.0,0.0,0
25.0,4.0,0.0,0.0,0.04,0.0,0.0,0.0,0
44.0,11.0,0.0,0.0,0.045454545454545456,0.0,0.0,1.0,0
37.0,9.0,0.0,0.0,0.05405405405405406,0.0,0.0,0.0,0
158.0,28.0,14.0,0.08860759493670886,0.17721518987341772,2.0,0.0,1.0,1
65.0,15.0,0.0,0.0,0.06153846153846154,0.0,0.0,0.0,0
81.0,16.0,0.0,0.0,0.012345679012345678,0.0,0.0,0.0,0
60.0,10.0,0.0,0.0,0.016666666666666666,0.0,0.0,0.0,0
77.0,14.0,1.0,0.012987012987012988,0.012987012987012988,0.0,0.0,0.0,0
42.0,9.0,0.0,0.0,0.047619047619047616,0.0,0.0,0.0,0
106.0,20.0,1.0,0.009433962264150943,0.1320754716981132,0.0,0.0,0.0,0
82.0,17.0,1.0,0.012195121951219513,0.036585365853658534,0.0,0.0,0.0,0
45.0,10.0,0.0,0.0,0.022222222222222223,0.0,0.0,0.0,0
96.0,24.0,1.0,0.010416666666666666,0.03125,0.0,0.0,0.0,0
73.0,15.0,0.0,0.0,0.0273972602739726,0.0,0.0,0.0,0
47.0,11.0,0.0,0.0,0.02127659574468085,0.0,0.0,0.0,0
33.0,6.0,0.0,0.0,0.06060606060606061,0.0,0.0,0.0,0
40.0,11.0,0.0,0.0,0.075,0.0,0.0,0.0,0
143.0,31.0,14.0,0.0979020979020979,0.0979020979020979,2.0,0.0,1.0,1
30.0,7.0,0.0,0.0,0.5,0.0,0.0,0.0,0
160.0,27.0,24.0,0.15,0.075,4.0,0.0,1.0,1
154.0,26.0,21.0,0.13636363636363635,0.11038961038961038,3.0,0.0,0.0,1
155.0,24.0,1.0,0.0064516129032258064,0.08387096774193549,0.0,1.0,0.0,1
48.0,11.0,0.0,0.0,0.041666666666666664,0.0,0.0,0.0,0
64.0,15.0,3.0,0.046875,0.046875,0.0,0.0,1.0,0
28.0,5.0,0.0,0.0,0.03571428571428571,0.0,0.0,0.0,0
34.0,4.0,0.0,0.0,0.058823529411764705,0.0,0.0,0.0,0
99.0,18.0,10.0,0.10101010101010101,0.12121212121212122,1.0,1.0,1.0,1
170.0,27.0,0.0,0.0,0.052941176470588235,0.0,0.0,0.0,0
52.0,9.0,0.0,0.0,0.038461538461538464,0.0,0.0,0.0,0
107.0,28.0,4.0,0.037383177570093455,0.009345794392523364,0.0,0.0,0.0,0
95.0,22.0,1.0,0.010526315789473684,0.042105263157894736,0.0,0.0,0.0,0
136.0,32.0,0.0,0.0,0.014705882352941176,0.0,0.0,0.0,0
92.0,21.0,0.0,0.0,0.021739130434782608,0.0,0.0,0.0,0
61.0,11.0,0.0,0.0,0.01639344262295082,1.0,0.0,0.0,0
29.0,5.0,0.0,0.0,0.06896551724137931,0.0,0.0,0.0,0
146.0,23.0,14.0,0.0958904109589041,0.15753424657534246,0.0,1.0,0.0,1
95.0,13.0,13.0,0.1368421052631579,0.042105263157894736,4.0,0.0,1.0,1
142.0,24.0,28.0,0.19718309859154928,0.13380281690140844,0.0,0.0,1.0,1
152.0,21.0,0.0,0.0,0.006578947368421052,0.0,0.0,0.0,0
32.0,7.0,0.0,0.0,0.0625,0.0,0.0,0.0,0
48.0,8.0,0.0,0.0,0.020833333333333332,0.0,0.0,0.0,0
46.0,10.0,0.0,0.0,0.021739130434782608,0.0,0.0,0.0,0
57.0,11.0,0.0,0.0,0.017543859649122806,0.0,0.0,0.0,0
24.0,6.0,0.0,0.0,0.041666666666666664,0.0,0.0,0.0,0
143.0,28.0,0.0,0.0,0.06293706293706294,1.0,0.0,0.0,1
104.0,22.0,0.0,0.0,0.057692307692307696,0.0,0.0,1.0,0
118.0,27.0,0.0,0.0,0.00847457627118644,0.0,0.0,0.0,0
47.0,8.0,0.0,0.0,0.02127659574468085,0.0,0.0,0.0,0
134.0,26.0,0.0,0.0,0.022388059701492536,0.0,0.0,0.0,0
42.0,9.0,0.0,0.0,0.047619047619047616,0.0,0.0,0.0,0
50.0,10.0,0.0,0.0,0.04,0.0,0.0,0.0,0
151.0,31.0,4.0,0.026490066225165563,0.033112582781456956,2.0,0.0,1.0,0
30.0,5.0,0.0,0.0,0.03333333333333333,1.0,0.0,0.0,0
135.0,24.0,0.0,0.0,0.17777777777777778,3.0,0.0,1.0,0
23.0,6.0,0.0,0.0,0.043478260869565216,0.0,0.0,0.0,0
44.0,7.0,7.0,0.1590909090909091,0.22727272727272727,1.0,0.0,0.0,1
160.0,29.0,0.0,0.0,0.03125,0.0,0.0,0.0,0
144.0,31.0,0.0,0.0,0.05555555555555555,0.0,0.0,0.0,0
72.0,16.0,0.0,0.0,0.041666666666666664,0.0,0.0,1.0,0
41.0,10.0,1.0,0.024390243902439025,0.04878048780487805,1.0,0.0,0.0,0
141.0,30.0,0.0,0.0,0.02127659574468085,0.0,0.0,0.0,0
158.0,27.0,13.0,0.08227848101265822,0.08860759493670886,2.0,0.0,0.0,1
73.0,14.0,0.0,0.0,0.0136986301369863,0.0,0.0,0.0,0
31.0,8.0,0.0,0.0,0.06451612903225806,0.0,0.0,1.0,0
113.0,26.0,0.0,0.0,0.008849557522123894,0.0,0.0,0.0,0
32.0,9.0,3.0,0.09375,0.03125,0.0,0.0,0.0,0
156.0,33.0,0.0,0.0,0.03205128205128205,2.0,0.0,1.0,0
24.0,4.0,0.0,0.0,0.041666666666666664,0.0,0.0,0.0,0
75.0,16.0,0.0,0.0,0.05333333333333334,0.0,0.0,0.0,0
62.0,11.0,0.0,0.0,0.016129032258064516,0.0,0.0,0.0,0
70.0,13.0,0.0,0.0,0.08571428571428572,0.0,0.0,0.0,0
43.0,8.0,0.0,0.0,0.06976744186046512,0.0,0.0,1.0,0
33.0,7.0,0.0,0.0,0.09090909090909091,0.0,0.0,0.0,0
89.0,15.0,20.0,0.2247191011235955,0.0898876404494382,0.0,0.0,0.0,1
148.0,29.0,0.0,0.0,0.033783783783783786,1.0,0.0,0.0,0
46.0,10.0,0.0,0.0,0.043478260869565216,0.0,0.0,0.0,0
36.0,8.0,0.0,0.0,0.027777777777777776,0.0,0.0,0.0,0
27.0,6.0,0.0,0.0,0.037037037037037035,0.0,0.0,0.0,0
80.0,19.0,2.0,0.025,0.025,0.0,0.0,0.0,0
20.0,5.0,0.0,0.0,0.1,0.0,0.0,0.0,0
192.0,35.0,0.0,0.0,0.026041666666666668,1.0,0.0,0.0,0
87.0,21.0,1.0,0.011494252873563218,0.011494252873563218,0.0,0.0,0.0,0
77.0,18.0,1.0,0.012987012987012988,0.025974025974025976,1.0,0.0,0.0,0
208.0,43.0,1.0,0.004807692307692308,0.02403846153846154,2.0,0.0,1.0,0
90.0,19.0,0.0,0.0,0.022222222222222223,0.0,0.0,0.0,0
89.0,19.0,0.0,0.0,0.02247191011235955,0.0,0.0,0.0,0
79.0,16.0,0.0,0.0,0.012658227848101266,0.0,0.0,0.0,0
24.0,5.0,0.0,0.0,0.041666666666666664,0.0,0.0,0.0,0
39.0,8.0,0.0,0.0,0.02564102564102564,0.0,0.0,0.0,0
69.0,14.0,1.0,0.014492753623188406,0.043478260869565216,0.0,0.0,1.0,0
40.0,11.0,0.0,0.0,0.1,0.0,0.0,0.0,0
65.0,16.0,0.0,0.0,0.03076923076923077,1.0,0.0,0.0,0
128.0,19.0,1.0,0.0078125,0.1328125,0.0,0.0,0.0,0
70.0,12.0,0.0,0.0,0.014285714285714285,0.0,0.0,0.0,0
75.0,13.0,0.0,0.0,0.02666666666666667,0.0,0.0,0.0,0
102.0,24.0,1.0,0.00980392156862745,0.0196078431372549,2.0,0.0,1.0,0
142.0,31.0,0.0,0.0,0.02112676056338028,0.0,0.0,0.0,0
153.0,29.0,5.0,0.032679738562091505,0.1830065359477124,0.0,0.0,0.0,1
45.0,10.0,0.0,0.0,0.044444444444444446,0.0,0.0,0.0,0
147.0,29.0,0.0,0.0,0.034013605442176874,0.0,0.0,0.0,0
157.0,30.0,0.0,0.0,0.012738853503184714,0.0,0.0,0.0,0
50.0,10.0,0.0,0.0,0.04,0.0,0.0,1.0,0
92.0,19.0,0.0,0.0,0.010869565217391304,0.0,0.0,0.0,0
38.0,9.0,1.0,0.02631578947368421,0.05263157894736842,0.0,0.0,0.0,0
80.0,18.0,0.0,0.0,0.0375,0.0,0.0,0.0,0
142.0,26.0,1.0,0.007042253521126761,0.7394366197183099,1.0,0.0,1.0,0
146.0,30.0,0.0,0.0,0.0273972602739726,0.0,0.0,0.0,0
74.0,15.0,0.0,0.0,0.02702702702702703,0.0,0.0,0.0,0
19.0,5.0,1.0,0.05263157894736842,0.05263157894736842,0.0,0.0,0.0,0
28.0,6.0,0.0,0.0,0.03571428571428571,0.0,0.0,0.0,0
133.0,24.0,0.0,0.0,0.045112781954887216,1.0,0.0,0.0,1
44.0,9.0,0.0,0.0,0.022727272727272728,0.0,0.0,0.0,0
115.0,25.0,1.0,0.008695652173913044,0.043478260869565216,0.0,0.0,1.0,0
56.0,12.0,0.0,0.0,0.03571428571428571,0.0,0.0,1.0,0
41.0,9.0,0.0,0.0,0.04878048780487805,0.0,0.0,0.0,0
41.0,7.0,0.0,0.0,0.04878048780487805,0.0,0.0,0.0,0
152.0,22.0,18.0,0.11842105263157894,0.11842105263157894,0.0,1.0,0.0,1
31.0,6.0,0.0,0.0,0.03225806451612903,0.0,0.0,0.0,0
152.0,28.0,15.0,0.09868421052631579,0.039473684210526314,1.0,0.0,1.0,1
156.0,23.0,6.0,0.038461538461538464,0.28205128205128205,3.0,0.0,0.0,1
23.0,5.0,1.0,0.043478260869565216,0.0,0.0,0.0,0.0,0
52.0,11.0,0.0,0.0,0.057692307692307696,1.0,0.0,0.0,0
71.0,15.0,0.0,0.0,0.04225352112676056,0.0,0.0,0.0,0
71.0,15.0,0.0,0.0,0.028169014084507043,0.0,0.0,0.0,0
26.0,7.0,0.0,0.0,0.038461538461538464,1.0,0.0,0.0,0
36.0,6.0,0.0,0.0,0.027777777777777776,0.0,0.0,0.0,0
158.0,22.0,24.0,0.1518987341772152,0.15822784810126583,0.0,0.0,0.0,1
20.0,6.0,1.0,0.05,0.05,0.0,0.0,0.0,0
183.0,36.0,0.0,0.0,0.02185792349726776,1.0,0.0,0.0,0
43.0,8.0,0.0,0.0,0.046511627906976744,0.0,0.0,0.0,0
26.0,6.0,0.0,0.0,0.038461538461538464,0.0,0.0,1.0,0
8.0,1.0,0.0,0.0,0.125,0.0,0.0,0.0,0
146.0,32.0,10.0,0.0684931506849315,0.2191780821917808,2.0,0.0,0.0,1
54.0,12.0,0.0,0.0,0.037037037037037035,0.0,0.0,0.0,0
34.0,9.0,0.0,0.0,0.058823529411764705,0.0,0.0,0.0,0
66.0,12.0,0.0,0.0,0.030303030303030304,1.0,0.0,0.0,0
24.0,3.0,0.0,0.0,0.041666666666666664,0.0,0.0,0.0,0
44.0,8.0,0.0,0.0,0.045454545454545456,0.0,0.0,0.0,0
139.0,26.0,17.0,0.1223021582733813,0.0,6.0,0.0,3.0,1
62.0,12.0,0.0,0.0,0.016129032258064516,0.0,0.0,0.0,0
15.0,3.0,0.0,0.0,0.06666666666666667,0.0,0.0,0.0,0
159.0,33.0,0.0,0.0,0.025157232704402517,0.0,0.0,0.0,0
6.0,2.0,0.0,0.0,0.16666666666666666,0.0,0.0,0.0,0
35.0,5.0,0.0,0.0,0.02857142857142857,0.0,0.0,0.0,0
149.0,28.0,17.0,0.11409395973154363,0.2684563758389262,3.0,0.0,1.0,1
144.0,28.0,5.0,0.034722222222222224,0.041666666666666664,2.0,0.0,0.0,1
160.0,34.0,0.0,0.0,0.0375,1.0,0.0,0.0,0
155.0,32.0,5.0,0.03225806451612903,0.07741935483870968,0.0,0.0,1.0,1
90.0,21.0,0.0,0.0,0.022222222222222223,1.0,0.0,0.0,0
152.0,36.0,0.0,0.0,0.039473684210526314,0.0,0.0,0.0,0
49.0,12.0,0.0,0.0,0.061224489795918366,0.0,0.0,0.0,0
155.0,26.0,16.0,0.1032258064516129,0.05806451612903226,1.0,0.0,1.0,1
90.0,16.0,0.0,0.0,0.03333333333333333,0.0,0.0,0.0,0
70.0,13.0,0.0,0.0,0.04285714285714286,0.0,0.0,0.0,0
139.0,32.0,0.0,0.0,0.02158273381294964,0.0,0.0,0.0,0
118.0,27.0,0.0,0.0,0.025423728813559324,1.0,0.0,0.0,0
83.0,18.0,1.0,0.012048192771084338,0.04819277108433735,0.0,0.0,0.0,0
158.0,35.0,0.0,0.0,0.006329113924050633,2.0,0.0,0.0,0
40.0,6.0,0.0,0.0,0.025,1.0,0.0,0.0,0
45.0,9.0,0.0,0.0,0.022222222222222223,0.0,0.0,0.0,0
160.0,29.0,14.0,0.0875,0.21875,2.0,0.0,1.0,1
37.0,9.0,0.0,0.0,0.02702702702702703,0.0,0.0,0.0,0
33.0,6.0,0.0,0.0,0.06060606060606061,2.0,0.0,0.0,0
181.0,31.0,1.0,0.0055248618784530384,0.022099447513812154,1.0,0.0,0.0,1
103.0,20.0,0.0,0.0,0.02912621359223301,1.0,0.0,0.0,0
51.0,11.0,0.0,0.0,0.0392156862745098,0.0,0.0,0.0,0
27.0,5.0,0.0,0.0,0.037037037037037035,0.0,0.0,1.0,0
152.0,27.0,3.0,0.019736842105263157,0.05921052631578947,0.0,0.0,0.0,0
22.0,5.0,0.0,0.0,0.09090909090909091,1.0,0.0,0.0,0
58.0,12.0,0.0,0.0,0.034482758620689655,0.0,0.0,0.0,0
43.0,9.0,0.0,0.0,0.046511627906976744,0.0,0.0,0.0,0
112.0,25.0,1.0,0.008928571428571428,0.017857142857142856,0.0,0.0,0.0,0
151.0,28.0,37.0,0.24503311258278146,0.046357615894039736,1.0,0.0,2.0,1
61.0,12.0,0.0,0.0,0.03278688524590164,0.0,0.0,0.0,0
63.0,14.0,0.0,0.0,0.031746031746031744,0.0,0.0,0.0,0
200.0,39.0,0.0,0.0,0.02,1.0,0.0,0.0,0
115.0,24.0,0.0,0.0,0.043478260869565216,1.0,0.0,1.0,0
106.0,22.0,3.0,0.02830188679245283,0.02830188679245283,3.0,0.0,0.0,1
42.0,10.0,0.0,0.0,0.023809523809523808,0.0,0.0,0.0,0
58.0,12.0,0.0,0.0,0.034482758620689655,0.0,0.0,0.0,0
22.0,4.0,0.0,0.0,0.045454545454545456,0.0,0.0,0.0,0
73.0,14.0,0.0,0.0,0.0136986301369863,0.0,0.0,0.0,0
133.0,23.0,6.0,0.045112781954887216,0.09022556390977443,0.0,0.0,0.0,1
157.0,26.0,14.0,0.08917197452229299,0.06369426751592357,0.0,0.0,0.0,1
17.0,4.0,1.0,0.058823529411764705,0.7058823529411765,0.0,0.0,0.0,0
141.0,27.0,29.0,0.20567375886524822,0.07092198581560284,2.0,0.0,1.0,1
78.0,10.0,7.0,0.08974358974358974,0.05128205128205128,2.0,0.0,0.0,0
93.0,18.0,0.0,0.0,0.06451612903225806,0.0,0.0,1.0,0
41.0,9.0,0.0,0.0,0.024390243902439025,0.0,0.0,0.0,0
137.0,22.0,6.0,0.043795620437956206,0.31386861313868614,2.0,0.0,0.0,1
34.0,6.0,0.0,0.0,0.08823529411764706,0.0,0.0,0.0,0
96.0,20.0,0.0,0.0,0.010416666666666666,0.0,0.0,1.0,0
45.0,9.0,0.0,0.0,0.044444444444444446,0.0,0.0,0.0,0
32.0,9.0,0.0,0.0,0.09375,0.0,0.0,1.0,0
33.0,6.0,0.0,0.0,0.06060606060606061,0.0,0.0,0.0,0
53.0,8.0,0.0,0.0,0.0,0.0,0.0,0.0,0
45.0,8.0,1.0,0.022222222222222223,0.044444444444444446,0.0,0.0,0.0,0
49.0,10.0,0.0,0.0,0.061224489795918366,0.0,0.0,0.0,0
74.0,11.0,0.0,0.0,0.013513513513513514,0.0,0.0,0.0,0
103.0,21.0,0.0,0.0,0.019417475728155338,0.0,0.0,0.0,0
38.0,7.0,0.0,0.0,0.02631578947368421,0.0,0.0,0.0,0
116.0,23.0,0.0,0.0,0.02586206896551724,0.0,0.0,0.0,0
35.0,5.0,0.0,0.0,0.02857142857142857,0.0,0.0,0.0,0
160.0,26.0,15.0,0.09375,0.075,0.0,0.0,0.0,1
37.0,5.0,0.0,0.0,0.02702702702702703,0.0,0.0,0.0,0
25.0,6.0,0.0,0.0,0.76,0.0,0.0,0.0,0
121.0,26.0,0.0,0.0,0.03305785123966942,0.0,0.0,1.0,0
44.0,10.0,0.0,0.0,0.045454545454545456,1.0,0.0,0.0,0
151.0,26.0,23.0,0.152317880794702,0.09933774834437085,3.0,0.0,1.0,1
52.0,11.0,0.0,0.0,0.038461538461538464,0.0,0.0,0.0,0
38.0,9.0,0.0,0.0,0.02631578947368421,0.0,0.0,0.0,0
124.0,22.0,0.0,0.0,0.024193548387096774,0.0,0.0,0.0,0
94.0,20.0,0.0,0.0,0.05319148936170213,0.0,0.0,0.0,0
49.0,7.0,0.0,0.0,0.02040816326530612,0.0,0.0,0.0,0
25.0,5.0,0.0,0.0,0.04,0.0,0.0,0.0,0
17.0,4.0,2.0,0.11764705882352941,0.0,0.0,0.0,0.0,0
15.0,3.0,0.0,0.0,0.06666666666666667,0.0,0.0,0.0,0
58.0,11.0,0.0,0.0,0.017241379310344827,0.0,0.0,0.0,0
137.0,24.0,28.0,0.20437956204379562,0.10218978102189781,0.0,0.0,1.0,1
30.0,6.0,0.0,0.0,0.03333333333333333,0.0,0.0,0.0,0
52.0,11.0,1.0,0.019230769230769232,0.038461538461538464,0.0,0.0,1.0,0
171.0,30.0,0.0,0.0,0.005847953216374269,1.0,0.0,0.0,0
146.0,29.0,1.0,0.00684931506849315,0.00684931506849315,0.0,0.0,0.0,0
104.0,20.0,0.0,0.0,0.04807692307692308,0.0,0.0,1.0,0
38.0,10.0,0.0,0.0,0.02631578947368421,0.0,0.0,0.0,0
43.0,8.0,0.0,0.0,0.023255813953488372,0.0,0.0,0.0,0
123.0,22.0,1.0,0.008130081300813009,0.04065040650406504,0.0,0.0,0.0,0
154.0,19.0,1.0,0.006493506493506494,0.006493506493506494,1.0,0.0,0.0,0
4.0,2.0,1.0,0.25,0.25,0.0,0.0,0.0,0
44.0,7.0,0.0,0.0,0.022727272727272728,0.0,0.0,0.0,0
60.0,13.0,0.0,0.0,0.05,0.0,0.0,0.0,0
47.0,11.0,3.0,0.06382978723404255,0.0425531914893617,0.0,0.0,0.0,0
129.0,26.0,0.0,0.0,0.023255813953488372,1.0,0.0,0.0,0
32.0,6.0,0.0,0.0,0.03125,0.0,0.0,0.0,0
26.0,5.0,0.0,0.0,0.07692307692307693,0.0,0.0,0.0,0
39.0,8.0,0.0,0.0,0.02564102564102564,1.0,0.0,0.0,0
22.0,6.0,0.0,0.0,0.045454545454545456,0.0,0.0,0.0,0
3.0,1.0,0.0,0.0,0.3333333333333333,0.0,0.0,0.0,0
23.0,5.0,0.0,0.0,0.043478260869565216,0.0,0.0,0.0,0
49.0,11.0,0.0,0.0,0.04081632653061224,0.0,0.0,0.0,0
24.0,6.0,0.0,0.0,0.041666666666666664,0.0,0.0,1.0,0
8.0,2.0,0.0,0.0,0.125,0.0,0.0,0.0,0
17.0,3.0,0.0,0.0,0.058823529411764705,0.0,0.0,0.0,0
72.0,14.0,0.0,0.0,0.027777777777777776,1.0,0.0,0.0,0
27.0,5.0,0.0,0.0,0.037037037037037035,0.0,0.0,0.0,0
165.0,28.0,22.0,0.13333333333333333,0.01818181818181818,1.0,0.0,1.0,1
157.0,28.0,0.0,0.0,0.01910828025477707,0.0,0.0,1.0,1
54.0,11.0,0.0,0.0,0.05555555555555555,0.0,0.0,0.0,0
33.0,8.0,0.0,0.0,0.030303030303030304,0.0,0.0,0.0,0
47.0,11.0,0.0,0.0,0.06382978723404255,0.0,0.0,0.0,0
40.0,9.0,0.0,0.0,0.05,0.0,0.0,0.0,0
114.0,24.0,1.0,0.008771929824561403,0.008771929824561403,0.0,0.0,0.0,0
26.0,5.0,0.0,0.0,0.038461538461538464,0.0,0.0,0.0,0
59.0,12.0,1.0,0.01694915254237288,0.03389830508474576,0.0,0.0,0.0,0
63.0,12.0,0.0,0.0,0.015873015873015872,1.0,0.0,0.0,0
27.0,4.0,0.0,0.0,0.0,0.0,0.0,0.0,0
61.0,12.0,0.0,0.0,0.04918032786885246,0.0,0.0,0.0,0
77.0,16.0,0.0,0.0,0.025974025974025976,0.0,0.0,0.0,0
47.0,9.0,0.0,0.0,0.02127659574468085,0.0,0.0,0.0,0
22.0,6.0,0.0,0.0,0.7727272727272727,0.0,0.0,0.0,0
69.0,12.0,0.0,0.0,0.014492753623188406,0.0,0.0,0.0,0
53.0,9.0,0.0,0.0,0.03773584905660377,0.0,0.0,0.0,0
18.0,4.0,0.0,0.0,0.05555555555555555,0.0,0.0,0.0,0
38.0,8.0,2.0,0.05263157894736842,0.02631578947368421,0.0,0.0,0.0,0
50.0,9.0,0.0,0.0,0.04,0.0,0.0,0.0,0
32.0,7.0,0.0,0.0,0.03125,0.0,0.0,0.0,0
156.0,28.0,6.0,0.038461538461538464,0.04487179487179487,0.0,1.0,0.0,1
42.0,8.0,0.0,0.0,0.047619047619047616,0.0,0.0,0.0,0
81.0,15.0,0.0,0.0,0.024691358024691357,1.0,0.0,0.0,0
48.0,11.0,0.0,0.0,0.041666666666666664,0.0,0.0,0.0,0
102.0,18.0,0.0,0.0,0.029411764705882353,0.0,0.0,0.0,0
43.0,9.0,0.0,0.0,0.023255813953488372,0.0,0.0,0.0,0
23.0,5.0,0.0,0.0,0.043478260869565216,0.0,0.0,0.0,0
37.0,8.0,0.0,0.0,0.02702702702702703,0.0,0.0,0.0,0
37.0,8.0,0.0,0.0,0.02702702702702703,0.0,0.0,0.0,0
145.0,24.0,24.0,0.16551724137931034,0.13793103448275862,2.0,0.0,3.0,1
22.0,5.0,0.0,0.0,0.045454545454545456,0.0,0.0,0.0,0
45.0,10.0,0.0,0.0,0.06666666666666667,0.0,0.0,1.0,0
59.0,11.0,0.0,0.0,0.01694915254237288,0.0,0.0,0.0,0
28.0,7.0,0.0,0.0,0.03571428571428571,0.0,0.0,0.0,0
29.0,5.0,0.0,0.0,0.034482758620689655,0.0,0.0,0.0,0
122.0,24.0,0.0,0.0,0.01639344262295082,0.0,0.0,1.0,0
111.0,24.0,0.0,0.0,0.02702702702702703,0.0,0.0,0.0,0
38.0,4.0,0.0,0.0,0.02631578947368421,0.0,0.0,0.0,0
60.0,13.0,0.0,0.0,0.05,0.0,0.0,0.0,0
37.0,10.0,0.0,0.0,0.02702702702702703,0.0,0.0,0.0,0
145.0,23.0,22.0,0.15172413793103448,0.1724137931034483,1.0,0.0,1.0,1
40.0,7.0,1.0,0.025,0.025,0.0,0.0,0.0,0
25.0,5.0,0.0,0.0,0.04,0.0,0.0,0.0,0
27.0,5.0,0.0,0.0,0.037037037037037035,0.0,0.0,0.0,0
49.0,7.0,0.0,0.0,0.02040816326530612,0.0,0.0,0.0,0
83.0,18.0,0.0,0.0,0.012048192771084338,0.0,0.0,1.0,0
142.0,26.0,0.0,0.0,0.07042253521126761,0.0,0.0,0.0,0
71.0,16.0,0.0,0.0,0.04225352112676056,0.0,0.0,0.0,0
23.0,6.0,0.0,0.0,0.08695652173913043,0.0,0.0,0.0,0
110.0,22.0,0.0,0.0,0.02727272727272727,0.0,0.0,0.0,0
56.0,10.0,0.0,0.0,0.05357142857142857,0.0,0.0,0.0,0
57.0,13.0,0.0,0.0,0.03508771929824561,0.0,0.0,0.0,0
124.0,28.0,0.0,0.0,0.04838709677419355,0.0,0.0,1.0,0
23.0,6.0,0.0,0.0,0.043478260869565216,0.0,0.0,1.0,0
53.0,11.0,0.0,0.0,0.0,1.0,0.0,0.0,0
38.0,7.0,0.0,0.0,0.05263157894736842,0.0,0.0,0.0,0
47.0,11.0,0.0,0.0,0.0425531914893617,0.0,0.0,0.0,0
69.0,13.0,0.0,0.0,0.028985507246376812,0.0,0.0,0.0,0
28.0,6.0,0.0,0.0,0.07142857142857142,0.0,0.0,0.0,0
67.0,14.0,0.0,0.0,0.029850746268656716,0.0,0.0,0.0,0
63.0,14.0,0.0,0.0,0.015873015873015872,0.0,0.0,0.0,0
81.0,18.0,0.0,0.0,0.037037037037037035,0.0,0.0,1.0,0
65.0,13.0,0.0,0.0,0.015384615384615385,1.0,0.0,0.0,0
109.0,22.0,8.0,0.07339449541284404,0.11009174311926606,2.0,0.0,1.0,1
153.0,32.0,0.0,0.0,0.032679738562091505,1.0,0.0,0.0,0
27.0,6.0,0.0,0.0,0.07407407407407407,0.0,0.0,0.0,0
23.0,4.0,0.0,0.0,0.043478260869565216,0.0,0.0,0.0,0
25.0,2.0,0.0,0.0,0.04,0.0,0.0,0.0,0
152.0,32.0,23.0,0.1513157894736842,0.3157894736842105,0.0,0.0,1.0,1
248.0,33.0,9.0,0.036290322580645164,0.016129032258064516,2.0,0.0,0.0,0
53.0,9.0,0.0,0.0,0.018867924528301886,0.0,0.0,0.0,0
30.0,7.0,0.0,0.0,0.03333333333333333,0.0,0.0,0.0,0
25.0,5.0,0.0,0.0,0.04,0.0,0.0,0.0,0
3.0,1.0,0.0,0.0,0.3333333333333333,0.0,0.0,0.0,0
51.0,11.0,0.0,0.0,0.0392156862745098,0.0,0.0,1.0,0
33.0,7.0,0.0,0.0,0.030303030303030304,1.0,0.0,0.0,0
375.0,68.0,1.0,0.0026666666666666666,0.04,1.0,0.0,1.0,0
22.0,5.0,0.0,0.0,0.045454545454545456,0.0,0.0,0.0,0
23.0,3.0,0.0,0.0,0.043478260869565216,0.0,0.0,0.0,0
62.0,14.0,0.0,0.0,0.03225806451612903,0.0,0.0,0.0,0
66.0,12.0,0.0,0.0,0.015151515151515152,0.0,0.0,0.0,0
153.0,31.0,1.0,0.006535947712418301,0.0196078431372549,0.0,0.0,0.0,0
110.0,21.0,0.0,0.0,0.00909090909090909,0.0,0.0,0.0,0
127.0,25.0,2.0,0.015748031496062992,0.7480314960629921,2.0,0.0,0.0,0
103.0,23.0,0.0,0.0,0.038834951456310676,0.0,0.0,0.0,0
57.0,13.0,0.0,0.0,0.03508771929824561,2.0,0.0,0.0,0
28.0,8.0,0.0,0.0,0.03571428571428571,0.0,0.0,0.0,0
82.0,16.0,2.0,0.024390243902439025,0.024390243902439025,0.0,0.0,0.0,0
27.0,6.0,0.0,0.0,0.037037037037037035,0.0,0.0,0.0,0
70.0,13.0,0.0,0.0,0.02857142857142857,2.0,0.0,0.0,0
139.0,34.0,1.0,0.007194244604316547,0.03597122302158273,2.0,0.0,1.0,0
124.0,24.0,0.0,0.0,0.11290322580645161,0.0,0.0,1.0,1
26.0,6.0,0.0,0.0,0.038461538461538464,0.0,0.0,0.0,0
106.0,20.0,1.0,0.009433962264150943,0.009433962264150943,0.0,0.0,0.0,0
94.0,21.0,0.0,0.0,0.010638297872340425,0.0,0.0,1.0,0
60.0,15.0,0.0,0.0,0.03333333333333333,0.0,0.0,0.0,0
10.0,1.0,0.0,0.0,0.1,0.0,0.0,0.0,0
30.0,7.0,0.0,0.0,0.03333333333333333,0.0,0.0,0.0,0
162.0,35.0,15.0,0.09259259259259259,0.12345679012345678,2.0,0.0,0.0,1
54.0,9.0,0.0,0.0,0.018518518518518517,0.0,0.0,0.0,0
61.0,13.0,0.0,0.0,0.01639344262295082,0.0,0.0,0.0,0
163.0,29.0,0.0,0.0,0.2883435582822086,0.0,0.0,0.0,0
45.0,10.0,0.0,0.0,0.06666666666666667,1.0,0.0,0.0,0
59.0,12.0,0.0,0.0,0.01694915254237288,0.0,0.0,0.0,0
54.0,10.0,0.0,0.0,0.037037037037037035,0.0,0.0,0.0,0
41.0,10.0,0.0,0.0,0.04878048780487805,0.0,0.0,0.0,0
23.0,4.0,0.0,0.0,0.043478260869565216,0.0,0.0,0.0,0
139.0,28.0,7.0,0.050359712230215826,0.10071942446043165,1.0,0.0,0.0,1
26.0,5.0,0.0,0.0,0.038461538461538464,0.0,0.0,0.0,0
23.0,5.0,0.0,0.0,0.043478260869565216,0.0,0.0,0.0,0
83.0,18.0,0.0,0.0,0.04819277108433735,0.0,0.0,0.0,0
106.0,23.0,0.0,0.0,0.02830188679245283,0.0,0.0,0.0,0
93.0,17.0,0.0,0.0,0.06451612903225806,0.0,0.0,0.0,0
30.0,5.0,0.0,0.0,0.06666666666666667,1.0,0.0,0.0,0
75.0,15.0,0.0,0.0,0.013333333333333334,2.0,0.0,0.0,0
24.0,5.0,0.0,0.0,0.041666666666666664,0.0,0.0,0.0,0
61.0,11.0,0.0,0.0,0.03278688524590164,0.0,0.0,1.0,0
65.0,15.0,0.0,0.0,0.015384615384615385,1.0,0.0,0.0,0
76.0,15.0,0.0,0.0,0.06578947368421052,0.0,0.0,0.0,0
29.0,6.0,0.0,0.0,0.034482758620689655,0.0,0.0,0.0,0
38.0,8.0,1.0,0.02631578947368421,0.02631578947368421,0.0,0.0,0.0,0
87.0,16.0,0.0,0.0,0.011494252873563218,0.0,0.0,0.0,0
38.0,8.0,0.0,0.0,0.02631578947368421,0.0,0.0,0.0,0
50.0,10.0,0.0,0.0,0.04,0.0,0.0,0.0,0
26.0,7.0,0.0,0.0,0.038461538461538464,0.0,0.0,0.0,0
117.0,27.0,0.0,0.0,0.02564102564102564,0.0,0.0,0.0,0
111.0,20.0,0.0,0.0,0.02702702702702703,0.0,0.0,0.0,0
48.0,10.0,0.0,0.0,0.041666666666666664,0.0,0.0,1.0,0
102.0,18.0,1.0,0.00980392156862745,0.7156862745098039,3.0,0.0,1.0,0
71.0,13.0,0.0,0.0,0.014084507042253521,0.0,0.0,0.0,0
44.0,9.0,0.0,0.0,0.022727272727272728,0.0,0.0,0.0,0
36.0,7.0,0.0,0.0,0.027777777777777776,0.0,0.0,0.0,0
48.0,9.0,4.0,0.08333333333333333,0.041666666666666664,0.0,0.0,0.0,0
47.0,7.0,1.0,0.02127659574468085,0.02127659574468085,0.0,0.0,0.0,0
96.0,21.0,0.0,0.0,0.041666666666666664,1.0,0.0,0.0,0
42.0,10.0,0.0,0.0,0.047619047619047616,0.0,0.0,0.0,0
76.0,17.0,0.0,0.0,0.05263157894736842,0.0,0.0,0.0,0
66.0,10.0,0.0,0.0,0.06060606060606061,0.0,0.0,0.0,0
71.0,14.0,8.0,0.11267605633802817,0.014084507042253521,0.0,0.0,0.0,1
75.0,16.0,0.0,0.0,0.013333333333333334,0.0,0.0,0.0,0
34.0,8.0,0.0,0.0,0.029411764705882353,0.0,0.0,1.0,0
160.0,33.0,0.0,0.0,0.01875,0.0,0.0,0.0,0
70.0,12.0,0.0,0.0,0.04285714285714286,0.0,0.0,1.0,0
23.0,6.0,0.0,0.0,0.043478260869565216,0.0,0.0,0.0,0
22.0,6.0,1.0,0.045454545454545456,0.045454545454545456,0.0,0.0,0.0,0
39.0,9.0,0.0,0.0,0.02564102564102564,0.0,0.0,0.0,0
165.0,27.0,23.0,0.1393939393939394,0.12121212121212122,2.0,0.0,1.0,1
154.0,28.0,15.0,0.09740259740259741,0.032467532467532464,2.0,1.0,0.0,1
44.0,8.0,1.0,0.022727272727272728,0.022727272727272728,0.0,0.0,0.0,0
155.0,27.0,17.0,0.10967741935483871,0.18064516129032257,3.0,0.0,0.0,1
146.0,34.0,0.0,0.0,0.0410958904109589,0.0,0.0,1.0,0
133.0,27.0,0.0,0.0,0.015037593984962405,0.0,0.0,0.0,0
81.0,13.0,11.0,0.13580246913580246,0.06172839506172839,0.0,0.0,2.0,1
58.0,10.0,0.0,0.0,0.017241379310344827,0.0,0.0,0.0,0
39.0,8.0,1.0,0.02564102564102564,0.02564102564102564,0.0,0.0,0.0,0
158.0,35.0,0.0,0.0,0.7721518987341772,1.0,0.0,0.0,0
35.0,7.0,0.0,0.0,0.0,0.0,0.0,1.0,0
125.0,24.0,0.0,0.0,0.016,0.0,0.0,0.0,0
49.0,8.0,0.0,0.0,0.02040816326530612,0.0,0.0,0.0,0
24.0,5.0,0.0,0.0,0.041666666666666664,0.0,0.0,0.0,0
75.0,15.0,0.0,0.0,0.02666666666666667,1.0,0.0,0.0,0
26.0,6.0,0.0,0.0,0.11538461538461539,0.0,0.0,0.0,0
27.0,6.0,0.0,0.0,0.037037037037037035,0.0,0.0,0.0,0
30.0,7.0,0.0,0.0,0.03333333333333333,0.0,0.0,0.0,0
99.0,23.0,0.0,0.0,0.030303030303030304,0.0,0.0,0.0,0
52.0,14.0,0.0,0.0,0.038461538461538464,0.0,0.0,1.0,0
31.0,6.0,0.0,0.0,0.03225806451612903,0.0,0.0,0.0,0
39.0,8.0,0.0,0.0,0.02564102564102564,0.0,0.0,0.0,0
71.0,14.0,0.0,0.0,0.04225352112676056,0.0,0.0,0.0,0
36.0,7.0,0.0,0.0,0.027777777777777776,0.0,0.0,0.0,0
119.0,25.0,0.0,0.0,0.01680672268907563,1.0,0.0,0.0,0
179.0,40.0,2.0,0.0111731843575419,0.00558659217877095,0.0,0.0,0.0,0
121.0,25.0,5.0,0.04132231404958678,0.06611570247933884,2.0,0.0,0.0,1
124.0,27.0,0.0,0.0,0.008064516129032258,0.0,0.0,0.0,1
158.0,25.0,0.0,0.0,0.10759493670886076,0.0,0.0,0.0,0
41.0,7.0,0.0,0.0,0.024390243902439025,0.0,0.0,0.0,0
28.0,7.0,0.0,0.0,0.03571428571428571,0.0,0.0,0.0,0
41.0,8.0,0.0,0.0,0.024390243902439025,1.0,0.0,0.0,0
119.0,25.0,1.0,0.008403361344537815,0.03361344537815126,0.0,0.0,0.0,0
48.0,11.0,0.0,0.0,0.041666666666666664,0.0,0.0,0.0,0
92.0,19.0,1.0,0.010869565217391304,0.03260869565217391,0.0,0.0,0.0,0
143.0,29.0,1.0,0.006993006993006993,0.013986013986013986,3.0,0.0,0.0,0
27.0,6.0,0.0,0.0,0.037037037037037035,0.0,0.0,0.0,0
68.0,13.0,0.0,0.0,0.014705882352941176,0.0,0.0,0.0,0
78.0,20.0,2.0,0.02564102564102564,0.02564102564102564,0.0,0.0,0.0,0
40.0,8.0,0.0,0.0,0.05,1.0,0.0,0.0,0
122.0,27.0,0.0,0.0,0.01639344262295082,0.0,0.0,0.0,0
15.0,4.0,0.0,0.0,0.06666666666666667,0.0,0.0,0.0,0
39.0,5.0,0.0,0.0,0.05128205128205128,0.0,0.0,0.0,0
126.0,25.0,0.0,0.0,0.1349206349206349,1.0,0.0,1.0,0
73.0,17.0,0.0,0.0,0.0273972602739726,0.0,0.0,0.0,0
39.0,9.0,0.0,0.0,0.02564102564102564,0.0,0.0,0.0,0
35.0,7.0,0.0,0.0,0.05714285714285714,1.0,0.0,0.0,0
33.0,8.0,0.0,0.0,0.06060606060606061,2.0,0.0,1.0,0
110.0,19.0,0.0,0.0,0.03636363636363636,0.0,0.0,0.0,0
588.0,125.0,2.0,0.003401360544217687,0.09013605442176871,5.0,0.0,0.0,0
36.0,9.0,0.0,0.0,0.05555555555555555,1.0,0.0,0.0,0
76.0,14.0,0.0,0.0,0.039473684210526314,0.0,0.0,1.0,0
301.0,62.0,3.0,0.009966777408637873,0.036544850498338874,0.0,0.0,0.0,0
49.0,9.0,0.0,0.0,0.02040816326530612,0.0,0.0,0.0,0
31.0,5.0,0.0,0.0,0.03225806451612903,0.0,0.0,1.0,0
137.0,29.0,0.0,0.0,0.029197080291970802,1.0,0.0,0.0,0
38.0,9.0,0.0,0.0,0.05263157894736842,0.0,0.0,0.0,0
154.0,21.0,6.0,0.03896103896103896,0.17532467532467533,0.0,0.0,0.0,0
41.0,8.0,0.0,0.0,0.024390243902439025,0.0,0.0,0.0,0
30.0,8.0,0.0,0.0,0.06666666666666667,0.0,0.0,1.0,0
151.0,29.0,0.0,0.0,0.033112582781456956,0.0,0.0,0.0,0
54.0,8.0,0.0,0.0,0.14814814814814814,0.0,0.0,0.0,0
84.0,18.0,1.0,0.011904761904761904,0.023809523809523808,0.0,0.0,0.0,0
23.0,5.0,0.0,0.0,0.043478260869565216,0.0,0.0,1.0,0
41.0,6.0,0.0,0.0,0.024390243902439025,0.0,0.0,0.0,0
81.0,13.0,11.0,0.13580246913580246,0.06172839506172839,0.0,0.0,2.0,1
40.0,9.0,0.0,0.0,0.05,1.0,0.0,0.0,0
153.0,32.0,21.0,0.13725490196078433,0.1895424836601307,2.0,0.0,1.0,1
98.0,20.0,0.0,0.0,0.030612244897959183,0.0,0.0,0.0,0
38.0,7.0,0.0,0.0,0.02631578947368421,0.0,0.0,0.0,0
154.0,27.0,0.0,0.0,0.15584415584415584,0.0,0.0,0.0,0
23.0,5.0,0.0,0.0,0.043478260869565216,0.0,0.0,0.0,0
46.0,10.0,0.0,0.0,0.043478260869565216,2.0,0.0,0.0,0
57.0,10.0,0.0,0.0,0.03508771929824561,0.0,0.0,0.0,0
89.0,18.0,1.0,0.011235955056179775,0.0449438202247191,0.0,0.0,0.0,0
166.0,26.0,16.0,0.0963855421686747,0.12048192771084337,2.0,0.0,0.0,1
36.0,7.0,0.0,0.0,0.05555555555555555,0.0,0.0,0.0,0
138.0,26.0,2.0,0.014492753623188406,0.07971014492753623,1.0,0.0,0.0,1
103.0,25.0,1.0,0.009708737864077669,0.009708737864077669,0.0,0.0,0.0,0
25.0,6.0,0.0,0.0,0.04,0.0,0.0,0.0,0
157.0,28.0,2.0,0.012738853503184714,0.08280254777070063,1.0,0.0,0.0,1
118.0,22.0,0.0,0.0,0.1271186440677966,0.0,0.0,0.0,0
159.0,22.0,21.0,0.1320754716981132,0.1509433962264151,2.0,0.0,2.0,1
86.0,17.0,0.0,0.0,0.023255813953488372,0.0,0.0,0.0,0
446.0,96.0,4.0,0.008968609865470852,0.03139013452914798,0.0,0.0,0.0,0
29.0,8.0,1.0,0.034482758620689655,0.034482758620689655,0.0,0.0,0.0,0
160.0,28.0,25.0,0.15625,0.1,3.0,0.0,2.0,1
26.0,7.0,0.0,0.0,0.038461538461538464,0.0,0.0,0.0,0
118.0,19.0,2.0,0.01694915254237288,0.788135593220339,1.0,0.0,0.0,0
42.0,11.0,0.0,0.0,0.047619047619047616,0.0,0.0,0.0,0
103.0,20.0,0.0,0.0,0.02912621359223301,1.0,0.0,0.0,0
40.0,9.0,0.0,0.0,0.025,0.0,0.0,0.0,0
107.0,22.0,0.0,0.0,0.028037383177570093,0.0,0.0,1.0,0
21.0,3.0,0.0,0.0,0.047619047619047616,0.0,0.0,0.0,0
33.0,7.0,0.0,0.0,0.030303030303030304,0.0,0.0,0.0,0
166.0,38.0,2.0,0.012048192771084338,0.03614457831325301,0.0,0.0,0.0,0
48.0,9.0,0.0,0.0,0.020833333333333332,0.0,0.0,0.0,0
86.0,21.0,2.0,0.023255813953488372,0.06976744186046512,0.0,0.0,0.0,0
22.0,4.0,0.0,0.0,0.045454545454545456,0.0,0.0,0.0,0
145.0,27.0,0.0,0.0,0.020689655172413793,0.0,0.0,1.0,0
140.0,26.0,25.0,0.17857142857142858,0.12142857142857143,1.0,1.0,0.0,1
58.0,13.0,0.0,0.0,0.034482758620689655,0.0,0.0,0.0,0
26.0,5.0,0.0,0.0,0.07692307692307693,0.0,0.0,0.0,0
56.0,11.0,0.0,0.0,0.05357142857142857,0.0,0.0,0.0,0
155.0,29.0,0.0,0.0,0.01935483870967742,0.0,0.0,1.0,0
32.0,10.0,0.0,0.0,0.03125,0.0,0.0,0.0,0
32.0,6.0,0.0,0.0,0.0625,0.0,0.0,0.0,0
37.0,8.0,0.0,0.0,0.02702702702702703,0.0,0.0,0.0,0
40.0,8.0,0.0,0.0,0.025,0.0,0.0,0.0,0
43.0,9.0,0.0,0.0,0.046511627906976744,0.0,0.0,1.0,0
43.0,9.0,0.0,0.0,0.046511627906976744,0.0,0.0,0.0,0
150.0,27.0,0.0,0.0,0.03333333333333333,2.0,0.0,1.0,0
110.0,23.0,0.0,0.0,0.03636363636363636,0.0,0.0,0.0,0
31.0,5.0,0.0,0.0,0.03225806451612903,0.0,0.0,0.0,0
43.0,9.0,0.0,0.0,0.023255813953488372,0.0,0.0,1.0,0
81.0,15.0,0.0,0.0,0.012345679012345678,0.0,0.0,0.0,0
181.0,30.0,11.0,0.06077348066298342,0.11049723756906077,4.0,0.0,0.0,1
29.0,6.0,0.0,0.0,0.034482758620689655,0.0,0.0,0.0,0
67.0,12.0,0.0,0.0,0.08955223880597014,0.0,0.0,0.0,0
39.0,8.0,0.0,0.0,0.02564102564102564,0.0,0.0,0.0,0
24.0,3.0,0.0,0.0,0.041666666666666664,0.0,0.0,0.0,0
27.0,5.0,0.0,0.0,0.07407407407407407,0.0,0.0,0.0,0
27.0,7.0,0.0,0.0,0.037037037037037035,0.0,0.0,0.0,0
127.0,23.0,0.0,0.0,0.031496062992125984,1.0,0.0,0.0,0
191.0,37.0,0.0,0.0,0.015706806282722512,1.0,0.0,0.0,0
159.0,32.0,8.0,0.050314465408805034,0.1069182389937107,2.0,0.0,0.0,1
52.0,10.0,2.0,0.038461538461538464,0.057692307692307696,0.0,0.0,0.0,1
52.0,11.0,0.0,0.0,0.038461538461538464,0.0,0.0,0.0,0
22.0,6.0,0.0,0.0,0.09090909090909091,0.0,0.0,0.0,0
159.0,32.0,0.0,0.0,0.031446540880503145,0.0,0.0,0.0,0
15.0,3.0,0.0,0.0,0.06666666666666667,2.0,0.0,0.0,0
88.0,18.0,2.0,0.022727272727272728,0.03409090909090909,0.0,0.0,0.0,0
31.0,6.0,0.0,0.0,0.03225806451612903,0.0,0.0,1.0,0
9.0,2.0,0.0,0.0,0.1111111111111111,0.0,0.0,0.0,0
169.0,27.0,0.0,0.0,0.047337278106508875,0.0,0.0,0.0,0
78.0,16.0,0.0,0.0,0.05128205128205128,0.0,0.0,0.0,0
41.0,9.0,0.0,0.0,0.12195121951219512,0.0,0.0,0.0,0
46.0,10.0,0.0,0.0,0.043478260869565216,0.0,0.0,0.0,0
44.0,12.0,2.0,0.045454545454545456,0.045454545454545456,0.0,0.0,0.0,0
132.0,27.0,0.0,0.0,0.03787878787878788,0.0,0.0,0.0,0
22.0,7.0,1.0,0.045454545454545456,0.045454545454545456,0.0,0.0,0.0,0
51.0,12.0,0.0,0.0,0.058823529411764705,0.0,0.0,1.0,0
97.0,17.0,24.0,0.24742268041237114,0.12371134020618557,1.0,0.0,2.0,1
64.0,13.0,0.0,0.0,0.015625,1.0,0.0,0.0,0
12.0,3.0,2.0,0.16666666666666666,0.5,0.0,0.0,0.0,0
51.0,10.0,0.0,0.0,0.0196078431372549,0.0,0.0,0.0,0
34.0,7.0,0.0,0.0,0.058823529411764705,0.0,0.0,0.0,0
74.0,15.0,0.0,0.0,0.02702702702702703,1.0,0.0,0.0,0
161.0,26.0,21.0,0.13043478260869565,0.037267080745341616,2.0,0.0,1.0,1
65.0,15.0,2.0,0.03076923076923077,0.015384615384615385,0.0,0.0,0.0,0
43.0,9.0,0.0,0.0,0.023255813953488372,0.0,0.0,0.0,0
27.0,5.0,0.0,0.0,0.037037037037037035,0.0,0.0,1.0,0
126.0,21.0,31.0,0.24603174603174602,0.15079365079365079,3.0,0.0,1.0,1
145.0,34.0,1.0,0.006896551724137931,0.05517241379310345,0.0,0.0,0.0,0
54.0,10.0,0.0,0.0,0.018518518518518517,0.0,0.0,0.0,0
35.0,8.0,0.0,0.0,0.02857142857142857,0.0,0.0,0.0,0
350.0,57.0,2.0,0.005714285714285714,0.3942857142857143,1.0,0.0,0.0,0
55.0,13.0,0.0,0.0,0.03636363636363636,0.0,0.0,0.0,0
24.0,5.0,0.0,0.0,0.08333333333333333,0.0,0.0,0.0,0
133.0,30.0,9.0,0.06766917293233082,0.007518796992481203,1.0,0.0,0.0,0
29.0,8.0,0.0,0.0,0.06896551724137931,0.0,0.0,0.0,0
72.0,12.0,0.0,0.0,0.013888888888888888,0.0,0.0,0.0,0
50.0,10.0,0.0,0.0,0.02,0.0,0.0,0.0,0
118.0,24.0,17.0,0.1440677966101695,0.11016949152542373,2.0,0.0,0.0,1
85.0,18.0,0.0,0.0,0.011764705882352941,1.0,0.0,0.0,0
22.0,5.0,0.0,0.0,0.045454545454545456,0.0,0.0,0.0,0
85.0,17.0,1.0,0.011764705882352941,0.023529411764705882,0.0,0.0,1.0,0
50.0,12.0,0.0,0.0,0.04,0.0,0.0,0.0,0
43.0,9.0,1.0,0.023255813953488372,0.023255813953488372,0.0,0.0,0.0,0
368.0,70.0,1.0,0.002717391304347826,0.019021739130434784,0.0,0.0,1.0,0
133.0,27.0,0.0,0.0,0.007518796992481203,0.0,0.0,0.0,0
59.0,13.0,0.0,0.0,0.01694915254237288,2.0,0.0,0.0,0
32.0,5.0,0.0,0.0,0.03125,0.0,0.0,0.0,0
93.0,21.0,0.0,0.0,0.03225806451612903,0.0,0.0,0.0,0
76.0,16.0,0.0,0.0,0.02631578947368421,0.0,0.0,0.0,0
79.0,13.0,0.0,0.0,0.012658227848101266,0.0,0.0,0.0,0
42.0,9.0,0.0,0.0,0.023809523809523808,0.0,0.0,0.0,0
36.0,8.0,0.0,0.0,0.027777777777777776,0.0,0.0,0.0,0
150.0,22.0,13.0,0.08666666666666667,0.16666666666666666,0.0,0.0,0.0,1
32.0,8.0,0.0,0.0,0.0625,0.0,0.0,1.0,0
46.0,6.0,0.0,0.0,0.021739130434782608,0.0,0.0,0.0,0
220.0,41.0,0.0,0.0,0.013636363636363636,0.0,0.0,0.0,0
128.0,27.0,2.0,0.015625,0.0390625,0.0,0.0,0.0,0
37.0,7.0,0.0,0.0,0.02702702702702703,0.0,0.0,0.0,0
38.0,9.0,0.0,0.0,0.05263157894736842,0.0,0.0,0.0,0
25.0,5.0,0.0,0.0,0.08,1.0,0.0,0.0,0
121.0,24.0,0.0,0.0,0.10743801652892562,0.0,0.0,1.0,1
132.0,21.0,0.0,0.0,0.21212121212121213,0.0,0.0,0.0,0
159.0,27.0,19.0,0.11949685534591195,0.12578616352201258,3.0,0.0,1.0,1
38.0,6.0,0.0,0.0,0.0,0.0,0.0,0.0,0
42.0,6.0,0.0,0.0,0.023809523809523808,0.0,0.0,1.0,0
63.0,15.0,0.0,0.0,0.015873015873015872,0.0,0.0,0.0,0
48.0,11.0,0.0,0.0,0.020833333333333332,0.0,0.0,0.0,0
22.0,6.0,0.0,0.0,0.045454545454545456,0.0,0.0,0.0,0
46.0,10.0,0.0,0.0,0.021739130434782608,0.0,0.0,0.0,0
150.0,23.0,22.0,0.14666666666666667,0.08,0.0,1.0,0.0,1
24.0,6.0,0.0,0.0,0.041666666666666664,1.0,0.0,0.0,0
37.0,8.0,0.0,0.0,0.05405405405405406,0.0,0.0,0.0,0
40.0,8.0,0.0,0.0,0.075,0.0,0.0,0.0,0
92.0,20.0,3.0,0.03260869565217391,0.021739130434782608,0.0,0.0,0.0,0
221.0,43.0,0.0,0.0,0.013574660633484163,0.0,0.0,0.0,0
42.0,9.0,0.0,0.0,0.07142857142857142,0.0,0.0,0.0,0
147.0,29.0,0.0,0.0,0.013605442176870748,0.0,0.0,0.0,0
29.0,7.0,2.0,0.06896551724137931,0.06896551724137931,0.0,0.0,0.0,0
52.0,11.0,0.0,0.0,0.019230769230769232,0.0,0.0,0.0,0
61.0,14.0,0.0,0.0,0.03278688524590164,0.0,0.0,0.0,0
56.0,11.0,0.0,0.0,0.03571428571428571,1.0,0.0,0.0,0
18.0,3.0,0.0,0.0,0.05555555555555555,0.0,0.0,0.0,0
70.0,11.0,0.0,0.0,0.014285714285714285,0.0,0.0,1.0,0
86.0,18.0,0.0,0.0,0.023255813953488372,0.0,0.0,0.0,0
50.0,12.0,0.0,0.0,0.02,0.0,0.0,0.0,0
40.0,8.0,0.0,0.0,0.025,0.0,0.0,0.0,0
99.0,22.0,0.0,0.0,0.050505050505050504,1.0,0.0,0.0,0
41.0,9.0,0.0,0.0,0.04878048780487805,0.0,0.0,0.0,0
49.0,11.0,0.0,0.0,0.061224489795918366,0.0,0.0,0.0,0
108.0,24.0,0.0,0.0,0.7870370370370371,0.0,0.0,0.0,0
87.0,16.0,0.0,0.0,0.8160919540229885,0.0,0.0,1.0,0
158.0,29.0,24.0,0.1518987341772152,0.1518987341772152,1.0,0.0,3.0,1
43.0,11.0,1.0,0.023255813953488372,0.023255813953488372,1.0,0.0,0.0,0
64.0,15.0,0.0,0.0,0.046875,0.0,0.0,0.0,0
58.0,13.0,1.0,0.017241379310344827,0.034482758620689655,0.0,0.0,0.0,0
68.0,15.0,0.0,0.0,0.029411764705882353,0.0,0.0,1.0,0
89.0,18.0,0.0,0.0,0.011235955056179775,0.0,0.0,0.0,0
85.0,18.0,0.0,0.0,0.03529411764705882,0.0,0.0,1.0,0
149.0,22.0,34.0,0.22818791946308725,0.15436241610738255,1.0,0.0,0.0,1
73.0,15.0,0.0,0.0,0.0273972602739726,0.0,0.0,0.0,0
116.0,26.0,0.0,0.0,0.008620689655172414,0.0,0.0,1.0,0
31.0,5.0,0.0,0.0,0.06451612903225806,1.0,0.0,0.0,0
96.0,20.0,0.0,0.0,0.03125,1.0,0.0,0.0,0
35.0,10.0,0.0,0.0,0.02857142857142857,0.0,0.0,0.0,0
92.0,19.0,0.0,0.0,0.03260869565217391,3.0,0.0,0.0,0
44.0,7.0,0.0,0.0,0.022727272727272728,1.0,0.0,0.0,0
32.0,5.0,0.0,0.0,0.0625,0.0,0.0,0.0,0
127.0,29.0,1.0,0.007874015748031496,0.2047244094488189,0.0,0.0,0.0,0
65.0,13.0,1.0,0.015384615384615385,0.046153846153846156,0.0,0.0,1.0,0
53.0,11.0,0.0,0.0,0.05660377358490566,0.0,0.0,0.0,0
160.0,26.0,1.0,0.00625,0.0625,0.0,0.0,0.0,0
115.0,11.0,0.0,0.0,0.06956521739130435,0.0,0.0,0.0,0
69.0,14.0,0.0,0.0,0.014492753623188406,1.0,0.0,0.0,0
24.0,5.0,0.0,0.0,0.041666666666666664,0.0,0.0,0.0,0
154.0,28.0,2.0,0.012987012987012988,0.12987012987012986,0.0,0.0,1.0,1
33.0,9.0,0.0,0.0,0.030303030303030304,0.0,0.0,0.0,0
132.0,24.0,12.0,0.09090909090909091,0.03787878787878788,0.0,0.0,0.0,1
31.0,8.0,1.0,0.03225806451612903,0.03225806451612903,0.0,0.0,0.0,0
95.0,20.0,3.0,0.031578947368421054,0.49473684210526314,4.0,0.0,0.0,0
34.0,6.0,0.0,0.0,0.029411764705882353,0.0,0.0,0.0,0
183.0,37.0,0.0,0.0,0.03825136612021858,0.0,0.0,0.0,0
60.0,10.0,0.0,0.0,0.03333333333333333,0.0,0.0,0.0,0
99.0,19.0,0.0,0.0,0.020202020202020204,0.0,0.0,0.0,0
36.0,7.0,0.0,0.0,0.05555555555555555,0.0,0.0,0.0,0
107.0,22.0,0.0,0.0,0.028037383177570093,3.0,0.0,0.0,0
82.0,16.0,0.0,0.0,0.012195121951219513,0.0,0.0,0.0,0
105.0,21.0,0.0,0.0,0.01904761904761905,0.0,0.0,0.0,0
43.0,9.0,0.0,0.0,0.046511627906976744,0.0,0.0,0.0,0
137.0,29.0,0.0,0.0,0.014598540145985401,0.0,0.0,0.0,1
39.0,7.0,0.0,0.0,0.02564102564102564,1.0,0.0,0.0,0
64.0,15.0,0.0,0.0,0.03125,1.0,0.0,1.0,0
32.0,7.0,0.0,0.0,0.03125,0.0,0.0,0.0,0
31.0,6.0,0.0,0.0,0.06451612903225806,0.0,0.0,0.0,0
26.0,6.0,0.0,0.0,0.038461538461538464,0.0,0.0,0.0,0
56.0,11.0,0.0,0.0,0.017857142857142856,0.0,0.0,0.0,0
84.0,14.0,0.0,0.0,0.011904761904761904,0.0,0.0,0.0,0
29.0,6.0,0.0,0.0,0.034482758620689655,0.0,0.0,0.0,0
69.0,11.0,27.0,0.391304347826087,0.028985507246376812,2.0,0.0,1.0,1
53.0,9.0,0.0,0.0,0.03773584905660377,0.0,0.0,0.0,0
96.0,10.0,6.0,0.0625,0.0625,1.0,1.0,0.0,1
53.0,10.0,0.0,0.0,0.05660377358490566,1.0,0.0,0.0,0
126.0,21.0,0.0,0.0,0.023809523809523808,0.0,0.0,0.0,0
98.0,19.0,0.0,0.0,0.030612244897959183,0.0,0.0,1.0,0
17.0,3.0,0.0,0.0,0.058823529411764705,0.0,0.0,0.0,0
67.0,14.0,0.0,0.0,0.029850746268656716,0.0,0.0,0.0,0
27.0,7.0,0.0,0.0,0.037037037037037035,0.0,0.0,0.0,0
37.0,7.0,0.0,0.0,0.02702702702702703,1.0,0.0,0.0,0
50.0,9.0,0.0,0.0,0.04,0.0,0.0,0.0,0
46.0,12.0,1.0,0.021739130434782608,0.043478260869565216,0.0,0.0,1.0,0
25.0,6.0,0.0,0.0,0.04,0.0,0.0,0.0,0
111.0,20.0,8.0,0.07207207207207207,0.13513513513513514,0.0,0.0,0.0,1
80.0,14.0,3.0,0.0375,0.7375,1.0,0.0,1.0,0
31.0,5.0,0.0,0.0,0.06451612903225806,0.0,0.0,0.0,0
104.0,16.0,0.0,0.0,0.009615384615384616,0.0,0.0,0.0,0
52.0,12.0,0.0,0.0,0.057692307692307696,0.0,0.0,0.0,0
87.0,17.0,0.0,0.0,0.034482758620689655,0.0,0.0,0.0,0
130.0,25.0,11.0,0.08461538461538462,0.0,0.0,0.0,0.0,1
32.0,8.0,0.0,0.0,0.03125,0.0,0.0,0.0,0
105.0,25.0,0.0,0.0,0.06666666666666667,0.0,0.0,0.0,0
97.0,24.0,0.0,0.0,0.030927835051546393,1.0,0.0,0.0,0
160.0,28.0,3.0,0.01875,0.79375,0.0,0.0,0.0,0
31.0,5.0,0.0,0.0,0.0,0.0,0.0,0.0,0
160.0,26.0,23.0,0.14375,0.0125,0.0,0.0,0.0,0
113.0,20.0,0.0,0.0,0.008849557522123894,0.0,0.0,0.0,0
84.0,17.0,0.0,0.0,0.011904761904761904,0.0,0.0,1.0,0
146.0,30.0,0.0,0.0,0.00684931506849315,3.0,0.0,0.0,0
73.0,15.0,0.0,0.0,0.0273972602739726,1.0,0.0,0.0,0
65.0,12.0,0.0,0.0,0.03076923076923077,0.0,0.0,0.0,0
31.0,7.0,0.0,0.0,0.06451612903225806,1.0,0.0,0.0,0
149.0,29.0,17.0,0.11409395973154363,0.006711409395973154,0.0,0.0,1.0,1
53.0,10.0,0.0,0.0,0.018867924528301886,0.0,0.0,0.0,0
143.0,28.0,14.0,0.0979020979020979,0.11888111888111888,0.0,0.0,1.0,1
96.0,23.0,2.0,0.020833333333333332,0.010416666666666666,0.0,0.0,0.0,0
37.0,9.0,1.0,0.02702702702702703,0.05405405405405406,0.0,0.0,0.0,0
167.0,27.0,26.0,0.15568862275449102,0.11377245508982035,2.0,0.0,1.0,1
44.0,10.0,0.0,0.0,0.045454545454545456,0.0,0.0,0.0,0
8.0,2.0,0.0,0.0,0.125,0.0,0.0,0.0,0
48.0,8.0,0.0,0.0,0.020833333333333332,1.0,0.0,0.0,0
34.0,8.0,0.0,0.0,0.058823529411764705,1.0,0.0,0.0,0
78.0,18.0,0.0,0.0,0.0641025641025641,0.0,0.0,0.0,0
47.0,9.0,0.0,0.0,0.0425531914893617,0.0,0.0,1.0,0
31.0,8.0,0.0,0.0,0.06451612903225806,0.0,0.0,0.0,0
49.0,10.0,0.0,0.0,0.061224489795918366,0.0,0.0,0.0,0
53.0,9.0,0.0,0.0,0.03773584905660377,0.0,0.0,0.0,0
198.0,34.0,0.0,0.0,0.15151515151515152,0.0,0.0,0.0,0
126.0,23.0,0.0,0.0,0.07936507936507936,0.0,0.0,0.0,0
22.0,4.0,0.0,0.0,0.045454545454545456,0.0,0.0,0.0,0
58.0,13.0,1.0,0.017241379310344827,0.034482758620689655,0.0,0.0,0.0,0
32.0,6.0,0.0,0.0,0.03125,0.0,0.0,0.0,0
30.0,7.0,0.0,0.0,0.03333333333333333,0.0,0.0,0.0,0
73.0,14.0,0.0,0.0,0.0136986301369863,0.0,0.0,0.0,0
159.0,24.0,17.0,0.1069182389937107,0.08176100628930817,0.0,0.0,0.0,1
52.0,11.0,0.0,0.0,0.038461538461538464,0.0,0.0,0.0,0
36.0,5.0,0.0,0.0,0.027777777777777776,0.0,0.0,1.0,0
109.0,25.0,0.0,0.0,0.009174311926605505,0.0,0.0,0.0,0
111.0,20.0,0.0,0.0,0.02702702702702703,0.0,0.0,0.0,0
33.0,6.0,0.0,0.0,0.06060606060606061,0.0,0.0,0.0,0
157.0,26.0,0.0,0.0,0.07643312101910828,1.0,0.0,0.0,0
130.0,25.0,0.0,0.0,0.023076923076923078,1.0,0.0,0.0,0
47.0,10.0,0.0,0.0,0.02127659574468085,0.0,0.0,0.0,0
295.0,56.0,0.0,0.0,0.02711864406779661,1.0,0.0,0.0,0
151.0,30.0,8.0,0.052980132450331126,0.13245033112582782,0.0,0.0,0.0,0
9.0,2.0,0.0,0.0,0.1111111111111111,0.0,0.0,0.0,0
106.0,19.0,8.0,0.07547169811320754,0.08490566037735849,2.0,0.0,0.0,1
39.0,8.0,0.0,0.0,0.02564102564102564,0.0,0.0,0.0,0
28.0,3.0,0.0,0.0,0.03571428571428571,0.0,0.0,0.0,0
87.0,15.0,0.0,0.0,0.011494252873563218,1.0,0.0,0.0,0
26.0,5.0,0.0,0.0,0.11538461538461539,0.0,0.0,0.0,0
4.0,1.0,0.0,0.0,0.25,0.0,0.0,0.0,0
201.0,40.0,0.0,0.0,0.01990049751243781,0.0,0.0,0.0,0
70.0,12.0,8.0,0.11428571428571428,0.05714285714285714,2.0,0.0,0.0,0
96.0,25.0,1.0,0.010416666666666666,0.020833333333333332,0.0,0.0,0.0,0
35.0,8.0,0.0,0.0,0.05714285714285714,0.0,0.0,1.0,0
22.0,5.0,0.0,0.0,0.045454545454545456,0.0,0.0,0.0,0
142.0,24.0,19.0,0.13380281690140844,0.09859154929577464,1.0,0.0,0.0,1
63.0,13.0,0.0,0.0,0.015873015873015872,0.0,0.0,0.0,0
76.0,16.0,0.0,0.0,0.02631578947368421,0.0,0.0,0.0,0
154.0,31.0,0.0,0.0,0.025974025974025976,0.0,0.0,0.0,0
92.0,21.0,1.0,0.010869565217391304,0.13043478260869565,0.0,0.0,0.0,0
131.0,27.0,0.0,0.0,0.015267175572519083,3.0,0.0,0.0,0
68.0,13.0,0.0,0.0,0.029411764705882353,1.0,0.0,0.0,0
84.0,21.0,1.0,0.011904761904761904,0.023809523809523808,0.0,0.0,0.0,0
152.0,24.0,13.0,0.08552631578947369,0.20394736842105263,0.0,1.0,0.0,1
59.0,13.0,0.0,0.0,0.05084745762711865,0.0,0.0,1.0,0
132.0,23.0,0.0,0.0,0.022727272727272728,0.0,0.0,0.0,0
23.0,5.0,0.0,0.0,0.043478260869565216,0.0,0.0,0.0,0
102.0,23.0,1.0,0.00980392156862745,0.0196078431372549,0.0,0.0,0.0,0
148.0,26.0,0.0,0.0,0.02702702702702703,0.0,0.0,0.0,0
90.0,19.0,0.0,0.0,0.022222222222222223,0.0,0.0,0.0,0
40.0,6.0,0.0,0.0,0.025,0.0,0.0,0.0,0
80.0,15.0,1.0,0.0125,0.0375,0.0,0.0,0.0,0
70.0,14.0,0.0,0.0,0.014285714285714285,0.0,0.0,0.0,0
160.0,31.0,3.0,0.01875,0.05,1.0,0.0,0.0,1
117.0,21.0,0.0,0.0,0.03418803418803419,0.0,0.0,0.0,0
22.0,5.0,0.0,0.0,0.09090909090909091,0.0,0.0,0.0,0
63.0,16.0,1.0,0.015873015873015872,0.047619047619047616,0.0,0.0,0.0,0
43.0,9.0,0.0,0.0,0.046511627906976744,0.0,0.0,1.0,0
144.0,27.0,28.0,0.19444444444444445,0.020833333333333332,3.0,0.0,2.0,1
66.0,11.0,0.0,0.0,0.045454545454545456,1.0,0.0,0.0,0
28.0,5.0,0.0,0.0,0.03571428571428571,0.0,0.0,0.0,0
136.0,20.0,29.0,0.21323529411764705,0.125,1.0,0.0,0.0,1
49.0,11.0,0.0,0.0,0.061224489795918366,0.0,0.0,0.0,0
100.0,17.0,0.0,0.0,0.18,1.0,0.0,1.0,1
33.0,7.0,1.0,0.030303030303030304,0.09090909090909091,0.0,0.0,0.0,0
71.0,16.0,0.0,0.0,0.04225352112676056,1.0,0.0,0.0,0
131.0,23.0,0.0,0.0,0.015267175572519083,0.0,0.0,0.0,0
121.0,26.0,0.0,0.0,0.01652892561983471,0.0,0.0,0.0,0
121.0,24.0,0.0,0.0,0.008264462809917356,0.0,0.0,0.0,0
147.0,30.0,4.0,0.027210884353741496,0.047619047619047616,2.0,0.0,1.0,1
14.0,3.0,0.0,0.0,0.07142857142857142,0.0,0.0,0.0,0
132.0,24.0,3.0,0.022727272727272728,0.09848484848484848,1.0,0.0,0.0,1
66.0,10.0,0.0,0.0,0.045454545454545456,0.0,0.0,0.0,0
56.0,11.0,0.0,0.0,0.03571428571428571,0.0,0.0,0.0,0
14.0,3.0,0.0,0.0,0.07142857142857142,0.0,0.0,0.0,0
175.0,38.0,0.0,0.0,0.017142857142857144,1.0,0.0,0.0,0
73.0,13.0,0.0,0.0,0.0273972602739726,0.0,0.0,0.0,0
92.0,14.0,0.0,0.0,0.021739130434782608,0.0,0.0,0.0,0
60.0,12.0,0.0,0.0,0.05,0.0,0.0,0.0,0
33.0,5.0,0.0,0.0,0.030303030303030304,0.0,0.0,0.0,0
82.0,16.0,0.0,0.0,0.04878048780487805,0.0,0.0,0.0,0
52.0,14.0,0.0,0.0,0.038461538461538464,0.0,0.0,1.0,0
62.0,12.0,0.0,0.0,0.03225806451612903,0.0,0.0,0.0,0
35.0,8.0,0.0,0.0,0.02857142857142857,0.0,0.0,0.0,0
32.0,8.0,1.0,0.03125,0.03125,0.0,0.0,0.0,0
28.0,5.0,0.0,0.0,0.03571428571428571,0.0,0.0,0.0,0
29.0,7.0,0.0,0.0,0.034482758620689655,0.0,0.0,0.0,0
156.0,33.0,1.0,0.00641025641025641,0.02564102564102564,0.0,0.0,0.0,0
42.0,9.0,0.0,0.0,0.09523809523809523,1.0,0.0,0.0,0
44.0,10.0,0.0,0.0,0.022727272727272728,0.0,0.0,0.0,0
22.0,5.0,0.0,0.0,0.045454545454545456,0.0,0.0,0.0,0
46.0,11.0,0.0,0.0,0.021739130434782608,0.0,0.0,0.0,0
161.0,23.0,19.0,0.11801242236024845,0.40993788819875776,0.0,1.0,0.0,1
70.0,16.0,0.0,0.0,0.014285714285714285,0.0,0.0,0.0,0
31.0,5.0,0.0,0.0,0.03225806451612903,0.0,0.0,0.0,0
53.0,9.0,0.0,0.0,0.07547169811320754,0.0,0.0,0.0,0
141.0,26.0,9.0,0.06382978723404255,0.06382978723404255,1.0,0.0,0.0,1
161.0,30.0,24.0,0.14906832298136646,0.07453416149068323,0.0,0.0,0.0,1
40.0,7.0,0.0,0.0,0.05,2.0,0.0,0.0,0
84.0,19.0,4.0,0.047619047619047616,0.023809523809523808,0.0,0.0,0.0,0
8.0,2.0,0.0,0.0,0.125,0.0,0.0,0.0,0
158.0,34.0,1.0,0.006329113924050633,0.012658227848101266,0.0,0.0,1.0,0
38.0,8.0,0.0,0.0,0.02631578947368421,0.0,0.0,0.0,0
143.0,30.0,19.0,0.13286713286713286,0.04895104895104895,0.0,0.0,0.0,1
62.0,13.0,0.0,0.0,0.016129032258064516,0.0,0.0,0.0,0
18.0,4.0,0.0,0.0,0.05555555555555555,0.0,0.0,0.0,0
27.0,6.0,0.0,0.0,0.07407407407407407,0.0,0.0,0.0,0
106.0,20.0,0.0,0.0,0.009433962264150943,0.0,0.0,1.0,0
18.0,3.0,0.0,0.0,0.05555555555555555,0.0,0.0,0.0,0
82.0,18.0,1.0,0.012195121951219513,0.024390243902439025,0.0,0.0,0.0,0
68.0,12.0,0.0,0.0,0.04411764705882353,0.0,0.0,0.0,0
85.0,20.0,0.0,0.0,0.7529411764705882,0.0,0.0,0.0,0
91.0,18.0,2.0,0.02197802197802198,0.03296703296703297,2.0,0.0,0.0,0
59.0,10.0,0.0,0.0,0.03389830508474576,0.0,0.0,0.0,0
29.0,6.0,0.0,0.0,0.06896551724137931,0.0,0.0,0.0,0
142.0,27.0,0.0,0.0,0.02112676056338028,0.0,0.0,1.0,0
80.0,18.0,0.0,0.0,0.0375,0.0,0.0,0.0,0
27.0,5.0,0.0,0.0,0.037037037037037035,0.0,0.0,0.0,0
36.0,8.0,0.0,0.0,0.05555555555555555,0.0,0.0,0.0,0
25.0,7.0,0.0,0.0,0.04,0.0,0.0,0.0,0
68.0,15.0,0.0,0.0,0.058823529411764705,0.0,0.0,0.0,0
25.0,7.0,0.0,0.0,0.04,0.0,0.0,0.0,0
24.0,5.0,0.0,0.0,0.041666666666666664,0.0,0.0,0.0,0
25.0,5.0,0.0,0.0,0.04,0.0,0.0,0.0,0
281.0,56.0,0.0,0.0,0.017793594306049824,0.0,0.0,0.0,0
156.0,30.0,15.0,0.09615384615384616,0.04487179487179487,1.0,1.0,1.0,1
43.0,11.0,0.0,0.0,0.046511627906976744,0.0,0.0,1.0,0
69.0,11.0,1.0,0.014492753623188406,0.014492753623188406,1.0,0.0,0.0,0
80.0,18.0,0.0,0.0,0.0375,2.0,0.0,0.0,0
66.0,12.0,0.0,0.0,0.015151515151515152,0.0,0.0,0.0,0
39.0,6.0,0.0,0.0,0.10256410256410256,0.0,0.0,0.0,0
40.0,7.0,0.0,0.0,0.025,0.0,0.0,0.0,0
26.0,5.0,0.0,0.0,0.038461538461538464,0.0,0.0,0.0,0
52.0,6.0,0.0,0.0,0.019230769230769232,0.0,0.0,0.0,0
137.0,21.0,13.0,0.0948905109489051,0.17518248175182483,0.0,1.0,0.0,1
148.0,21.0,40.0,0.2702702702702703,0.11486486486486487,1.0,0.0,0.0,1
159.0,25.0,2.0,0.012578616352201259,0.025157232704402517,1.0,2.0,1.0,1
153.0,26.0,0.0,0.0,0.7908496732026143,4.0,0.0,0.0,0
28.0,7.0,0.0,0.0,0.07142857142857142,0.0,0.0,1.0,0
101.0,18.0,0.0,0.0,0.019801980198019802,0.0,0.0,0.0,0
156.0,27.0,18.0,0.11538461538461539,0.14743589743589744,2.0,0.0,3.0,1
159.0,35.0,0.0,0.0,0.0440251572327044,0.0,0.0,0.0,0
55.0,13.0,0.0,0.0,0.05454545454545454,0.0,0.0,1.0,0
112.0,23.0,0.0,0.0,0.03571428571428571,0.0,0.0,0.0,0
29.0,7.0,0.0,0.0,0.06896551724137931,0.0,0.0,0.0,0
37.0,4.0,0.0,0.0,0.02702702702702703,0.0,0.0,0.0,0
32.0,8.0,0.0,0.0,0.03125,0.0,0.0,0.0,0
68.0,15.0,0.0,0.0,0.029411764705882353,0.0,0.0,0.0,0
24.0,3.0,0.0,0.0,0.041666666666666664,0.0,0.0,0.0,0
69.0,13.0,0.0,0.0,0.014492753623188406,0.0,0.0,0.0,0
25.0,4.0,0.0,0.0,0.04,0.0,0.0,1.0,0
154.0,37.0,0.0,0.0,0.03896103896103896,0.0,0.0,0.0,0
34.0,8.0,0.0,0.0,0.029411764705882353,0.0,0.0,1.0,0
110.0,23.0,0.0,0.0,0.02727272727272727,0.0,0.0,0.0,0
62.0,11.0,0.0,0.0,0.03225806451612903,0.0,0.0,0.0,0
90.0,19.0,0.0,0.0,0.03333333333333333,1.0,0.0,0.0,0
59.0,11.0,0.0,0.0,0.01694915254237288,0.0,0.0,0.0,0
12.0,2.0,1.0,0.08333333333333333,0.0,0.0,0.0,0.0,0
26.0,6.0,0.0,0.0,0.038461538461538464,0.0,0.0,1.0,0
316.0,57.0,2.0,0.006329113924050633,0.028481012658227847,0.0,0.0,0.0,0
91.0,18.0,0.0,0.0,0.02197802197802198,0.0,0.0,0.0,0
32.0,7.0,0.0,0.0,0.03125,0.0,0.0,0.0,0
31.0,7.0,0.0,0.0,0.03225806451612903,0.0,0.0,0.0,0
23.0,6.0,0.0,0.0,0.043478260869565216,0.0,0.0,0.0,0
19.0,5.0,0.0,0.0,0.05263157894736842,0.0,0.0,0.0,0
143.0,26.0,5.0,0.03496503496503497,0.14685314685314685,1.0,1.0,1.0,1
34.0,6.0,0.0,0.0,0.08823529411764706,0.0,0.0,0.0,0
27.0,4.0,0.0,0.0,0.037037037037037035,0.0,0.0,0.0,0
119.0,24.0,1.0,0.008403361344537815,0.03361344537815126,0.0,0.0,0.0,0
31.0,6.0,0.0,0.0,0.03225806451612903,0.0,0.0,0.0,0
34.0,6.0,0.0,0.0,0.058823529411764705,0.0,0.0,0.0,0
152.0,25.0,35.0,0.23026315789473684,0.09868421052631579,5.0,0.0,2.0,1
122.0,26.0,0.0,0.0,0.040983606557377046,1.0,0.0,0.0,0
31.0,7.0,0.0,0.0,0.0,0.0,0.0,0.0,0
106.0,19.0,1.0,0.009433962264150943,0.018867924528301886,2.0,0.0,0.0,0
67.0,12.0,1.0,0.014925373134328358,0.04477611940298507,0.0,0.0,1.0,0
69.0,15.0,1.0,0.014492753623188406,0.014492753623188406,0.0,0.0,0.0,0
130.0,24.0,0.0,0.0,0.17692307692307693,3.0,0.0,0.0,0
169.0,36.0,2.0,0.011834319526627219,0.023668639053254437,0.0,0.0,1.0,0
85.0,18.0,0.0,0.0,0.03529411764705882,0.0,0.0,0.0,0
59.0,13.0,0.0,0.0,0.01694915254237288,0.0,0.0,0.0,0
39.0,8.0,0.0,0.0,0.05128205128205128,0.0,0.0,0.0,0
37.0,6.0,0.0,0.0,0.05405405405405406,0.0,0.0,0.0,0
127.0,26.0,0.0,0.0,0.023622047244094488,0.0,0.0,1.0,0
45.0,9.0,0.0,0.0,0.1111111111111111,0.0,0.0,0.0,0
47.0,10.0,0.0,0.0,0.0425531914893617,0.0,0.0,0.0,0
41.0,8.0,0.0,0.0,0.04878048780487805,0.0,0.0,0.0,0
69.0,14.0,0.0,0.0,0.043478260869565216,0.0,0.0,0.0,0
90.0,16.0,21.0,0.23333333333333334,0.18888888888888888,1.0,0.0,1.0,1
27.0,5.0,0.0,0.0,0.037037037037037035,0.0,0.0,0.0,0
129.0,16.0,17.0,0.13178294573643412,0.046511627906976744,0.0,1.0,0.0,1
89.0,20.0,0.0,0.0,0.033707865168539325,0.0,0.0,0.0,0
39.0,8.0,0.0,0.0,0.05128205128205128,1.0,0.0,1.0,0
36.0,7.0,0.0,0.0,0.027777777777777776,0.0,0.0,0.0,0
23.0,3.0,0.0,0.0,0.043478260869565216,0.0,0.0,0.0,0
110.0,24.0,1.0,0.00909090909090909,0.02727272727272727,0.0,0.0,0.0,0
67.0,13.0,1.0,0.014925373134328358,0.11940298507462686,0.0,0.0,0.0,0
153.0,30.0,3.0,0.0196078431372549,0.11764705882352941,1.0,0.0,0.0,1
52.0,11.0,0.0,0.0,0.038461538461538464,0.0,0.0,0.0,0
45.0,8.0,0.0,0.0,0.044444444444444446,0.0,0.0,0.0,0
59.0,14.0,0.0,0.0,0.03389830508474576,0.0,0.0,0.0,0
64.0,10.0,0.0,0.0,0.125,0.0,0.0,0.0,0
77.0,16.0,1.0,0.012987012987012988,0.03896103896103896,0.0,0.0,0.0,0
72.0,13.0,0.0,0.0,0.027777777777777776,0.0,0.0,0.0,0
123.0,18.0,14.0,0.11382113821138211,0.21138211382113822,4.0,0.0,1.0,1
130.0,27.0,13.0,0.1,0.2692307692307692,5.0,0.0,1.0,1
67.0,13.0,0.0,0.0,0.029850746268656716,0.0,0.0,1.0,0
37.0,8.0,0.0,0.0,0.02702702702702703,0.0,0.0,0.0,0
188.0,37.0,0.0,0.0,0.026595744680851064,0.0,0.0,0.0,0
144.0,31.0,0.0,0.0,0.034722222222222224,0.0,0.0,0.0,0
33.0,7.0,0.0,0.0,0.030303030303030304,0.0,0.0,0.0,0
32.0,7.0,0.0,0.0,0.03125,0.0,0.0,0.0,0
58.0,13.0,0.0,0.0,0.034482758620689655,0.0,0.0,0.0,0
16.0,2.0,0.0,0.0,0.125,0.0,0.0,0.0,0
45.0,8.0,0.0,0.0,0.044444444444444446,0.0,0.0,0.0,0
31.0,6.0,0.0,0.0,0.06451612903225806,1.0,0.0,1.0,0
118.0,16.0,20.0,0.1694915254237288,0.01694915254237288,0.0,0.0,0.0,1
22.0,4.0,0.0,0.0,0.045454545454545456,0.0,0.0,1.0,0
56.0,11.0,1.0,0.017857142857142856,0.03571428571428571,0.0,0.0,0.0,0
144.0,25.0,0.0,0.0,0.0,0.0,0.0,0.0,0
38.0,7.0,0.0,0.0,0.02631578947368421,0.0,0.0,0.0,0
122.0,25.0,0.0,0.0,0.040983606557377046,1.0,0.0,1.0,0
87.0,18.0,0.0,0.0,0.011494252873563218,0.0,0.0,0.0,0
143.0,23.0,24.0,0.16783216783216784,0.14685314685314685,2.0,0.0,3.0,1
47.0,10.0,0.0,0.0,0.02127659574468085,0.0,0.0,0.0,0
109.0,22.0,0.0,0.0,0.027522935779816515,0.0,0.0,0.0,0
161.0,27.0,17.0,0.10559006211180125,0.043478260869565216,1.0,0.0,0.0,1
46.0,10.0,0.0,0.0,0.043478260869565216,1.0,0.0,0.0,0
64.0,13.0,0.0,0.0,0.03125,0.0,0.0,0.0,0
22.0,4.0,0.0,0.0,0.045454545454545456,0.0,0.0,0.0,0
45.0,10.0,1.0,0.022222222222222223,0.044444444444444446,0.0,0.0,0.0,0
126.0,23.0,24.0,0.19047619047619047,0.10317460317460317,2.0,0.0,1.0,1
36.0,9.0,0.0,0.0,0.027777777777777776,0.0,0.0,0.0,0
116.0,23.0,0.0,0.0,0.02586206896551724,0.0,0.0,1.0,0
94.0,17.0,0.0,0.0,0.031914893617021274,0.0,0.0,0.0,0
154.0,35.0,0.0,0.0,0.032467532467532464,0.0,0.0,0.0,0
55.0,11.0,0.0,0.0,0.03636363636363636,1.0,0.0,0.0,0
128.0,18.0,26.0,0.203125,0.140625,0.0,0.0,1.0,1
13.0,2.0,8.0,0.6153846153846154,0.0,0.0,0.0,0.0,1
191.0,38.0,0.0,0.0,0.015706806282722512,0.0,0.0,0.0,0
147.0,26.0,0.0,0.0,0.02040816326530612,0.0,0.0,0.0,0
76.0,16.0,0.0,0.0,0.0,1.0,0.0,0.0,0
72.0,14.0,0.0,0.0,0.027777777777777776,0.0,0.0,0.0,0
38.0,7.0,0.0,0.0,0.05263157894736842,0.0,0.0,0.0,0
35.0,8.0,0.0,0.0,0.02857142857142857,0.0,0.0,0.0,0
155.0,28.0,8.0,0.05161290322580645,0.06451612903225806,1.0,0.0,0.0,1
126.0,23.0,20.0,0.15873015873015872,0.11904761904761904,1.0,0.0,1.0,1
63.0,14.0,0.0,0.0,0.047619047619047616,0.0,0.0,0.0,0
16.0,3.0,0.0,0.0,0.125,0.0,0.0,0.0,0
86.0,18.0,0.0,0.0,0.011627906976744186,0.0,0.0,1.0,0
166.0,27.0,28.0,0.1686746987951807,0.13253012048192772,5.0,0.0,2.0,1
37.0,7.0,0.0,0.0,0.08108108108108109,0.0,0.0,0.0,0
22.0,5.0,0.0,0.0,0.045454545454545456,0.0,0.0,0.0,0
152.0,26.0,18.0,0.11842105263157894,0.1513157894736842,6.0,0.0,2.0,1
36.0,6.0,0.0,0.0,0.027777777777777776,0.0,0.0,0.0,0
145.0,19.0,40.0,0.27586206896551724,0.11724137931034483,1.0,0.0,0.0,1
134.0,34.0,4.0,0.029850746268656716,0.022388059701492536,0.0,0.0,0.0,0
69.0,12.0,0.0,0.0,0.028985507246376812,0.0,0.0,0.0,0
160.0,34.0,0.0,0.0,0.025,1.0,0.0,0.0,0
71.0,15.0,0.0,0.0,0.04225352112676056,0.0,0.0,0.0,0
137.0,23.0,19.0,0.1386861313868613,0.10218978102189781,1.0,0.0,0.0,1
153.0,26.0,0.0,0.0,0.058823529411764705,0.0,0.0,0.0,0
67.0,13.0,0.0,0.0,0.014925373134328358,0.0,0.0,0.0,0
45.0,8.0,0.0,0.0,0.022222222222222223,0.0,0.0,1.0,0
63.0,11.0,1.0,0.015873015873015872,0.015873015873015872,0.0,0.0,0.0,0
37.0,8.0,0.0,0.0,0.05405405405405406,0.0,0.0,0.0,0
43.0,7.0,0.0,0.0,0.06976744186046512,0.0,0.0,0.0,0
28.0,7.0,0.0,0.0,0.07142857142857142,0.0,0.0,0.0,0
46.0,7.0,0.0,0.0,0.043478260869565216,0.0,0.0,0.0,0
23.0,5.0,0.0,0.0,0.043478260869565216,0.0,0.0,0.0,0
116.0,19.0,2.0,0.017241379310344827,0.7413793103448276,0.0,0.0,1.0,0
86.0,15.0,0.0,0.0,0.023255813953488372,0.0,0.0,0.0,0
198.0,36.0,0.0,0.0,0.030303030303030304,1.0,0.0,0.0,0
141.0,27.0,0.0,0.0,0.028368794326241134,0.0,0.0,0.0,0
157.0,26.0,18.0,0.11464968152866242,0.08280254777070063,3.0,0.0,3.0,1
24.0,5.0,0.0,0.0,0.041666666666666664,1.0,0.0,0.0,0
73.0,14.0,0.0,0.0,0.0136986301369863,0.0,0.0,0.0,0
84.0,20.0,0.0,0.0,0.03571428571428571,0.0,0.0,1.0,0
49.0,9.0,0.0,0.0,0.02040816326530612,1.0,0.0,0.0,0
115.0,21.0,0.0,0.0,0.02608695652173913,0.0,0.0,1.0,0
45.0,10.0,8.0,0.17777777777777778,0.022222222222222223,2.0,0.0,1.0,1
74.0,15.0,0.0,0.0,0.02702702702702703,0.0,0.0,0.0,0
126.0,24.0,0.0,0.0,0.031746031746031744,0.0,0.0,0.0,0
153.0,20.0,0.0,0.0,0.032679738562091505,0.0,1.0,0.0,1
158.0,35.0,0.0,0.0,0.0379746835443038,1.0,0.0,0.0,0
31.0,7.0,0.0,0.0,0.06451612903225806,0.0,0.0,0.0,0
10.0,3.0,0.0,0.0,0.1,0.0,0.0,0.0,0
135.0,26.0,0.0,0.0,0.05185185185185185,2.0,0.0,0.0,0
146.0,23.0,27.0,0.18493150684931506,0.13013698630136986,1.0,0.0,1.0,1
56.0,12.0,0.0,0.0,0.017857142857142856,1.0,0.0,0.0,0
60.0,11.0,0.0,0.0,0.03333333333333333,0.0,0.0,0.0,0
42.0,9.0,0.0,0.0,0.047619047619047616,0.0,0.0,0.0,0
150.0,29.0,0.0,0.0,0.02666666666666667,0.0,0.0,1.0,0
139.0,29.0,1.0,0.007194244604316547,0.02158273381294964,0.0,0.0,0.0,0
57.0,15.0,2.0,0.03508771929824561,0.7192982456140351,0.0,0.0,0.0,0
39.0,9.0,1.0,0.02564102564102564,0.02564102564102564,0.0,0.0,0.0,0
24.0,6.0,0.0,0.0,0.041666666666666664,0.0,0.0,0.0,0
40.0,9.0,0.0,0.0,0.025,0.0,0.0,0.0,0
144.0,25.0,0.0,0.0,0.020833333333333332,0.0,0.0,0.0,0
5.0,1.0,0.0,0.0,0.2,0.0,0.0,0.0,0
101.0,23.0,0.0,0.0,0.009900990099009901,0.0,0.0,0.0,0
38.0,8.0,0.0,0.0,0.07894736842105263,0.0,0.0,0.0,0
55.0,11.0,0.0,0.0,0.03636363636363636,0.0,0.0,0.0,0
34.0,9.0,0.0,0.0,0.029411764705882353,0.0,0.0,0.0,0
142.0,29.0,1.0,0.007042253521126761,0.035211267605633804,2.0,0.0,0.0,0
157.0,34.0,7.0,0.044585987261146494,0.10828025477707007,1.0,0.0,0.0,1
143.0,26.0,2.0,0.013986013986013986,0.20279720279720279,0.0,0.0,0.0,1
84.0,15.0,0.0,0.0,0.011904761904761904,0.0,0.0,0.0,0
85.0,18.0,0.0,0.0,0.03529411764705882,1.0,0.0,1.0,0
157.0,24.0,16.0,0.10191082802547771,0.025477707006369428,0.0,0.0,0.0,1
24.0,5.0,0.0,0.0,0.125,0.0,0.0,0.0,0
37.0,9.0,0.0,0.0,0.02702702702702703,0.0,0.0,0.0,0
121.0,26.0,1.0,0.008264462809917356,0.03305785123966942,0.0,0.0,0.0,0
45.0,8.0,0.0,0.0,0.022222222222222223,0.0,0.0,0.0,0
20.0,5.0,3.0,0.15,0.1,0.0,0.0,0.0,0
43.0,7.0,0.0,0.0,0.023255813953488372,0.0,0.0,0.0,0
154.0,29.0,0.0,0.0,0.006493506493506494,0.0,0.0,1.0,0
12.0,3.0,1.0,0.08333333333333333,0.08333333333333333,0.0,0.0,0.0,0
102.0,23.0,5.0,0.049019607843137254,0.0196078431372549,0.0,0.0,0.0,0
89.0,18.0,0.0,0.0,0.033707865168539325,0.0,0.0,0.0,0
112.0,21.0,0.0,0.0,0.008928571428571428,0.0,0.0,0.0,0
156.0,28.0,28.0,0.1794871794871795,0.16025641025641027,2.0,0.0,1.0,1
42.0,7.0,0.0,0.0,0.023809523809523808,1.0,0.0,0.0,0
67.0,12.0,0.0,0.0,0.014925373134328358,1.0,0.0,0.0,0
26.0,7.0,0.0,0.0,0.038461538461538464,0.0,0.0,0.0,0
74.0,16.0,0.0,0.0,0.02702702702702703,0.0,0.0,0.0,0
38.0,7.0,0.0,0.0,0.05263157894736842,0.0,0.0,0.0,0
151.0,22.0,0.0,0.0,0.15894039735099338,0.0,0.0,0.0,0
53.0,14.0,1.0,0.018867924528301886,0.018867924528301886,0.0,0.0,0.0,0
67.0,13.0,0.0,0.0,0.014925373134328358,0.0,0.0,0.0,0
155.0,30.0,0.0,0.0,0.03225806451612903,0.0,0.0,0.0,0
132.0,25.0,4.0,0.030303030303030304,0.09848484848484848,0.0,0.0,0.0,1
32.0,5.0,0.0,0.0,0.03125,0.0,0.0,0.0,0
17.0,3.0,0.0,0.0,0.11764705882352941,0.0,0.0,0.0,0
24.0,5.0,0.0,0.0,0.041666666666666664,0.0,0.0,0.0,0
204.0,30.0,0.0,0.0,0.09313725490196079,0.0,0.0,0.0,0
127.0,25.0,0.0,0.0,0.031496062992125984,2.0,0.0,0.0,0
65.0,12.0,0.0,0.0,0.03076923076923077,0.0,0.0,0.0,0
44.0,10.0,0.0,0.0,0.022727272727272728,0.0,0.0,0.0,0
32.0,8.0,0.0,0.0,0.03125,0.0,0.0,0.0,0
51.0,13.0,1.0,0.0196078431372549,0.0196078431372549,0.0,0.0,0.0,0
25.0,5.0,0.0,0.0,0.04,0.0,0.0,0.0,0
322.0,58.0,6.0,0.018633540372670808,0.08074534161490683,1.0,0.0,1.0,0
23.0,6.0,0.0,0.0,0.043478260869565216,0.0,0.0,0.0,0
39.0,8.0,0.0,0.0,0.05128205128205128,0.0,0.0,1.0,0
148.0,33.0,0.0,0.0,0.033783783783783786,0.0,0.0,0.0,0
47.0,9.0,0.0,0.0,0.06382978723404255,0.0,0.0,0.0,0
38.0,6.0,1.0,0.02631578947368421,0.02631578947368421,0.0,0.0,0.0,0
32.0,7.0,0.0,0.0,0.03125,0.0,0.0,0.0,0
37.0,7.0,0.0,0.0,0.02702702702702703,0.0,0.0,0.0,0
160.0,31.0,26.0,0.1625,0.06875,1.0,0.0,0.0,1
34.0,9.0,0.0,0.0,0.029411764705882353,0.0,0.0,0.0,0
132.0,25.0,5.0,0.03787878787878788,0.06818181818181818,2.0,1.0,2.0,1
95.0,17.0,0.0,0.0,0.031578947368421054,1.0,0.0,0.0,0
49.0,9.0,0.0,0.0,0.02040816326530612,0.0,0.0,0.0,0
34.0,7.0,0.0,0.0,0.029411764705882353,0.0,0.0,0.0,0
89.0,17.0,0.0,0.0,0.02247191011235955,0.0,0.0,1.0,0
46.0,9.0,0.0,0.0,0.043478260869565216,0.0,0.0,0.0,0
42.0,7.0,0.0,0.0,0.023809523809523808,0.0,0.0,0.0,0
39.0,9.0,0.0,0.0,0.02564102564102564,0.0,0.0,0.0,0
31.0,7.0,2.0,0.06451612903225806,0.03225806451612903,0.0,0.0,0.0,0
110.0,28.0,3.0,0.02727272727272727,0.00909090909090909,1.0,0.0,0.0,0
169.0,27.0,41.0,0.24260355029585798,0.04142011834319527,1.0,0.0,2.0,1
50.0,9.0,0.0,0.0,0.02,0.0,0.0,0.0,0
173.0,33.0,0.0,0.0,0.017341040462427744,0.0,0.0,0.0,0
240.0,48.0,0.0,0.0,0.0125,0.0,0.0,1.0,0
104.0,21.0,0.0,0.0,0.028846153846153848,0.0,0.0,0.0,0
76.0,17.0,3.0,0.039473684210526314,0.013157894736842105,0.0,0.0,0.0,0
35.0,6.0,0.0,0.0,0.05714285714285714,1.0,0.0,0.0,0
33.0,6.0,0.0,0.0,0.030303030303030304,0.0,0.0,0.0,0
18.0,4.0,0.0,0.0,0.05555555555555555,0.0,0.0,0.0,0
91.0,19.0,0.0,0.0,0.02197802197802198,0.0,0.0,0.0,0
121.0,24.0,0.0,0.0,0.03305785123966942,0.0,0.0,1.0,0
38.0,9.0,0.0,0.0,0.05263157894736842,0.0,0.0,0.0,0
56.0,12.0,0.0,0.0,0.03571428571428571,0.0,0.0,0.0,0
58.0,12.0,0.0,0.0,0.034482758620689655,0.0,0.0,0.0,0
84.0,17.0,0.0,0.0,0.047619047619047616,0.0,0.0,0.0,0
131.0,21.0,0.0,0.0,0.030534351145038167,0.0,0.0,0.0,0
13.0,3.0,0.0,0.0,0.07692307692307693,0.0,0.0,0.0,0
81.0,15.0,0.0,0.0,0.012345679012345678,1.0,0.0,1.0,0
38.0,9.0,0.0,0.0,0.07894736842105263,0.0,0.0,0.0,0
30.0,8.0,0.0,0.0,0.06666666666666667,0.0,0.0,0.0,0
24.0,5.0,0.0,0.0,0.041666666666666664,0.0,0.0,0.0,0
104.0,22.0,5.0,0.04807692307692308,0.038461538461538464,0.0,0.0,0.0,0
52.0,10.0,0.0,0.0,0.038461538461538464,0.0,0.0,0.0,0
89.0,13.0,0.0,0.0,0.033707865168539325,0.0,2.0,0.0,1
66.0,16.0,0.0,0.0,0.015151515151515152,0.0,0.0,0.0,0
62.0,15.0,0.0,0.0,0.04838709677419355,0.0,0.0,0.0,0
26.0,5.0,0.0,0.0,0.038461538461538464,0.0,0.0,0.0,0
71.0,15.0,0.0,0.0,0.056338028169014086,0.0,0.0,0.0,0
127.0,27.0,0.0,0.0,0.015748031496062992,0.0,0.0,1.0,0
28.0,6.0,0.0,0.0,0.03571428571428571,0.0,0.0,0.0,0
48.0,8.0,12.0,0.25,0.041666666666666664,0.0,0.0,0.0,1
54.0,11.0,0.0,0.0,0.037037037037037035,0.0,0.0,1.0,0
23.0,3.0,0.0,0.0,0.043478260869565216,0.0,0.0,0.0,0
40.0,8.0,0.0,0.0,0.025,0.0,0.0,0.0,0
65.0,12.0,1.0,0.015384615384615385,0.03076923076923077,0.0,0.0,0.0,0
106.0,19.0,11.0,0.10377358490566038,0.05660377358490566,1.0,0.0,0.0,1
155.0,34.0,0.0,0.0,0.025806451612903226,1.0,0.0,0.0,0
37.0,7.0,0.0,0.0,0.02702702702702703,0.0,0.0,0.0,0
51.0,13.0,2.0,0.0392156862745098,0.0392156862745098,0.0,0.0,0.0,0
42.0,8.0,0.0,0.0,0.047619047619047616,1.0,0.0,0.0,0
38.0,4.0,0.0,0.0,0.02631578947368421,0.0,0.0,0.0,0
155.0,28.0,14.0,0.09032258064516129,0.0967741935483871,0.0,0.0,0.0,1
141.0,28.0,10.0,0.07092198581560284,0.0425531914893617,1.0,0.0,0.0,1
126.0,24.0,1.0,0.007936507936507936,0.7777777777777778,1.0,0.0,0.0,0
127.0,25.0,0.0,0.0,0.015748031496062992,0.0,0.0,1.0,0
146.0,27.0,23.0,0.15753424657534246,0.15753424657534246,3.0,0.0,1.0,1
96.0,20.0,1.0,0.010416666666666666,0.041666666666666664,0.0,0.0,0.0,0
32.0,7.0,0.0,0.0,0.03125,0.0,0.0,0.0,0
56.0,10.0,0.0,0.0,0.03571428571428571,0.0,0.0,0.0,0
45.0,12.0,1.0,0.022222222222222223,0.044444444444444446,0.0,0.0,0.0,0
60.0,14.0,0.0,0.0,0.03333333333333333,0.0,0.0,1.0,0
116.0,23.0,0.0,0.0,0.034482758620689655,0.0,0.0,1.0,0
48.0,9.0,0.0,0.0,0.020833333333333332,0.0,0.0,0.0,0
40.0,8.0,0.0,0.0,0.025,0.0,0.0,0.0,0
82.0,17.0,0.0,0.0,0.036585365853658534,0.0,0.0,0.0,0
36.0,7.0,1.0,0.027777777777777776,0.027777777777777776,0.0,0.0,0.0,0
34.0,7.0,0.0,0.0,0.029411764705882353,0.0,0.0,1.0,0
89.0,18.0,1.0,0.011235955056179775,0.0449438202247191,0.0,0.0,0.0,0
77.0,17.0,0.0,0.0,0.012987012987012988,1.0,0.0,0.0,0
132.0,30.0,3.0,0.022727272727272728,0.022727272727272728,0.0,0.0,1.0,0
29.0,6.0,0.0,0.0,0.06896551724137931,0.0,0.0,0.0,0
55.0,10.0,0.0,0.0,0.03636363636363636,0.0,0.0,0.0,0
32.0,7.0,0.0,0.0,0.03125,0.0,0.0,0.0,0
53.0,12.0,0.0,0.0,0.018867924528301886,0.0,0.0,0.0,0
79.0,17.0,0.0,0.0,0.02531645569620253,0.0,0.0,0.0,0
77.0,13.0,0.0,0.0,0.012987012987012988,0.0,0.0,0.0,0
47.0,11.0,0.0,0.0,0.06382978723404255,0.0,0.0,0.0,0
119.0,23.0,0.0,0.0,0.05042016806722689,1.0,0.0,0.0,0
55.0,11.0,1.0,0.01818181818181818,0.03636363636363636,1.0,0.0,1.0,0
45.0,8.0,0.0,0.0,0.022222222222222223,1.0,0.0,0.0,0
38.0,7.0,0.0,0.0,0.02631578947368421,0.0,0.0,0.0,0
66.0,16.0,0.0,0.0,0.030303030303030304,0.0,0.0,1.0,0
59.0,15.0,0.0,0.0,0.03389830508474576,0.0,0.0,0.0,0
13.0,4.0,0.0,0.0,0.15384615384615385,0.0,0.0,0.0,0
74.0,16.0,0.0,0.0,0.05405405405405406,0.0,0.0,0.0,0
158.0,28.0,14.0,0.08860759493670886,0.13291139240506328,0.0,0.0,1.0,1
23.0,5.0,0.0,0.0,0.043478260869565216,0.0,0.0,0.0,0
53.0,9.0,0.0,0.0,0.03773584905660377,0.0,0.0,0.0,0
41.0,11.0,1.0,0.024390243902439025,0.024390243902439025,0.0,0.0,0.0,0
36.0,6.0,0.0,0.0,0.027777777777777776,0.0,0.0,0.0,0
102.0,16.0,0.0,0.0,0.0196078431372549,0.0,0.0,0.0,0
38.0,6.0,0.0,0.0,0.02631578947368421,0.0,0.0,0.0,0
32.0,7.0,0.0,0.0,0.0625,1.0,0.0,0.0,0
14.0,3.0,0.0,0.0,0.07142857142857142,0.0,0.0,0.0,0
160.0,24.0,15.0,0.09375,0.125,1.0,1.0,0.0,1
54.0,9.0,0.0,0.0,0.037037037037037035,0.0,0.0,0.0,0
194.0,39.0,2.0,0.010309278350515464,0.020618556701030927,0.0,0.0,0.0,0
48.0,9.0,0.0,0.0,0.041666666666666664,0.0,0.0,0.0,0
52.0,10.0,0.0,0.0,0.019230769230769232,0.0,0.0,0.0,0
51.0,11.0,0.0,0.0,0.0196078431372549,0.0,0.0,0.0,0
77.0,15.0,0.0,0.0,0.05194805194805195,0.0,0.0,0.0,0
132.0,27.0,0.0,0.0,0.007575757575757576,0.0,0.0,0.0,0
96.0,19.0,0.0,0.0,0.03125,1.0,0.0,0.0,0
223.0,34.0,23.0,0.1031390134529148,0.06278026905829596,1.0,0.0,2.0,1
39.0,9.0,0.0,0.0,0.02564102564102564,0.0,0.0,0.0,0
51.0,10.0,0.0,0.0,0.0196078431372549,0.0,0.0,0.0,0
157.0,31.0,0.0,0.0,0.012738853503184714,0.0,0.0,0.0,0
91.0,17.0,1.0,0.01098901098901099,0.01098901098901099,0.0,0.0,1.0,0
51.0,10.0,0.0,0.0,0.0196078431372549,0.0,0.0,0.0,0
50.0,9.0,0.0,0.0,0.06,0.0,0.0,0.0,0
132.0,18.0,0.0,0.0,0.0,0.0,0.0,0.0,0
30.0,7.0,0.0,0.0,0.03333333333333333,0.0,0.0,0.0,0
71.0,16.0,0.0,0.0,0.014084507042253521,0.0,0.0,0.0,0
95.0,21.0,0.0,0.0,0.031578947368421054,1.0,0.0,0.0,0
155.0,30.0,1.0,0.0064516129032258064,0.12903225806451613,0.0,0.0,0.0,1
18.0,2.0,5.0,0.2777777777777778,0.0,0.0,0.0,0.0,1
36.0,9.0,0.0,0.0,0.027777777777777776,0.0,0.0,0.0,0
48.0,9.0,0.0,0.0,0.020833333333333332,0.0,0.0,0.0,0
35.0,7.0,0.0,0.0,0.8285714285714286,0.0,0.0,0.0,0
23.0,4.0,0.0,0.0,0.043478260869565216,0.0,0.0,0.0,0
152.0,24.0,18.0,0.11842105263157894,0.019736842105263157,0.0,0.0,0.0,1
158.0,37.0,0.0,0.0,0.0379746835443038,0.0,0.0,0.0,0
27.0,7.0,0.0,0.0,0.037037037037037035,0.0,0.0,0.0,0
84.0,19.0,0.0,0.0,0.047619047619047616,1.0,0.0,0.0,1
153.0,31.0,0.0,0.0,0.0392156862745098,2.0,0.0,0.0,0
126.0,20.0,0.0,0.0,0.007936507936507936,0.0,0.0,0.0,0
85.0,15.0,0.0,0.0,0.03529411764705882,1.0,0.0,1.0,0
160.0,32.0,0.0,0.0,0.025,0.0,0.0,0.0,0
55.0,9.0,0.0,0.0,0.01818181818181818,0.0,0.0,0.0,0
46.0,10.0,1.0,0.021739130434782608,0.043478260869565216,0.0,0.0,0.0,0
33.0,9.0,0.0,0.0,0.030303030303030304,0.0,0.0,0.0,0
28.0,6.0,0.0,0.0,0.03571428571428571,0.0,0.0,0.0,0
136.0,28.0,1.0,0.007352941176470588,0.022058823529411766,0.0,0.0,0.0,0
122.0,24.0,23.0,0.1885245901639344,0.23770491803278687,0.0,0.0,1.0,1
38.0,8.0,0.0,0.0,0.05263157894736842,0.0,0.0,0.0,0
142.0,29.0,0.0,0.0,0.02112676056338028,0.0,0.0,1.0,0
142.0,34.0,0.0,0.0,0.07042253521126761,0.0,0.0,0.0,0
134.0,28.0,2.0,0.014925373134328358,0.022388059701492536,0.0,0.0,1.0,0
52.0,9.0,0.0,0.0,0.038461538461538464,0.0,0.0,0.0,0
274.0,37.0,0.0,0.0,0.025547445255474453,0.0,0.0,1.0,0
30.0,8.0,0.0,0.0,0.03333333333333333,0.0,0.0,1.0,0
153.0,29.0,0.0,0.0,0.0196078431372549,1.0,0.0,0.0,0
32.0,8.0,0.0,0.0,0.0625,0.0,0.0,0.0,0
70.0,14.0,0.0,0.0,0.02857142857142857,0.0,0.0,0.0,0
40.0,8.0,1.0,0.025,0.05,0.0,0.0,0.0,0
130.0,22.0,13.0,0.1,0.13076923076923078,0.0,1.0,0.0,1
26.0,6.0,0.0,0.0,0.07692307692307693,0.0,0.0,0.0,0
47.0,9.0,0.0,0.0,0.06382978723404255,0.0,0.0,0.0,0
32.0,7.0,0.0,0.0,0.03125,0.0,0.0,0.0,0
151.0,29.0,0.0,0.0,0.046357615894039736,1.0,0.0,1.0,0
96.0,19.0,0.0,0.0,0.03125,0.0,0.0,0.0,0
88.0,18.0,0.0,0.0,0.022727272727272728,0.0,0.0,0.0,0
23.0,5.0,0.0,0.0,0.043478260869565216,0.0,0.0,0.0,0
32.0,6.0,0.0,0.0,0.09375,0.0,0.0,0.0,0
81.0,18.0,0.0,0.0,0.024691358024691357,0.0,0.0,0.0,0
155.0,28.0,16.0,0.1032258064516129,0.2064516129032258,4.0,0.0,1.0,1
155.0,30.0,0.0,0.0,0.0064516129032258064,1.0,0.0,0.0,0
33.0,3.0,0.0,0.0,0.030303030303030304,0.0,0.0,0.0,0
70.0,16.0,0.0,0.0,0.02857142857142857,0.0,0.0,0.0,0
144.0,33.0,0.0,0.0,0.034722222222222224,0.0,0.0,1.0,0
141.0,29.0,1.0,0.0070921985815602835,0.028368794326241134,1.0,0.0,0.0,0
34.0,7.0,0.0,0.0,0.029411764705882353,0.0,0.0,0.0,0
35.0,9.0,1.0,0.02857142857142857,0.02857142857142857,0.0,0.0,0.0,0
40.0,7.0,0.0,0.0,0.05,0.0,0.0,0.0,0
148.0,32.0,0.0,0.0,0.013513513513513514,1.0,0.0,0.0,0
38.0,8.0,0.0,0.0,0.0,1.0,0.0,0.0,0
104.0,25.0,1.0,0.009615384615384616,0.019230769230769232,0.0,0.0,0.0,0
26.0,5.0,0.0,0.0,0.11538461538461539,2.0,0.0,0.0,0
38.0,9.0,0.0,0.0,0.05263157894736842,0.0,0.0,0.0,0
155.0,27.0,5.0,0.03225806451612903,0.05806451612903226,1.0,0.0,0.0,1
131.0,25.0,2.0,0.015267175572519083,0.04580152671755725,0.0,0.0,0.0,0
38.0,7.0,0.0,0.0,0.02631578947368421,0.0,0.0,0.0,0
151.0,28.0,13.0,0.08609271523178808,0.0728476821192053,3.0,0.0,1.0,1
153.0,24.0,5.0,0.032679738562091505,0.026143790849673203,0.0,2.0,0.0,1
28.0,6.0,0.0,0.0,0.03571428571428571,0.0,0.0,0.0,0
54.0,10.0,0.0,0.0,0.07407407407407407,0.0,0.0,0.0,0
47.0,11.0,0.0,0.0,0.0425531914893617,0.0,0.0,0.0,0
30.0,7.0,0.0,0.0,0.03333333333333333,0.0,0.0,0.0,0
134.0,30.0,2.0,0.014925373134328358,0.022388059701492536,0.0,0.0,0.0,0
157.0,22.0,6.0,0.03821656050955414,0.6496815286624203,2.0,2.0,2.0,1
103.0,23.0,0.0,0.0,0.02912621359223301,0.0,0.0,0.0,0
114.0,22.0,0.0,0.0,0.017543859649122806,2.0,0.0,0.0,0
150.0,28.0,3.0,0.02,0.7333333333333333,0.0,0.0,0.0,0
37.0,8.0,0.0,0.0,0.02702702702702703,0.0,0.0,0.0,0
75.0,15.0,0.0,0.0,0.02666666666666667,0.0,0.0,0.0,0
148.0,30.0,0.0,0.0,0.1891891891891892,1.0,0.0,0.0,0
103.0,20.0,0.0,0.0,0.019417475728155338,0.0,0.0,0.0,0
37.0,8.0,0.0,0.0,0.02702702702702703,0.0,0.0,0.0,0
66.0,12.0,0.0,0.0,0.06060606060606061,0.0,0.0,0.0,0
88.0,15.0,0.0,0.0,0.045454545454545456,0.0,0.0,0.0,0
37.0,7.0,0.0,0.0,0.02702702702702703,0.0,0.0,0.0,0
25.0,5.0,0.0,0.0,0.08,1.0,0.0,0.0,0
72.0,17.0,2.0,0.027777777777777776,0.027777777777777776,0.0,0.0,0.0,0
36.0,8.0,0.0,0.0,0.027777777777777776,0.0,0.0,0.0,0
120.0,26.0,0.0,0.0,0.05,0.0,0.0,0.0,0
25.0,6.0,0.0,0.0,0.04,0.0,0.0,0.0,0
79.0,17.0,0.0,0.0,0.02531645569620253,0.0,0.0,0.0,0
147.0,26.0,10.0,0.06802721088435375,0.07482993197278912,1.0,1.0,2.0,1
70.0,15.0,0.0,0.0,0.02857142857142857,0.0,0.0,0.0,0
136.0,25.0,17.0,0.125,0.11764705882352941,1.0,0.0,1.0,1
70.0,16.0,1.0,0.014285714285714285,0.04285714285714286,0.0,0.0,1.0,0
24.0,6.0,0.0,0.0,0.041666666666666664,0.0,0.0,1.0,0
41.0,11.0,0.0,0.0,0.024390243902439025,0.0,0.0,0.0,0
33.0,7.0,0.0,0.0,0.030303030303030304,0.0,0.0,0.0,0
111.0,26.0,0.0,0.0,0.036036036036036036,0.0,0.0,0.0,0
156.0,32.0,1.0,0.00641025641025641,0.07051282051282051,2.0,0.0,0.0,0
154.0,22.0,20.0,0.12987012987012986,0.16883116883116883,1.0,0.0,0.0,1
59.0,10.0,0.0,0.0,0.03389830508474576,0.0,0.0,0.0,0
6.0,1.0,0.0,0.0,0.16666666666666666,0.0,0.0,0.0,0
81.0,19.0,0.0,0.0,0.012345679012345678,0.0,0.0,0.0,0
57.0,12.0,0.0,0.0,0.017543859649122806,0.0,0.0,0.0,0
94.0,14.0,0.0,0.0,0.010638297872340425,0.0,0.0,0.0,0
50.0,9.0,1.0,0.02,0.02,0.0,0.0,0.0,0
23.0,4.0,0.0,0.0,0.043478260869565216,0.0,0.0,0.0,0
48.0,8.0,0.0,0.0,0.041666666666666664,1.0,0.0,0.0,0
158.0,28.0,21.0,0.13291139240506328,0.05063291139240506,0.0,0.0,0.0,1
34.0,6.0,0.0,0.0,0.058823529411764705,0.0,0.0,0.0,0
37.0,5.0,1.0,0.02702702702702703,0.02702702702702703,1.0,0.0,0.0,0
62.0,13.0,0.0,0.0,0.04838709677419355,0.0,0.0,0.0,0
37.0,6.0,0.0,0.0,0.02702702702702703,0.0,0.0,0.0,0
120.0,24.0,0.0,0.0,0.025,0.0,0.0,0.0,0
24.0,4.0,0.0,0.0,0.16666666666666666,1.0,0.0,0.0,0
27.0,5.0,0.0,0.0,0.037037037037037035,0.0,0.0,0.0,0
23.0,5.0,0.0,0.0,0.043478260869565216,0.0,0.0,0.0,0
153.0,25.0,11.0,0.0718954248366013,0.1111111111111111,3.0,0.0,1.0,1
157.0,28.0,18.0,0.11464968152866242,0.1464968152866242,2.0,0.0,3.0,1
32.0,7.0,0.0,0.0,0.03125,0.0,0.0,0.0,0
54.0,12.0,0.0,0.0,0.037037037037037035,0.0,0.0,0.0,0
48.0,11.0,0.0,0.0,0.020833333333333332,0.0,0.0,0.0,0
50.0,12.0,1.0,0.02,0.04,0.0,0.0,0.0,0
29.0,7.0,0.0,0.0,0.06896551724137931,0.0,0.0,0.0,0
62.0,12.0,0.0,0.0,0.03225806451612903,0.0,0.0,0.0,0
156.0,27.0,22.0,0.14102564102564102,0.1987179487179487,1.0,0.0,0.0,1
138.0,29.0,0.0,0.0,0.050724637681159424,0.0,0.0,0.0,0
41.0,7.0,0.0,0.0,0.04878048780487805,0.0,0.0,0.0,0
122.0,26.0,0.0,0.0,0.040983606557377046,0.0,0.0,0.0,0
45.0,10.0,0.0,0.0,0.7777777777777778,0.0,0.0,1.0,0
117.0,27.0,0.0,0.0,0.03418803418803419,0.0,0.0,0.0,0
28.0,7.0,0.0,0.0,0.03571428571428571,0.0,0.0,0.0,0
332.0,64.0,0.0,0.0,0.03313253012048193,1.0,0.0,1.0,0
59.0,14.0,0.0,0.0,0.01694915254237288,0.0,0.0,0.0,0
115.0,24.0,0.0,0.0,0.02608695652173913,0.0,0.0,0.0,0
58.0,11.0,0.0,0.0,0.034482758620689655,0.0,0.0,0.0,0
29.0,6.0,0.0,0.0,0.034482758620689655,0.0,0.0,0.0,0
75.0,14.0,1.0,0.013333333333333334,0.013333333333333334,0.0,0.0,0.0,0
48.0,10.0,0.0,0.0,0.041666666666666664,0.0,0.0,0.0,0
46.0,11.0,0.0,0.0,0.021739130434782608,0.0,0.0,0.0,0
70.0,14.0,0.0,0.0,0.05714285714285714,0.0,0.0,0.0,0
69.0,15.0,2.0,0.028985507246376812,0.028985507246376812,0.0,0.0,0.0,0
33.0,8.0,0.0,0.0,0.030303030303030304,0.0,0.0,0.0,0
112.0,25.0,0.0,0.0,0.0,0.0,0.0,0.0,0
25.0,4.0,0.0,0.0,0.08,0.0,0.0,0.0,0
24.0,6.0,0.0,0.0,0.125,0.0,0.0,0.0,0
38.0,8.0,0.0,0.0,0.05263157894736842,0.0,0.0,0.0,0
111.0,21.0,0.0,0.0,0.018018018018018018,0.0,0.0,0.0,0
83.0,17.0,0.0,0.0,0.012048192771084338,1.0,0.0,0.0,0
125.0,24.0,0.0,0.0,0.04,1.0,0.0,0.0,0
63.0,12.0,0.0,0.0,0.031746031746031744,0.0,0.0,0.0,0
38.0,7.0,0.0,0.0,0.05263157894736842,0.0,0.0,0.0,0
70.0,15.0,0.0,0.0,0.11428571428571428,0.0,0.0,0.0,0
26.0,7.0,0.0,0.0,0.0,0.0,0.0,1.0,0
73.0,14.0,0.0,0.0,0.0136986301369863,0.0,0.0,1.0,0
166.0,33.0,0.0,0.0,0.018072289156626505,0.0,0.0,1.0,0
78.0,16.0,0.0,0.0,0.038461538461538464,0.0,0.0,0.0,0
26.0,8.0,0.0,0.0,0.038461538461538464,0.0,0.0,0.0,0
66.0,10.0,0.0,0.0,0.015151515151515152,1.0,0.0,0.0,0
22.0,4.0,0.0,0.0,0.045454545454545456,0.0,0.0,0.0,0
35.0,8.0,0.0,0.0,0.02857142857142857,0.0,0.0,0.0,0
54.0,14.0,1.0,0.018518518518518517,0.07407407407407407,2.0,0.0,0.0,0
154.0,29.0,23.0,0.14935064935064934,0.09740259740259741,2.0,0.0,2.0,1
74.0,14.0,0.0,0.0,0.013513513513513514,0.0,0.0,0.0,1
190.0,37.0,0.0,0.0,0.005263157894736842,0.0,0.0,0.0,0
28.0,4.0,0.0,0.0,0.03571428571428571,0.0,0.0,0.0,0
88.0,15.0,0.0,0.0,0.03409090909090909,0.0,0.0,1.0,0
86.0,20.0,1.0,0.011627906976744186,0.023255813953488372,0.0,0.0,0.0,0
138.0,33.0,0.0,0.0,0.028985507246376812,0.0,0.0,0.0,0
50.0,11.0,0.0,0.0,0.02,0.0,0.0,0.0,0
165.0,36.0,0.0,0.0,0.030303030303030304,0.0,0.0,0.0,0
24.0,4.0,0.0,0.0,0.041666666666666664,0.0,0.0,0.0,0
47.0,7.0,0.0,0.0,0.02127659574468085,0.0,0.0,0.0,0
34.0,6.0,0.0,0.0,0.029411764705882353,0.0,0.0,0.0,0
458.0,95.0,0.0,0.0,0.015283842794759825,0.0,0.0,1.0,0
105.0,24.0,0.0,0.0,0.02857142857142857,0.0,0.0,0.0,0
36.0,8.0,0.0,0.0,0.0,0.0,0.0,0.0,0
118.0,25.0,0.0,0.0,0.03389830508474576,0.0,0.0,0.0,0
43.0,9.0,0.0,0.0,0.023255813953488372,0.0,0.0,0.0,0
165.0,38.0,2.0,0.012121212121212121,0.13333333333333333,2.0,0.0,0.0,0
154.0,24.0,19.0,0.12337662337662338,0.09090909090909091,2.0,1.0,0.0,1
148.0,30.0,0.0,0.0,0.0472972972972973,0.0,0.0,1.0,0
155.0,25.0,0.0,0.0,0.06451612903225806,3.0,1.0,0.0,1
140.0,25.0,17.0,0.12142857142857143,0.05714285714285714,1.0,0.0,1.0,1
132.0,24.0,12.0,0.09090909090909091,0.03787878787878788,0.0,0.0,0.0,1
73.0,15.0,0.0,0.0,0.1095890410958904,2.0,0.0,0.0,0
80.0,19.0,0.0,0.0,0.0375,0.0,0.0,0.0,0
69.0,15.0,0.0,0.0,0.13043478260869565,0.0,0.0,1.0,0
102.0,20.0,0.0,0.0,0.049019607843137254,0.0,0.0,0.0,0
32.0,6.0,0.0,0.0,0.03125,0.0,0.0,0.0,0
107.0,20.0,1.0,0.009345794392523364,0.037383177570093455,1.0,0.0,0.0,0
66.0,14.0,0.0,0.0,0.0,0.0,0.0,1.0,0
41.0,10.0,0.0,0.0,0.024390243902439025,0.0,0.0,0.0,0
44.0,7.0,0.0,0.0,0.8409090909090909,0.0,0.0,0.0,0
25.0,6.0,0.0,0.0,0.04,0.0,0.0,0.0,0
38.0,8.0,0.0,0.0,0.02631578947368421,0.0,0.0,0.0,0
35.0,6.0,0.0,0.0,0.08571428571428572,0.0,0.0,0.0,0
135.0,24.0,12.0,0.08888888888888889,0.1111111111111111,2.0,0.0,0.0,1
29.0,5.0,0.0,0.0,0.034482758620689655,0.0,0.0,1.0,0
47.0,9.0,0.0,0.0,0.06382978723404255,0.0,0.0,1.0,0
139.0,27.0,0.0,0.0,0.014388489208633094,0.0,0.0,0.0,0
73.0,12.0,0.0,0.0,0.1095890410958904,0.0,0.0,0.0,0
26.0,5.0,0.0,0.0,0.07692307692307693,1.0,0.0,0.0,0
82.0,17.0,0.0,0.0,0.036585365853658534,0.0,0.0,0.0,0
141.0,30.0,0.0,0.0,0.014184397163120567,3.0,0.0,0.0,0
156.0,29.0,20.0,0.1282051282051282,0.14102564102564102,0.0,0.0,0.0,1
25.0,3.0,0.0,0.0,0.04,0.0,0.0,0.0,0
76.0,15.0,0.0,0.0,0.013157894736842105,1.0,0.0,0.0,0
23.0,3.0,0.0,0.0,0.043478260869565216,0.0,0.0,0.0,0
144.0,27.0,10.0,0.06944444444444445,0.08333333333333333,0.0,1.0,1.0,1
50.0,10.0,0.0,0.0,0.06,0.0,0.0,0.0,0
32.0,7.0,0.0,0.0,0.03125,0.0,0.0,0.0,0
41.0,9.0,0.0,0.0,0.0,1.0,0.0,0.0,0
122.0,28.0,2.0,0.01639344262295082,0.02459016393442623,0.0,0.0,0.0,0
92.0,16.0,0.0,0.0,0.021739130434782608,0.0,0.0,0.0,0
25.0,5.0,0.0,0.0,0.04,0.0,0.0,0.0,0
138.0,27.0,0.0,0.0,0.014492753623188406,0.0,0.0,1.0,0
105.0,22.0,0.0,0.0,0.0380952380952381,0.0,0.0,0.0,0
33.0,7.0,0.0,0.0,0.030303030303030304,0.0,0.0,0.0,0
69.0,13.0,0.0,0.0,0.043478260869565216,0.0,0.0,0.0,0
31.0,7.0,0.0,0.0,0.03225806451612903,0.0,0.0,0.0,0
40.0,10.0,0.0,0.0,0.025,0.0,0.0,0.0,0
31.0,6.0,0.0,0.0,0.03225806451612903,0.0,0.0,0.0,0
45.0,8.0,1.0,0.022222222222222223,0.5777777777777777,1.0,0.0,0.0,0
102.0,20.0,0.0,0.0,0.029411764705882353,0.0,0.0,0.0,0
149.0,32.0,0.0,0.0,0.013422818791946308,2.0,0.0,0.0,0
158.0,29.0,23.0,0.14556962025316456,0.13924050632911392,3.0,0.0,1.0,1
30.0,7.0,0.0,0.0,0.0,0.0,0.0,0.0,0
34.0,7.0,0.0,0.0,0.029411764705882353,0.0,0.0,0.0,0
20.0,4.0,0.0,0.0,0.0,0.0,0.0,0.0,0
76.0,15.0,0.0,0.0,0.02631578947368421,0.0,0.0,0.0,0
24.0,5.0,0.0,0.0,0.041666666666666664,0.0,0.0,0.0,0
136.0,22.0,1.0,0.007352941176470588,0.04411764705882353,0.0,0.0,0.0,0
54.0,8.0,0.0,0.0,0.037037037037037035,0.0,0.0,0.0,0
124.0,25.0,0.0,0.0,0.03225806451612903,2.0,0.0,1.0,0
327.0,70.0,0.0,0.0,0.01529051987767584,1.0,0.0,1.0,0
26.0,4.0,0.0,0.0,0.038461538461538464,0.0,0.0,0.0,0
81.0,15.0,0.0,0.0,0.16049382716049382,0.0,0.0,0.0,1
36.0,7.0,0.0,0.0,0.027777777777777776,0.0,0.0,0.0,0
34.0,9.0,0.0,0.0,0.058823529411764705,0.0,0.0,0.0,0
116.0,23.0,0.0,0.0,0.04310344827586207,1.0,0.0,0.0,0
119.0,24.0,0.0,0.0,0.12605042016806722,1.0,0.0,0.0,0
155.0,27.0,0.0,0.0,0.0967741935483871,1.0,0.0,0.0,0
89.0,18.0,0.0,0.0,0.033707865168539325,1.0,0.0,0.0,0
25.0,6.0,1.0,0.04,0.08,0.0,0.0,0.0,0
28.0,5.0,0.0,0.0,0.03571428571428571,0.0,0.0,0.0,0
33.0,8.0,0.0,0.0,0.030303030303030304,0.0,0.0,0.0,0
48.0,10.0,0.0,0.0,0.0,0.0,0.0,1.0,0
79.0,16.0,0.0,0.0,0.012658227848101266,0.0,0.0,1.0,0
58.0,12.0,0.0,0.0,0.034482758620689655,0.0,0.0,0.0,0
47.0,9.0,1.0,0.02127659574468085,0.02127659574468085,0.0,0.0,0.0,0
22.0,5.0,0.0,0.0,0.045454545454545456,0.0,0.0,0.0,0
30.0,7.0,0.0,0.0,0.03333333333333333,0.0,0.0,0.0,0
65.0,12.0,0.0,0.0,0.015384615384615385,0.0,0.0,0.0,0
125.0,25.0,0.0,0.0,0.048,1.0,0.0,0.0,0
134.0,25.0,16.0,0.11940298507462686,0.3582089552238806,1.0,0.0,1.0,1
70.0,15.0,0.0,0.0,0.02857142857142857,0.0,0.0,0.0,0
160.0,30.0,21.0,0.13125,0.15625,1.0,0.0,0.0,1
63.0,13.0,0.0,0.0,0.031746031746031744,0.0,0.0,0.0,0
94.0,20.0,0.0,0.0,0.031914893617021274,0.0,0.0,0.0,0
159.0,35.0,0.0,0.0,0.025157232704402517,0.0,0.0,0.0,0
26.0,6.0,0.0,0.0,0.038461538461538464,0.0,0.0,0.0,0
34.0,9.0,0.0,0.0,0.029411764705882353,0.0,0.0,0.0,0
23.0,6.0,0.0,0.0,0.043478260869565216,0.0,0.0,0.0,0
179.0,33.0,0.0,0.0,0.0223463687150838,0.0,0.0,0.0,0
30.0,8.0,0.0,0.0,0.03333333333333333,0.0,0.0,0.0,0
88.0,21.0,0.0,0.0,0.022727272727272728,0.0,0.0,0.0,0
167.0,19.0,0.0,0.0,0.10778443113772455,2.0,0.0,0.0,0
29.0,6.0,1.0,0.034482758620689655,0.0,0.0,0.0,0.0,0
172.0,33.0,22.0,0.12790697674418605,0.040697674418604654,0.0,0.0,1.0,1
141.0,33.0,1.0,0.0070921985815602835,0.028368794326241134,0.0,0.0,0.0,0
22.0,5.0,0.0,0.0,0.045454545454545456,0.0,0.0,0.0,0
68.0,12.0,0.0,0.0,0.029411764705882353,0.0,0.0,0.0,0
26.0,7.0,0.0,0.0,0.038461538461538464,0.0,0.0,0.0,0
80.0,18.0,0.0,0.0,0.025,1.0,0.0,0.0,0
28.0,6.0,0.0,0.0,0.03571428571428571,0.0,0.0,0.0,0
79.0,15.0,0.0,0.0,0.0379746835443038,1.0,0.0,0.0,0
49.0,12.0,0.0,0.0,0.02040816326530612,0.0,0.0,0.0,0
36.0,9.0,0.0,0.0,0.027777777777777776,0.0,0.0,0.0,0
84.0,17.0,0.0,0.0,0.011904761904761904,0.0,0.0,0.0,0
81.0,11.0,7.0,0.08641975308641975,0.024691358024691357,5.0,0.0,0.0,0
15.0,3.0,0.0,0.0,0.06666666666666667,0.0,0.0,0.0,0
202.0,39.0,0.0,0.0,0.024752475247524754,0.0,0.0,1.0,0
28.0,6.0,0.0,0.0,0.03571428571428571,0.0,0.0,0.0,0
76.0,14.0,0.0,0.0,0.02631578947368421,0.0,0.0,0.0,0
136.0,25.0,0.0,0.0,0.022058823529411766,2.0,0.0,0.0,0
41.0,8.0,0.0,0.0,0.024390243902439025,0.0,0.0,1.0,0
28.0,6.0,0.0,0.0,0.07142857142857142,0.0,0.0,0.0,0
149.0,30.0,1.0,0.006711409395973154,0.04697986577181208,2.0,0.0,0.0,0
67.0,13.0,0.0,0.0,0.04477611940298507,2.0,0.0,0.0,0
153.0,30.0,19.0,0.12418300653594772,0.058823529411764705,1.0,0.0,3.0,1
45.0,10.0,0.0,0.0,0.022222222222222223,0.0,0.0,0.0,0
136.0,24.0,2.0,0.014705882352941176,0.022058823529411766,2.0,0.0,0.0,0
110.0,23.0,0.0,0.0,0.02727272727272727,0.0,0.0,0.0,0
39.0,8.0,0.0,0.0,0.02564102564102564,0.0,0.0,0.0,0
81.0,17.0,0.0,0.0,0.037037037037037035,1.0,0.0,0.0,0
101.0,21.0,0.0,0.0,0.019801980198019802,0.0,0.0,0.0,0
71.0,14.0,0.0,0.0,0.028169014084507043,0.0,0.0,0.0,0
18.0,4.0,0.0,0.0,0.05555555555555555,0.0,0.0,0.0,0
37.0,6.0,0.0,0.0,0.05405405405405406,0.0,0.0,0.0,0
44.0,9.0,1.0,0.022727272727272728,0.022727272727272728,0.0,0.0,0.0,0
93.0,16.0,2.0,0.021505376344086023,0.010752688172043012,0.0,0.0,1.0,0
24.0,4.0,0.0,0.0,0.041666666666666664,0.0,0.0,0.0,0
54.0,13.0,0.0,0.0,0.05555555555555555,0.0,0.0,0.0,0
156.0,27.0,1.0,0.00641025641025641,0.10256410256410256,1.0,0.0,1.0,1
113.0,20.0,0.0,0.0,0.02654867256637168,1.0,0.0,0.0,0
158.0,29.0,1.0,0.006329113924050633,0.0189873417721519,0.0,0.0,0.0,0
29.0,4.0,0.0,0.0,0.034482758620689655,0.0,0.0,0.0,0
40.0,9.0,0.0,0.0,0.025,0.0,0.0,0.0,0
27.0,5.0,0.0,0.0,0.037037037037037035,0.0,0.0,0.0,0
81.0,20.0,2.0,0.024691358024691357,0.012345679012345678,0.0,0.0,0.0,0
77.0,18.0,0.0,0.0,0.05194805194805195,0.0,0.0,0.0,0
24.0,5.0,0.0,0.0,0.041666666666666664,0.0,0.0,0.0,0
96.0,19.0,0.0,0.0,0.125,2.0,0.0,0.0,0
92.0,19.0,0.0,0.0,0.010869565217391304,1.0,0.0,0.0,0
48.0,10.0,0.0,0.0,0.0625,0.0,0.0,0.0,0
16.0,4.0,0.0,0.0,0.0625,0.0,0.0,0.0,0
56.0,13.0,0.0,0.0,0.03571428571428571,0.0,0.0,0.0,0
99.0,18.0,0.0,0.0,0.050505050505050504,1.0,0.0,0.0,0
39.0,8.0,1.0,0.02564102564102564,0.05128205128205128,1.0,0.0,0.0,0
20.0,5.0,0.0,0.0,0.05,0.0,0.0,0.0,0
78.0,15.0,11.0,0.14102564102564102,0.038461538461538464,0.0,0.0,0.0,1
115.0,24.0,1.0,0.008695652173913044,0.02608695652173913,0.0,0.0,0.0,0
146.0,19.0,25.0,0.17123287671232876,0.17123287671232876,3.0,0.0,0.0,1
114.0,23.0,0.0,0.0,0.017543859649122806,0.0,0.0,0.0,0
124.0,23.0,0.0,0.0,0.016129032258064516,1.0,0.0,0.0,0
60.0,14.0,0.0,0.0,0.03333333333333333,0.0,0.0,0.0,0
28.0,5.0,0.0,0.0,0.07142857142857142,0.0,0.0,0.0,0
40.0,9.0,0.0,0.0,0.025,0.0,0.0,0.0,0
169.0,39.0,9.0,0.05325443786982249,0.005917159763313609,0.0,0.0,0.0,0
75.0,14.0,0.0,0.0,0.02666666666666667,1.0,0.0,0.0,0
60.0,13.0,0.0,0.0,0.08333333333333333,0.0,0.0,0.0,0
51.0,13.0,0.0,0.0,0.0196078431372549,1.0,0.0,0.0,0
103.0,22.0,3.0,0.02912621359223301,0.7669902912621359,0.0,0.0,0.0,0
54.0,11.0,0.0,0.0,0.037037037037037035,1.0,0.0,0.0,0
72.0,17.0,2.0,0.027777777777777776,0.013888888888888888,0.0,0.0,1.0,0
36.0,6.0,0.0,0.0,0.05555555555555555,1.0,0.0,0.0,0
24.0,5.0,0.0,0.0,0.041666666666666664,0.0,0.0,1.0,0
39.0,8.0,0.0,0.0,0.02564102564102564,0.0,0.0,1.0,0
133.0,28.0,4.0,0.03007518796992481,0.03007518796992481,1.0,0.0,0.0,0
21.0,4.0,0.0,0.0,0.047619047619047616,0.0,0.0,0.0,0
56.0,11.0,0.0,0.0,0.0,1.0,0.0,0.0,0
24.0,3.0,0.0,0.0,0.041666666666666664,0.0,0.0,0.0,0
276.0,60.0,0.0,0.0,0.03985507246376811,1.0,0.0,0.0,0
112.0,17.0,0.0,0.0,0.07142857142857142,0.0,2.0,1.0,1
78.0,15.0,0.0,0.0,0.05128205128205128,0.0,0.0,0.0,0
74.0,12.0,0.0,0.0,0.013513513513513514,0.0,0.0,0.0,0
43.0,10.0,0.0,0.0,0.023255813953488372,0.0,0.0,0.0,0
86.0,13.0,11.0,0.12790697674418605,0.12790697674418605,1.0,0.0,1.0,1
142.0,32.0,3.0,0.02112676056338028,0.7323943661971831,0.0,0.0,0.0,0
74.0,17.0,0.0,0.0,0.02702702702702703,0.0,0.0,0.0,0
89.0,20.0,1.0,0.011235955056179775,0.033707865168539325,0.0,0.0,0.0,0
49.0,9.0,1.0,0.02040816326530612,0.02040816326530612,0.0,0.0,1.0,0
32.0,6.0,0.0,0.0,0.03125,0.0,0.0,0.0,0
30.0,6.0,0.0,0.0,0.03333333333333333,0.0,0.0,0.0,0
150.0,33.0,2.0,0.013333333333333334,0.02666666666666667,0.0,0.0,1.0,0
126.0,20.0,0.0,0.0,0.015873015873015872,0.0,0.0,0.0,0
34.0,7.0,0.0,0.0,0.058823529411764705,0.0,0.0,0.0,0
55.0,11.0,0.0,0.0,0.03636363636363636,0.0,0.0,0.0,0
37.0,8.0,0.0,0.0,0.02702702702702703,0.0,0.0,0.0,0
144.0,24.0,24.0,0.16666666666666666,0.1527777777777778,4.0,0.0,2.0,1
41.0,8.0,0.0,0.0,0.024390243902439025,1.0,0.0,0.0,0
276.0,61.0,0.0,0.0,0.11956521739130435,2.0,0.0,0.0,0
188.0,36.0,5.0,0.026595744680851064,0.02127659574468085,3.0,0.0,0.0,0
51.0,10.0,0.0,0.0,0.0392156862745098,0.0,0.0,0.0,0
107.0,27.0,0.0,0.0,0.7009345794392523,2.0,0.0,0.0,0
30.0,7.0,0.0,0.0,0.03333333333333333,0.0,0.0,0.0,0
54.0,13.0,0.0,0.0,0.037037037037037035,0.0,0.0,1.0,0
44.0,12.0,1.0,0.022727272727272728,0.022727272727272728,0.0,0.0,0.0,0
24.0,7.0,3.0,0.125,0.041666666666666664,0.0,0.0,1.0,0
160.0,33.0,0.0,0.0,0.05,0.0,0.0,1.0,0
43.0,9.0,0.0,0.0,0.046511627906976744,0.0,0.0,0.0,0
56.0,12.0,0.0,0.0,0.03571428571428571,0.0,0.0,1.0,0
99.0,18.0,0.0,0.0,0.050505050505050504,0.0,0.0,0.0,0
156.0,24.0,3.0,0.019230769230769232,0.16666666666666666,0.0,0.0,0.0,0
138.0,25.0,10.0,0.07246376811594203,0.2463768115942029,2.0,0.0,0.0,1
30.0,5.0,0.0,0.0,0.03333333333333333,0.0,0.0,0.0,0
141.0,33.0,1.0,0.0070921985815602835,0.0425531914893617,0.0,0.0,1.0,0
131.0,26.0,1.0,0.007633587786259542,0.015267175572519083,0.0,0.0,0.0,0
42.0,8.0,0.0,0.0,0.023809523809523808,0.0,0.0,0.0,0
155.0,27.0,0.0,0.0,0.0064516129032258064,0.0,0.0,0.0,0
130.0,29.0,0.0,0.0,0.015384615384615385,0.0,0.0,0.0,1
28.0,6.0,0.0,0.0,0.03571428571428571,0.0,0.0,0.0,0
54.0,10.0,0.0,0.0,0.05555555555555555,0.0,0.0,0.0,0
34.0,7.0,1.0,0.029411764705882353,0.058823529411764705,0.0,0.0,1.0,0
32.0,8.0,1.0,0.03125,0.03125,0.0,0.0,0.0,0
157.0,29.0,1.0,0.006369426751592357,0.044585987261146494,3.0,0.0,0.0,0
94.0,19.0,0.0,0.0,0.0425531914893617,0.0,0.0,0.0,0
37.0,8.0,0.0,0.0,0.02702702702702703,0.0,0.0,0.0,0
27.0,7.0,0.0,0.0,0.7407407407407407,0.0,0.0,1.0,0
77.0,12.0,0.0,0.0,0.012987012987012988,0.0,0.0,1.0,0
47.0,11.0,0.0,0.0,0.0425531914893617,0.0,0.0,0.0,0
55.0,11.0,0.0,0.0,0.03636363636363636,0.0,0.0,0.0,0
155.0,30.0,1.0,0.0064516129032258064,0.0064516129032258064,0.0,0.0,1.0,0
48.0,8.0,0.0,0.0,0.8125,0.0,0.0,1.0,0
51.0,10.0,0.0,0.0,0.0392156862745098,0.0,0.0,0.0,0
127.0,26.0,0.0,0.0,0.1968503937007874,3.0,0.0,0.0,0
154.0,27.0,16.0,0.1038961038961039,0.045454545454545456,1.0,0.0,1.0,1
23.0,6.0,0.0,0.0,0.043478260869565216,0.0,0.0,0.0,0
74.0,14.0,1.0,0.013513513513513514,0.02702702702702703,0.0,0.0,1.0,0
63.0,12.0,0.0,0.0,0.015873015873015872,0.0,0.0,0.0,0
29.0,6.0,0.0,0.0,0.034482758620689655,0.0,0.0,0.0,0
910.0,171.0,0.0,0.0,0.013186813186813187,0.0,0.0,0.0,0
155.0,30.0,1.0,0.0064516129032258064,0.03225806451612903,0.0,0.0,0.0,0
73.0,15.0,0.0,0.0,0.0547945205479452,0.0,0.0,0.0,0
78.0,16.0,0.0,0.0,0.02564102564102564,0.0,0.0,0.0,0
121.0,25.0,0.0,0.0,0.024793388429752067,0.0,0.0,1.0,0
29.0,6.0,0.0,0.0,0.034482758620689655,0.0,0.0,0.0,0
152.0,32.0,0.0,0.0,0.02631578947368421,1.0,0.0,0.0,0
160.0,28.0,2.0,0.0125,0.125,1.0,0.0,0.0,1
142.0,30.0,2.0,0.014084507042253521,0.014084507042253521,2.0,0.0,0.0,0
161.0,28.0,25.0,0.15527950310559005,0.09937888198757763,2.0,0.0,0.0,1
137.0,34.0,2.0,0.014598540145985401,0.029197080291970802,2.0,0.0,0.0,0
25.0,6.0,0.0,0.0,0.04,0.0,0.0,1.0,0
30.0,5.0,0.0,0.0,0.03333333333333333,0.0,0.0,0.0,0
148.0,25.0,21.0,0.14189189189189189,0.02027027027027027,2.0,0.0,0.0,1
40.0,8.0,0.0,0.0,0.1,0.0,0.0,0.0,0
34.0,8.0,0.0,0.0,0.058823529411764705,0.0,0.0,0.0,0
21.0,4.0,0.0,0.0,0.047619047619047616,0.0,0.0,0.0,0
26.0,5.0,0.0,0.0,0.038461538461538464,0.0,0.0,0.0,0
158.0,30.0,22.0,0.13924050632911392,0.12658227848101267,0.0,0.0,0.0,1
73.0,15.0,1.0,0.0136986301369863,0.0273972602739726,0.0,0.0,1.0,0
49.0,11.0,0.0,0.0,0.04081632653061224,1.0,0.0,0.0,0
25.0,5.0,0.0,0.0,0.08,0.0,0.0,0.0,0
62.0,13.0,0.0,0.0,0.03225806451612903,0.0,0.0,0.0,0
31.0,6.0,0.0,0.0,0.03225806451612903,0.0,0.0,0.0,0
159.0,23.0,16.0,0.10062893081761007,0.1509433962264151,0.0,1.0,0.0,1
21.0,4.0,0.0,0.0,0.047619047619047616,0.0,0.0,0.0,0
59.0,12.0,0.0,0.0,0.03389830508474576,0.0,0.0,0.0,0
74.0,16.0,0.0,0.0,0.02702702702702703,0.0,0.0,1.0,0
31.0,7.0,0.0,0.0,0.03225806451612903,0.0,0.0,1.0,0
25.0,5.0,0.0,0.0,0.04,0.0,0.0,0.0,0
40.0,7.0,0.0,0.0,0.05,0.0,0.0,0.0,0
95.0,14.0,0.0,0.0,0.010526315789473684,0.0,0.0,0.0,0
69.0,16.0,1.0,0.014492753623188406,0.014492753623188406,0.0,0.0,0.0,0
49.0,10.0,0.0,0.0,0.02040816326530612,0.0,0.0,0.0,0
329.0,61.0,0.0,0.0,0.0182370820668693,0.0,0.0,1.0,0
116.0,21.0,0.0,0.0,0.034482758620689655,0.0,0.0,0.0,0
142.0,22.0,23.0,0.1619718309859155,0.2887323943661972,3.0,0.0,1.0,1
163.0,27.0,3.0,0.018404907975460124,0.049079754601226995,2.0,2.0,2.0,1
52.0,12.0,0.0,0.0,0.057692307692307696,0.0,0.0,0.0,0
57.0,11.0,0.0,0.0,0.03508771929824561,0.0,0.0,0.0,0
276.0,57.0,1.0,0.0036231884057971015,0.03985507246376811,0.0,0.0,0.0,0
79.0,19.0,0.0,0.0,0.02531645569620253,0.0,0.0,0.0,0
35.0,9.0,0.0,0.0,0.02857142857142857,0.0,0.0,1.0,0
126.0,30.0,1.0,0.007936507936507936,0.746031746031746,1.0,0.0,0.0,0
44.0,6.0,0.0,0.0,0.06818181818181818,0.0,0.0,0.0,0
29.0,6.0,0.0,0.0,0.06896551724137931,0.0,0.0,0.0,0
155.0,25.0,12.0,0.07741935483870968,0.16774193548387098,1.0,1.0,1.0,1
53.0,11.0,0.0,0.0,0.03773584905660377,0.0,0.0,0.0,0
156.0,26.0,18.0,0.11538461538461539,0.08333333333333333,3.0,0.0,3.0,1
121.0,18.0,23.0,0.19008264462809918,0.08264462809917356,1.0,1.0,0.0,1
22.0,6.0,1.0,0.045454545454545456,0.09090909090909091,0.0,0.0,0.0,0
24.0,5.0,0.0,0.0,0.041666666666666664,0.0,0.0,0.0,0
83.0,16.0,0.0,0.0,0.012048192771084338,0.0,0.0,0.0,0
158.0,34.0,0.0,0.0,0.0189873417721519,0.0,0.0,1.0,0
96.0,23.0,2.0,0.020833333333333332,0.020833333333333332,0.0,0.0,0.0,0
30.0,7.0,0.0,0.0,0.06666666666666667,1.0,0.0,0.0,0
66.0,12.0,0.0,0.0,0.015151515151515152,0.0,0.0,1.0,0
54.0,10.0,1.0,0.018518518518518517,0.018518518518518517,0.0,0.0,0.0,0
41.0,8.0,0.0,0.0,0.024390243902439025,0.0,0.0,1.0,0
54.0,9.0,0.0,0.0,0.037037037037037035,0.0,0.0,0.0,0
134.0,32.0,0.0,0.0,0.04477611940298507,0.0,0.0,0.0,0
157.0,29.0,1.0,0.006369426751592357,0.012738853503184714,0.0,0.0,0.0,0
146.0,31.0,0.0,0.0,0.0410958904109589,1.0,0.0,0.0,0
180.0,32.0,0.0,0.0,0.03333333333333333,0.0,0.0,0.0,0
136.0,26.0,0.0,0.0,0.08823529411764706,0.0,0.0,0.0,0
45.0,9.0,0.0,0.0,0.022222222222222223,0.0,0.0,0.0,0
54.0,9.0,0.0,0.0,0.018518518518518517,0.0,0.0,0.0,0
35.0,8.0,0.0,0.0,0.02857142857142857,0.0,0.0,0.0,0
87.0,18.0,0.0,0.0,0.04597701149425287,1.0,0.0,0.0,0
45.0,5.0,0.0,0.0,0.022222222222222223,0.0,0.0,0.0,0
155.0,25.0,10.0,0.06451612903225806,0.012903225806451613,2.0,0.0,1.0,1
120.0,21.0,0.0,0.0,0.008333333333333333,1.0,0.0,0.0,0
31.0,6.0,0.0,0.0,0.03225806451612903,0.0,0.0,0.0,0
34.0,6.0,0.0,0.0,0.029411764705882353,0.0,0.0,0.0,0
62.0,14.0,0.0,0.0,0.0967741935483871,0.0,0.0,0.0,0
14.0,5.0,0.0,0.0,0.07142857142857142,0.0,0.0,0.0,0
29.0,7.0,0.0,0.0,0.06896551724137931,0.0,0.0,0.0,0
281.0,58.0,9.0,0.03202846975088968,0.021352313167259787,1.0,0.0,0.0,0
120.0,28.0,0.0,0.0,0.041666666666666664,1.0,0.0,1.0,0
85.0,13.0,0.0,0.0,0.0,1.0,0.0,0.0,0
300.0,57.0,0.0,0.0,0.02,0.0,0.0,1.0,0
37.0,8.0,0.0,0.0,0.7567567567567568,0.0,0.0,0.0,0
78.0,18.0,0.0,0.0,0.02564102564102564,0.0,0.0,0.0,0
53.0,10.0,0.0,0.0,0.03773584905660377,0.0,0.0,0.0,0
34.0,8.0,0.0,0.0,0.029411764705882353,0.0,0.0,0.0,0
74.0,14.0,0.0,0.0,0.04054054054054054,0.0,0.0,0.0,0
22.0,5.0,0.0,0.0,0.045454545454545456,0.0,0.0,0.0,0
29.0,7.0,2.0,0.06896551724137931,0.0,2.0,0.0,0.0,0
88.0,17.0,0.0,0.0,0.022727272727272728,0.0,0.0,0.0,0
121.0,26.0,2.0,0.01652892561983471,0.008264462809917356,0.0,0.0,0.0,0
27.0,6.0,0.0,0.0,0.037037037037037035,0.0,0.0,0.0,0
48.0,10.0,2.0,0.041666666666666664,0.7708333333333334,0.0,0.0,0.0,0
77.0,14.0,0.0,0.0,0.1038961038961039,0.0,0.0,0.0,0
84.0,15.0,0.0,0.0,0.17857142857142858,0.0,0.0,0.0,0
55.0,11.0,0.0,0.0,0.01818181818181818,0.0,0.0,0.0,0
75.0,17.0,7.0,0.09333333333333334,0.6933333333333334,0.0,0.0,0.0,0
80.0,17.0,0.0,0.0,0.0375,0.0,0.0,0.0,0
46.0,11.0,0.0,0.0,0.043478260869565216,0.0,0.0,0.0,0
34.0,7.0,0.0,0.0,0.029411764705882353,0.0,0.0,0.0,0
14.0,2.0,0.0,0.0,0.07142857142857142,0.0,0.0,0.0,0
12.0,4.0,0.0,0.0,0.08333333333333333,0.0,0.0,0.0,0
46.0,9.0,0.0,0.0,0.021739130434782608,0.0,0.0,0.0,0
58.0,11.0,0.0,0.0,0.017241379310344827,0.0,0.0,0.0,0
45.0,9.0,0.0,0.0,0.044444444444444446,0.0,0.0,0.0,0
172.0,34.0,0.0,0.0,0.01744186046511628,1.0,0.0,0.0,0
145.0,24.0,14.0,0.09655172413793103,0.04827586206896552,0.0,0.0,0.0,1
97.0,22.0,4.0,0.041237113402061855,0.020618556701030927,1.0,0.0,0.0,0
159.0,32.0,0.0,0.0,0.08176100628930817,0.0,0.0,1.0,0
46.0,8.0,0.0,0.0,0.021739130434782608,0.0,0.0,0.0,0
2.0,1.0,0.0,0.0,0.0,0.0,0.0,0.0,0
84.0,19.0,1.0,0.011904761904761904,0.047619047619047616,1.0,0.0,0.0,0
65.0,11.0,0.0,0.0,0.015384615384615385,0.0,0.0,0.0,0
25.0,4.0,0.0,0.0,0.04,0.0,0.0,0.0,0
99.0,19.0,0.0,0.0,0.020202020202020204,0.0,0.0,0.0,0
61.0,11.0,0.0,0.0,0.04918032786885246,0.0,0.0,0.0,0
44.0,11.0,0.0,0.0,0.045454545454545456,0.0,0.0,0.0,0
50.0,10.0,0.0,0.0,0.06,1.0,0.0,0.0,0
169.0,34.0,0.0,0.0,0.023668639053254437,2.0,0.0,0.0,0
23.0,5.0,0.0,0.0,0.043478260869565216,0.0,0.0,0.0,0
24.0,6.0,0.0,0.0,0.08333333333333333,0.0,0.0,0.0,0
44.0,9.0,0.0,0.0,0.045454545454545456,1.0,0.0,0.0,0
61.0,14.0,0.0,0.0,0.01639344262295082,0.0,0.0,0.0,0
152.0,21.0,0.0,0.0,0.06578947368421052,0.0,0.0,0.0,0
30.0,6.0,0.0,0.0,0.06666666666666667,0.0,0.0,0.0,0
51.0,12.0,0.0,0.0,0.0196078431372549,0.0,0.0,0.0,0
45.0,12.0,0.0,0.0,0.022222222222222223,0.0,0.0,0.0,0
145.0,27.0,20.0,0.13793103448275862,0.013793103448275862,1.0,0.0,2.0,1
37.0,8.0,0.0,0.0,0.05405405405405406,0.0,0.0,0.0,0
33.0,8.0,0.0,0.0,0.030303030303030304,0.0,0.0,0.0,0
42.0,9.0,0.0,0.0,0.047619047619047616,0.0,0.0,0.0,0
73.0,12.0,0.0,0.0,0.0136986301369863,0.0,0.0,0.0,0
168.0,31.0,0.0,0.0,0.05952380952380952,0.0,0.0,0.0,0
146.0,27.0,20.0,0.136986301369863,0.18493150684931506,1.0,0.0,1.0,1
27.0,5.0,0.0,0.0,0.07407407407407407,0.0,0.0,0.0,0
30.0,5.0,0.0,0.0,0.03333333333333333,0.0,0.0,0.0,0
45.0,10.0,0.0,0.0,0.022222222222222223,0.0,0.0,0.0,0
32.0,6.0,0.0,0.0,0.09375,0.0,0.0,0.0,0
137.0,24.0,0.0,0.0,0.0364963503649635,1.0,0.0,1.0,0
46.0,10.0,0.0,0.0,0.043478260869565216,0.0,0.0,1.0,0
104.0,22.0,0.0,0.0,0.028846153846153848,0.0,0.0,1.0,0
34.0,8.0,0.0,0.0,0.08823529411764706,0.0,0.0,0.0,0
67.0,11.0,0.0,0.0,0.029850746268656716,0.0,0.0,0.0,0
41.0,10.0,0.0,0.0,0.04878048780487805,0.0,0.0,0.0,0
40.0,8.0,0.0,0.0,0.025,0.0,0.0,1.0,0
153.0,30.0,0.0,0.0,0.0784313725490196,0.0,0.0,0.0,0
87.0,16.0,0.0,0.0,0.034482758620689655,1.0,0.0,0.0,0
26.0,5.0,0.0,0.0,0.07692307692307693,0.0,0.0,1.0,0
55.0,10.0,0.0,0.0,0.03636363636363636,0.0,0.0,0.0,0
44.0,11.0,1.0,0.022727272727272728,0.045454545454545456,0.0,0.0,0.0,0
49.0,10.0,2.0,0.04081632653061224,0.04081632653061224,0.0,0.0,0.0,0
64.0,13.0,0.0,0.0,0.0,0.0,0.0,1.0,0
80.0,13.0,0.0,0.0,0.0125,0.0,0.0,0.0,0
54.0,10.0,0.0,0.0,0.018518518518518517,0.0,0.0,0.0,0
159.0,15.0,33.0,0.20754716981132076,0.1069182389937107,3.0,0.0,3.0,1
77.0,15.0,0.0,0.0,0.025974025974025976,0.0,0.0,0.0,0
128.0,27.0,0.0,0.0,0.015625,1.0,0.0,0.0,0
62.0,10.0,0.0,0.0,0.016129032258064516,0.0,0.0,0.0,0
50.0,11.0,0.0,0.0,0.02,0.0,0.0,0.0,0
80.0,17.0,0.0,0.0,0.0375,0.0,0.0,0.0,0
22.0,3.0,0.0,0.0,0.045454545454545456,0.0,0.0,0.0,0
175.0,34.0,0.0,0.0,0.02857142857142857,0.0,0.0,1.0,0
82.0,16.0,0.0,0.0,0.024390243902439025,0.0,0.0,0.0,0
86.0,18.0,0.0,0.0,0.03488372093023256,0.0,0.0,0.0,0
46.0,9.0,2.0,0.043478260869565216,0.043478260869565216,0.0,0.0,0.0,0
129.0,25.0,0.0,0.0,0.07751937984496124,0.0,0.0,0.0,0
196.0,37.0,0.0,0.0,0.015306122448979591,0.0,0.0,0.0,0
104.0,25.0,1.0,0.009615384615384616,0.019230769230769232,0.0,0.0,0.0,0
22.0,5.0,0.0,0.0,0.09090909090909091,0.0,0.0,0.0,0
9.0,2.0,0.0,0.0,0.1111111111111111,0.0,0.0,0.0,0
28.0,6.0,0.0,0.0,0.03571428571428571,0.0,0.0,0.0,0
34.0,7.0,0.0,0.0,0.029411764705882353,0.0,0.0,0.0,0
35.0,7.0,0.0,0.0,0.05714285714285714,0.0,0.0,0.0,0
96.0,13.0,7.0,0.07291666666666667,0.020833333333333332,0.0,1.0,0.0,1
98.0,20.0,0.0,0.0,0.02040816326530612,0.0,0.0,0.0,0
46.0,10.0,0.0,0.0,0.021739130434782608,0.0,0.0,1.0,0
39.0,9.0,0.0,0.0,0.02564102564102564,1.0,0.0,0.0,0
24.0,6.0,0.0,0.0,0.041666666666666664,0.0,0.0,0.0,0
148.0,26.0,0.0,0.0,0.02702702702702703,2.0,0.0,0.0,0
83.0,16.0,0.0,0.0,0.024096385542168676,0.0,0.0,0.0,0
27.0,6.0,0.0,0.0,0.037037037037037035,0.0,0.0,0.0,0
28.0,7.0,0.0,0.0,0.03571428571428571,0.0,0.0,0.0,0
40.0,8.0,0.0,0.0,0.025,0.0,0.0,0.0,0
60.0,12.0,0.0,0.0,0.03333333333333333,0.0,0.0,0.0,0
120.0,19.0,12.0,0.1,0.06666666666666667,0.0,0.0,0.0,1
41.0,9.0,1.0,0.024390243902439025,0.024390243902439025,0.0,0.0,0.0,0
67.0,12.0,0.0,0.0,0.05970149253731343,0.0,0.0,0.0,0
33.0,8.0,0.0,0.0,0.06060606060606061,0.0,0.0,1.0,0
125.0,26.0,11.0,0.088,0.096,2.0,0.0,1.0,1
74.0,15.0,0.0,0.0,0.17567567567567569,0.0,0.0,0.0,0
53.0,11.0,0.0,0.0,0.03773584905660377,0.0,0.0,1.0,0
32.0,7.0,1.0,0.03125,0.03125,0.0,0.0,0.0,0
51.0,9.0,0.0,0.0,0.0196078431372549,0.0,0.0,0.0,0
88.0,15.0,0.0,0.0,0.03409090909090909,0.0,0.0,0.0,0
157.0,32.0,0.0,0.0,0.025477707006369428,0.0,0.0,1.0,0
126.0,26.0,1.0,0.007936507936507936,0.015873015873015872,0.0,0.0,1.0,0
23.0,6.0,0.0,0.0,0.043478260869565216,0.0,0.0,0.0,0
189.0,28.0,0.0,0.0,0.08465608465608465,0.0,0.0,0.0,0
38.0,7.0,0.0,0.0,0.02631578947368421,0.0,0.0,0.0,0
123.0,25.0,0.0,0.0,0.032520325203252036,1.0,0.0,0.0,0
11.0,2.0,0.0,0.0,0.09090909090909091,0.0,0.0,0.0,0
23.0,4.0,0.0,0.0,0.043478260869565216,0.0,0.0,0.0,0
159.0,29.0,0.0,0.0,0.2893081761006289,3.0,0.0,0.0,0
146.0,22.0,29.0,0.19863013698630136,0.11643835616438356,1.0,0.0,0.0,1
32.0,6.0,0.0,0.0,0.03125,0.0,0.0,0.0,0
25.0,4.0,0.0,0.0,0.04,0.0,0.0,0.0,0
66.0,12.0,0.0,0.0,0.030303030303030304,0.0,0.0,1.0,0
95.0,17.0,0.0,0.0,0.021052631578947368,0.0,0.0,0.0,0
42.0,8.0,0.0,0.0,0.047619047619047616,0.0,0.0,1.0,0
156.0,26.0,2.0,0.01282051282051282,0.03205128205128205,0.0,0.0,0.0,0
154.0,35.0,0.0,0.0,0.07142857142857142,0.0,0.0,0.0,0
156.0,24.0,25.0,0.16025641025641027,0.019230769230769232,0.0,0.0,1.0,1
41.0,7.0,0.0,0.0,0.024390243902439025,0.0,0.0,0.0,0
38.0,8.0,0.0,0.0,0.02631578947368421,0.0,0.0,0.0,0
34.0,6.0,0.0,0.0,0.029411764705882353,0.0,0.0,0.0,0
25.0,6.0,0.0,0.0,0.04,0.0,0.0,0.0,0
25.0,4.0,0.0,0.0,0.04,0.0,0.0,0.0,0
34.0,5.0,0.0,0.0,0.0,0.0,0.0,0.0,0
36.0,9.0,0.0,0.0,0.027777777777777776,0.0,0.0,0.0,0
38.0,7.0,0.0,0.0,0.05263157894736842,1.0,0.0,0.0,0
73.0,13.0,0.0,0.0,0.0273972602739726,1.0,0.0,0.0,0
65.0,13.0,0.0,0.0,0.046153846153846156,2.0,0.0,0.0,0
49.0,10.0,0.0,0.0,0.02040816326530612,0.0,0.0,0.0,0
157.0,28.0,17.0,0.10828025477707007,0.12738853503184713,2.0,0.0,1.0,1
29.0,6.0,0.0,0.0,0.06896551724137931,0.0,0.0,0.0,0
30.0,8.0,1.0,0.03333333333333333,0.03333333333333333,1.0,0.0,0.0,0
23.0,4.0,0.0,0.0,0.043478260869565216,0.0,0.0,0.0,0
94.0,20.0,3.0,0.031914893617021274,0.010638297872340425,1.0,0.0,0.0,0
126.0,24.0,0.0,0.0,0.015873015873015872,0.0,0.0,0.0,0
89.0,19.0,11.0,0.12359550561797752,0.033707865168539325,3.0,0.0,0.0,0
51.0,12.0,0.0,0.0,0.0196078431372549,0.0,0.0,0.0,0
29.0,5.0,0.0,0.0,0.034482758620689655,0.0,0.0,0.0,0
17.0,4.0,0.0,0.0,0.058823529411764705,0.0,0.0,0.0,0
135.0,27.0,14.0,0.1037037037037037,0.11851851851851852,0.0,0.0,1.0,1
59.0,13.0,0.0,0.0,0.03389830508474576,0.0,0.0,0.0,0
46.0,11.0,0.0,0.0,0.043478260869565216,0.0,0.0,0.0,0
30.0,7.0,0.0,0.0,0.06666666666666667,1.0,0.0,0.0,0
37.0,9.0,0.0,0.0,0.02702702702702703,0.0,0.0,0.0,0
80.0,14.0,0.0,0.0,0.0375,0.0,0.0,0.0,0
53.0,10.0,0.0,0.0,0.018867924528301886,0.0,0.0,0.0,0
41.0,8.0,0.0,0.0,0.04878048780487805,1.0,0.0,0.0,0
158.0,28.0,16.0,0.10126582278481013,0.12658227848101267,1.0,0.0,1.0,1
58.0,9.0,0.0,0.0,0.017241379310344827,0.0,0.0,0.0,0
160.0,27.0,13.0,0.08125,0.1375,0.0,0.0,2.0,1
51.0,10.0,0.0,0.0,0.0784313725490196,1.0,0.0,0.0,0
159.0,31.0,0.0,0.0,0.06918238993710692,1.0,0.0,0.0,0
74.0,18.0,1.0,0.013513513513513514,0.02702702702702703,0.0,0.0,0.0,0
79.0,14.0,0.0,0.0,0.012658227848101266,0.0,0.0,1.0,0
134.0,23.0,5.0,0.03731343283582089,0.06716417910447761,2.0,0.0,0.0,1
48.0,9.0,0.0,0.0,0.041666666666666664,0.0,0.0,0.0,0
22.0,5.0,0.0,0.0,0.045454545454545456,0.0,0.0,0.0,0
111.0,27.0,2.0,0.018018018018018018,0.02702702702702703,0.0,0.0,0.0,0
39.0,9.0,0.0,0.0,0.02564102564102564,0.0,0.0,0.0,0
156.0,27.0,18.0,0.11538461538461539,0.14102564102564102,2.0,0.0,3.0,1
119.0,23.0,0.0,0.0,0.03361344537815126,0.0,0.0,0.0,0
27.0,5.0,0.0,0.0,0.037037037037037035,0.0,0.0,1.0,0
43.0,9.0,1.0,0.023255813953488372,0.023255813953488372,0.0,0.0,0.0,0
115.0,23.0,0.0,0.0,0.02608695652173913,0.0,0.0,0.0,0
47.0,9.0,0.0,0.0,0.0425531914893617,0.0,0.0,0.0,0
38.0,9.0,0.0,0.0,0.02631578947368421,0.0,0.0,0.0,0
29.0,5.0,0.0,0.0,0.034482758620689655,0.0,0.0,0.0,0
39.0,8.0,0.0,0.0,0.15384615384615385,0.0,0.0,0.0,0
61.0,15.0,0.0,0.0,0.04918032786885246,0.0,0.0,0.0,0
156.0,32.0,28.0,0.1794871794871795,0.1346153846153846,3.0,0.0,0.0,1
24.0,5.0,0.0,0.0,0.041666666666666664,0.0,0.0,0.0,0
34.0,6.0,0.0,0.0,0.029411764705882353,0.0,0.0,0.0,0
66.0,13.0,0.0,0.0,0.0,1.0,0.0,0.0,0
79.0,16.0,0.0,0.0,0.02531645569620253,0.0,0.0,1.0,0
162.0,28.0,11.0,0.06790123456790123,0.08641975308641975,2.0,0.0,1.0,1
155.0,28.0,0.0,0.0,0.09032258064516129,0.0,0.0,1.0,0
40.0,6.0,0.0,0.0,0.05,0.0,0.0,0.0,0
27.0,5.0,0.0,0.0,0.037037037037037035,0.0,0.0,0.0,0
72.0,15.0,1.0,0.013888888888888888,0.027777777777777776,0.0,0.0,0.0,0
107.0,26.0,1.0,0.009345794392523364,0.009345794392523364,0.0,0.0,0.0,0
23.0,5.0,0.0,0.0,0.08695652173913043,0.0,0.0,0.0,0
24.0,6.0,0.0,0.0,0.041666666666666664,0.0,0.0,0.0,0
46.0,8.0,0.0,0.0,0.021739130434782608,0.0,0.0,0.0,0
38.0,10.0,1.0,0.02631578947368421,0.07894736842105263,0.0,0.0,0.0,0
152.0,29.0,27.0,0.17763157894736842,0.10526315789473684,0.0,0.0,1.0,1
100.0,19.0,0.0,0.0,0.02,0.0,0.0,0.0,0
82.0,13.0,11.0,0.13414634146341464,0.06097560975609756,0.0,0.0,2.0,1
25.0,5.0,0.0,0.0,0.08,0.0,0.0,0.0,0
46.0,9.0,0.0,0.0,0.043478260869565216,0.0,0.0,0.0,0
160.0,34.0,0.0,0.0,0.025,1.0,0.0,0.0,0
18.0,5.0,0.0,0.0,0.05555555555555555,0.0,0.0,0.0,0
149.0,33.0,1.0,0.006711409395973154,0.040268456375838924,0.0,0.0,0.0,0
41.0,10.0,3.0,0.07317073170731707,0.04878048780487805,0.0,0.0,0.0,0
3.0,1.0,3.0,1.0,0.0,0.0,0.0,0.0,0
132.0,28.0,8.0,0.06060606060606061,0.11363636363636363,2.0,0.0,1.0,1
123.0,24.0,1.0,0.008130081300813009,0.016260162601626018,0.0,0.0,0.0,0
135.0,28.0,0.0,0.0,0.014814814814814815,0.0,0.0,0.0,0
129.0,28.0,0.0,0.0,0.023255813953488372,0.0,0.0,0.0,0
70.0,11.0,0.0,0.0,0.014285714285714285,0.0,0.0,0.0,0
41.0,11.0,2.0,0.04878048780487805,0.024390243902439025,0.0,0.0,0.0,0
31.0,7.0,0.0,0.0,0.03225806451612903,0.0,0.0,0.0,0
26.0,7.0,0.0,0.0,0.038461538461538464,0.0,0.0,1.0,0
44.0,7.0,0.0,0.0,0.045454545454545456,0.0,0.0,0.0,0
104.0,16.0,0.0,0.0,0.0673076923076923,0.0,0.0,1.0,0
42.0,9.0,0.0,0.0,0.047619047619047616,1.0,0.0,0.0,0
155.0,32.0,14.0,0.09032258064516129,0.04516129032258064,0.0,0.0,0.0,1
38.0,7.0,1.0,0.02631578947368421,0.05263157894736842,0.0,0.0,0.0,0
24.0,5.0,0.0,0.0,0.08333333333333333,0.0,0.0,0.0,0
44.0,8.0,0.0,0.0,0.022727272727272728,0.0,0.0,0.0,0
31.0,4.0,0.0,0.0,0.03225806451612903,0.0,0.0,0.0,0
157.0,29.0,0.0,0.0,0.01910828025477707,0.0,0.0,0.0,0
64.0,14.0,1.0,0.015625,0.03125,0.0,0.0,0.0,0
51.0,9.0,0.0,0.0,0.0392156862745098,0.0,0.0,0.0,0
150.0,35.0,0.0,0.0,0.04666666666666667,2.0,0.0,0.0,0
55.0,13.0,0.0,0.0,0.03636363636363636,0.0,0.0,1.0,0
47.0,11.0,0.0,0.0,0.06382978723404255,0.0,0.0,0.0,0
26.0,3.0,0.0,0.0,0.038461538461538464,1.0,0.0,0.0,0
161.0,42.0,3.0,0.018633540372670808,0.012422360248447204,1.0,0.0,0.0,0
68.0,16.0,2.0,0.029411764705882353,0.04411764705882353,0.0,0.0,0.0,0
125.0,22.0,0.0,0.0,0.04,0.0,0.0,0.0,0
39.0,8.0,0.0,0.0,0.02564102564102564,0.0,0.0,1.0,0
86.0,17.0,0.0,0.0,0.03488372093023256,0.0,0.0,0.0,0
41.0,7.0,0.0,0.0,0.14634146341463414,0.0,0.0,0.0,1
40.0,8.0,0.0,0.0,0.025,0.0,0.0,0.0,0
87.0,19.0,2.0,0.022988505747126436,0.011494252873563218,0.0,0.0,0.0,0
64.0,11.0,0.0,0.0,0.015625,0.0,0.0,0.0,0
159.0,29.0,12.0,0.07547169811320754,0.15723270440251572,1.0,0.0,1.0,1
50.0,10.0,0.0,0.0,0.02,0.0,0.0,1.0,0
138.0,27.0,11.0,0.07971014492753623,0.06521739130434782,1.0,0.0,0.0,1
76.0,14.0,1.0,0.013157894736842105,0.02631578947368421,0.0,0.0,0.0,0
36.0,9.0,0.0,0.0,0.027777777777777776,0.0,0.0,0.0,0
24.0,3.0,0.0,0.0,0.041666666666666664,0.0,0.0,0.0,0
44.0,11.0,2.0,0.045454545454545456,0.045454545454545456,0.0,0.0,0.0,0
41.0,8.0,0.0,0.0,0.024390243902439025,0.0,0.0,0.0,0
28.0,6.0,0.0,0.0,0.03571428571428571,0.0,0.0,0.0,0
38.0,10.0,1.0,0.02631578947368421,0.05263157894736842,0.0,0.0,0.0,0
95.0,22.0,1.0,0.010526315789473684,0.031578947368421054,0.0,0.0,0.0,0
37.0,8.0,0.0,0.0,0.08108108108108109,0.0,0.0,0.0,0
160.0,31.0,19.0,0.11875,0.04375,0.0,0.0,0.0,1
55.0,10.0,0.0,0.0,0.03636363636363636,1.0,0.0,0.0,0
29.0,6.0,0.0,0.0,0.034482758620689655,0.0,0.0,0.0,0
121.0,24.0,0.0,0.0,0.1322314049586777,0.0,0.0,0.0,0
54.0,11.0,0.0,0.0,0.16666666666666666,8.0,0.0,0.0,0
72.0,17.0,0.0,0.0,0.027777777777777776,0.0,0.0,1.0,0
68.0,14.0,0.0,0.0,0.029411764705882353,0.0,0.0,0.0,0
41.0,7.0,1.0,0.024390243902439025,0.024390243902439025,0.0,0.0,0.0,0
23.0,6.0,0.0,0.0,0.043478260869565216,0.0,0.0,0.0,0
112.0,18.0,24.0,0.21428571428571427,0.026785714285714284,0.0,0.0,0.0,1
34.0,7.0,1.0,0.029411764705882353,0.029411764705882353,0.0,0.0,0.0,0
72.0,18.0,1.0,0.013888888888888888,0.041666666666666664,0.0,0.0,0.0,0
43.0,7.0,0.0,0.0,0.023255813953488372,0.0,0.0,1.0,0
79.0,16.0,0.0,0.0,0.02531645569620253,0.0,0.0,0.0,0
118.0,27.0,0.0,0.0,0.0423728813559322,0.0,0.0,0.0,0
54.0,9.0,0.0,0.0,0.037037037037037035,0.0,0.0,0.0,0
155.0,27.0,3.0,0.01935483870967742,0.07096774193548387,0.0,1.0,0.0,1
93.0,20.0,1.0,0.010752688172043012,0.03225806451612903,0.0,0.0,0.0,0
97.0,18.0,0.0,0.0,0.020618556701030927,1.0,0.0,0.0,0
126.0,19.0,0.0,0.0,0.015873015873015872,0.0,0.0,0.0,0
32.0,6.0,0.0,0.0,0.03125,0.0,0.0,0.0,0
101.0,19.0,0.0,0.0,0.04950495049504951,0.0,0.0,0.0,0
102.0,18.0,2.0,0.0196078431372549,0.00980392156862745,0.0,0.0,0.0,1
26.0,5.0,0.0,0.0,0.038461538461538464,0.0,0.0,0.0,0
23.0,5.0,0.0,0.0,0.043478260869565216,0.0,0.0,0.0,0
62.0,12.0,0.0,0.0,0.7419354838709677,2.0,0.0,0.0,0
38.0,8.0,0.0,0.0,0.05263157894736842,0.0,0.0,0.0,0
35.0,8.0,0.0,0.0,0.02857142857142857,0.0,0.0,0.0,0
25.0,5.0,1.0,0.04,0.04,0.0,0.0,0.0,0
66.0,13.0,0.0,0.0,0.030303030303030304,0.0,0.0,0.0,0
60.0,11.0,1.0,0.016666666666666666,0.03333333333333333,0.0,0.0,0.0,0
153.0,34.0,0.0,0.0,0.05228758169934641,0.0,0.0,0.0,0
31.0,6.0,0.0,0.0,0.03225806451612903,0.0,0.0,0.0,0
35.0,7.0,0.0,0.0,0.02857142857142857,0.0,0.0,0.0,0
35.0,7.0,0.0,0.0,0.02857142857142857,0.0,0.0,0.0,0
17.0,4.0,0.0,0.0,0.058823529411764705,0.0,0.0,0.0,0
27.0,5.0,0.0,0.0,0.037037037037037035,1.0,0.0,0.0,0
112.0,22.0,2.0,0.017857142857142856,0.017857142857142856,1.0,0.0,1.0,0
88.0,20.0,1.0,0.011363636363636364,0.03409090909090909,0.0,0.0,0.0,0
46.0,9.0,0.0,0.0,0.043478260869565216,0.0,0.0,0.0,0
143.0,27.0,0.0,0.0,0.03496503496503497,0.0,0.0,0.0,0
63.0,12.0,0.0,0.0,0.047619047619047616,0.0,0.0,0.0,0
148.0,35.0,1.0,0.006756756756756757,0.0,0.0,0.0,1.0,0
29.0,7.0,0.0,0.0,0.034482758620689655,0.0,0.0,0.0,0
161.0,23.0,47.0,0.2919254658385093,0.16149068322981366,4.0,0.0,1.0,1
84.0,17.0,0.0,0.0,0.047619047619047616,0.0,0.0,0.0,0
29.0,5.0,0.0,0.0,0.034482758620689655,0.0,0.0,0.0,0
52.0,9.0,0.0,0.0,0.038461538461538464,0.0,0.0,0.0,0
34.0,7.0,0.0,0.0,0.058823529411764705,0.0,0.0,0.0,0
28.0,7.0,0.0,0.0,0.03571428571428571,0.0,0.0,0.0,0
47.0,11.0,1.0,0.02127659574468085,0.02127659574468085,0.0,0.0,0.0,0
163.0,24.0,17.0,0.10429447852760736,0.1165644171779141,2.0,0.0,1.0,1
162.0,26.0,5.0,0.030864197530864196,0.12345679012345678,3.0,0.0,0.0,1
32.0,6.0,0.0,0.0,0.03125,0.0,0.0,0.0,0
148.0,23.0,28.0,0.1891891891891892,0.11486486486486487,2.0,0.0,1.0,1
110.0,21.0,0.0,0.0,0.045454545454545456,0.0,0.0,0.0,0
25.0,5.0,0.0,0.0,0.04,0.0,0.0,0.0,0
92.0,15.0,0.0,0.0,0.07608695652173914,2.0,0.0,0.0,0
34.0,8.0,0.0,0.0,0.058823529411764705,0.0,0.0,0.0,0
46.0,8.0,0.0,0.0,0.021739130434782608,0.0,0.0,0.0,0
48.0,8.0,0.0,0.0,0.041666666666666664,1.0,0.0,1.0,0
120.0,26.0,0.0,0.0,0.025,0.0,0.0,0.0,0
43.0,11.0,0.0,0.0,0.023255813953488372,0.0,0.0,0.0,0
51.0,10.0,0.0,0.0,0.0392156862745098,1.0,0.0,0.0,0
43.0,10.0,0.0,0.0,0.046511627906976744,0.0,0.0,0.0,0
22.0,5.0,0.0,0.0,0.045454545454545456,0.0,0.0,0.0,0
56.0,12.0,0.0,0.0,0.05357142857142857,0.0,0.0,0.0,0
159.0,22.0,4.0,0.025157232704402517,0.8113207547169812,0.0,0.0,1.0,0
25.0,5.0,0.0,0.0,0.08,0.0,0.0,0.0,0
70.0,15.0,0.0,0.0,0.02857142857142857,0.0,0.0,0.0,0
46.0,10.0,0.0,0.0,0.021739130434782608,0.0,0.0,0.0,0
149.0,24.0,0.0,0.0,0.020134228187919462,0.0,0.0,0.0,0
53.0,10.0,0.0,0.0,0.05660377358490566,0.0,0.0,0.0,0
61.0,11.0,1.0,0.01639344262295082,0.03278688524590164,0.0,0.0,1.0,0
23.0,5.0,0.0,0.0,0.08695652173913043,0.0,0.0,0.0,0
24.0,6.0,0.0,0.0,0.08333333333333333,1.0,0.0,0.0,0
60.0,15.0,0.0,0.0,0.03333333333333333,0.0,0.0,0.0,0
34.0,6.0,0.0,0.0,0.029411764705882353,0.0,0.0,0.0,0
153.0,26.0,31.0,0.20261437908496732,0.1895424836601307,5.0,0.0,2.0,1
35.0,6.0,0.0,0.0,0.02857142857142857,0.0,0.0,0.0,0
26.0,6.0,1.0,0.038461538461538464,0.7307692307692307,0.0,0.0,0.0,0
143.0,29.0,1.0,0.006993006993006993,0.26573426573426573,0.0,0.0,0.0,0
80.0,20.0,1.0,0.0125,0.0375,0.0,0.0,0.0,0
147.0,28.0,14.0,0.09523809523809523,0.047619047619047616,0.0,0.0,0.0,1
162.0,28.0,19.0,0.11728395061728394,0.043209876543209874,2.0,0.0,0.0,1
33.0,6.0,0.0,0.0,0.030303030303030304,0.0,0.0,0.0,0
82.0,16.0,0.0,0.0,0.04878048780487805,0.0,0.0,1.0,0
44.0,9.0,0.0,0.0,0.022727272727272728,2.0,0.0,0.0,0
50.0,12.0,0.0,0.0,0.06,0.0,0.0,1.0,0
22.0,6.0,0.0,0.0,0.045454545454545456,0.0,0.0,0.0,0
38.0,9.0,0.0,0.0,0.02631578947368421,0.0,0.0,1.0,0
116.0,22.0,0.0,0.0,0.0603448275862069,3.0,0.0,0.0,0
166.0,29.0,0.0,0.0,0.16265060240963855,0.0,0.0,0.0,0
22.0,5.0,0.0,0.0,0.045454545454545456,0.0,0.0,0.0,0
25.0,4.0,0.0,0.0,0.04,0.0,0.0,0.0,0
40.0,7.0,0.0,0.0,0.025,0.0,0.0,0.0,0
31.0,5.0,0.0,0.0,0.03225806451612903,0.0,0.0,0.0,0
153.0,35.0,0.0,0.0,0.2222222222222222,0.0,0.0,0.0,0
47.0,9.0,0.0,0.0,0.0425531914893617,0.0,0.0,0.0,0
40.0,7.0,0.0,0.0,0.025,0.0,0.0,0.0,0
87.0,17.0,0.0,0.0,0.04597701149425287,0.0,0.0,0.0,0
36.0,6.0,0.0,0.0,0.027777777777777776,0.0,0.0,0.0,0
73.0,13.0,0.0,0.0,0.0273972602739726,0.0,0.0,1.0,0
67.0,14.0,0.0,0.0,0.014925373134328358,0.0,0.0,0.0,0
159.0,23.0,18.0,0.11320754716981132,0.2138364779874214,0.0,0.0,0.0,1
30.0,7.0,0.0,0.0,0.06666666666666667,0.0,0.0,0.0,0
42.0,11.0,0.0,0.0,0.07142857142857142,0.0,0.0,0.0,0
60.0,16.0,0.0,0.0,0.016666666666666666,0.0,0.0,0.0,0
46.0,9.0,0.0,0.0,0.043478260869565216,0.0,0.0,0.0,0
80.0,15.0,0.0,0.0,0.0125,0.0,0.0,0.0,0
156.0,29.0,7.0,0.04487179487179487,0.10256410256410256,1.0,0.0,1.0,1
67.0,15.0,0.0,0.0,0.029850746268656716,0.0,0.0,0.0,0
27.0,6.0,0.0,0.0,0.037037037037037035,0.0,0.0,1.0,0
30.0,7.0,0.0,0.0,0.03333333333333333,0.0,0.0,0.0,0
45.0,9.0,0.0,0.0,0.1111111111111111,0.0,0.0,0.0,0
69.0,12.0,0.0,0.0,0.014492753623188406,0.0,0.0,0.0,0
28.0,6.0,0.0,0.0,0.03571428571428571,0.0,0.0,0.0,0
66.0,12.0,0.0,0.0,0.030303030303030304,0.0,0.0,0.0,0
37.0,7.0,1.0,0.02702702702702703,0.02702702702702703,0.0,0.0,0.0,0
19.0,3.0,0.0,0.0,0.05263157894736842,0.0,0.0,0.0,0
15.0,4.0,0.0,0.0,0.06666666666666667,0.0,0.0,0.0,0
122.0,21.0,21.0,0.1721311475409836,0.11475409836065574,1.0,1.0,1.0,1
50.0,10.0,1.0,0.02,0.02,0.0,0.0,0.0,0
87.0,20.0,0.0,0.0,0.3218390804597701,0.0,0.0,0.0,0
28.0,6.0,0.0,0.0,0.07142857142857142,0.0,0.0,0.0,0
56.0,11.0,0.0,0.0,0.017857142857142856,0.0,0.0,0.0,0
60.0,12.0,1.0,0.016666666666666666,0.05,0.0,0.0,0.0,0
158.0,23.0,0.0,0.0,0.10126582278481013,0.0,0.0,0.0,0
34.0,9.0,1.0,0.029411764705882353,0.029411764705882353,0.0,0.0,0.0,0
131.0,27.0,0.0,0.0,0.06870229007633588,0.0,0.0,0.0,0
29.0,6.0,0.0,0.0,0.034482758620689655,0.0,0.0,0.0,0
20.0,4.0,0.0,0.0,0.05,0.0,0.0,0.0,0
32.0,6.0,0.0,0.0,0.03125,0.0,0.0,0.0,0
106.0,17.0,13.0,0.12264150943396226,0.0660377358490566,1.0,0.0,0.0,1
121.0,24.0,1.0,0.008264462809917356,0.03305785123966942,0.0,0.0,0.0,0
131.0,27.0,0.0,0.0,0.0916030534351145,1.0,0.0,0.0,0
17.0,4.0,0.0,0.0,0.058823529411764705,0.0,0.0,1.0,0
35.0,7.0,0.0,0.0,0.02857142857142857,0.0,0.0,0.0,0
150.0,33.0,1.0,0.006666666666666667,0.02,0.0,0.0,0.0,0
28.0,6.0,0.0,0.0,0.03571428571428571,1.0,0.0,0.0,0
39.0,7.0,0.0,0.0,0.02564102564102564,0.0,0.0,0.0,0
59.0,12.0,0.0,0.0,0.03389830508474576,0.0,0.0,0.0,0
95.0,19.0,0.0,0.0,0.031578947368421054,0.0,0.0,0.0,0
63.0,12.0,0.0,0.0,0.015873015873015872,1.0,0.0,0.0,0
35.0,7.0,0.0,0.0,0.7714285714285715,2.0,0.0,0.0,0
46.0,10.0,0.0,0.0,0.021739130434782608,0.0,0.0,0.0,0
133.0,25.0,0.0,0.0,0.03759398496240601,5.0,0.0,0.0,0
110.0,23.0,1.0,0.00909090909090909,0.0,0.0,0.0,0.0,0
306.0,62.0,0.0,0.0,0.03594771241830065,1.0,0.0,0.0,0
158.0,25.0,17.0,0.10759493670886076,0.056962025316455694,1.0,1.0,0.0,1
103.0,20.0,1.0,0.009708737864077669,0.02912621359223301,0.0,0.0,0.0,0
57.0,10.0,0.0,0.0,0.05263157894736842,1.0,0.0,0.0,0
83.0,15.0,0.0,0.0,0.012048192771084338,0.0,0.0,0.0,0
73.0,14.0,0.0,0.0,0.0136986301369863,0.0,0.0,0.0,0
38.0,8.0,0.0,0.0,0.02631578947368421,0.0,0.0,0.0,0
47.0,8.0,0.0,0.0,0.0425531914893617,0.0,0.0,0.0,0
19.0,5.0,0.0,0.0,0.05263157894736842,0.0,0.0,0.0,0
69.0,16.0,0.0,0.0,0.014492753623188406,0.0,0.0,0.0,0
123.0,29.0,2.0,0.016260162601626018,0.032520325203252036,0.0,0.0,0.0,0
157.0,29.0,21.0,0.1337579617834395,0.14012738853503184,0.0,0.0,0.0,1
47.0,9.0,0.0,0.0,0.0425531914893617,0.0,0.0,1.0,0
62.0,15.0,0.0,0.0,0.03225806451612903,0.0,0.0,0.0,0
158.0,23.0,24.0,0.1518987341772152,0.11392405063291139,1.0,0.0,0.0,1
39.0,8.0,0.0,0.0,0.05128205128205128,0.0,0.0,0.0,0
125.0,21.0,3.0,0.024,0.008,2.0,0.0,0.0,0
39.0,8.0,0.0,0.0,0.02564102564102564,0.0,0.0,0.0,0
33.0,5.0,0.0,0.0,0.030303030303030304,0.0,0.0,1.0,0
28.0,8.0,0.0,0.0,0.07142857142857142,0.0,0.0,0.0,0
147.0,31.0,0.0,0.0,0.034013605442176874,0.0,0.0,0.0,0
54.0,11.0,0.0,0.0,0.037037037037037035,0.0,0.0,0.0,0
63.0,5.0,0.0,0.0,0.015873015873015872,1.0,0.0,0.0,0
95.0,18.0,0.0,0.0,0.031578947368421054,0.0,0.0,0.0,0
51.0,12.0,3.0,0.058823529411764705,0.0196078431372549,0.0,0.0,0.0,1
131.0,29.0,1.0,0.007633587786259542,0.022900763358778626,0.0,0.0,0.0,0
24.0,5.0,0.0,0.0,0.08333333333333333,0.0,0.0,0.0,0
153.0,20.0,13.0,0.08496732026143791,0.0718954248366013,3.0,1.0,0.0,1
155.0,30.0,0.0,0.0,0.025806451612903226,2.0,0.0,0.0,0
91.0,18.0,0.0,0.0,0.054945054945054944,2.0,0.0,0.0,0
111.0,20.0,5.0,0.04504504504504504,0.06306306306306306,0.0,0.0,0.0,1
50.0,10.0,0.0,0.0,0.2,0.0,0.0,0.0,0
49.0,12.0,2.0,0.04081632653061224,0.04081632653061224,0.0,0.0,0.0,0
30.0,6.0,0.0,0.0,0.06666666666666667,1.0,0.0,0.0,0
139.0,27.0,0.0,0.0,0.02158273381294964,0.0,0.0,0.0,0
119.0,24.0,0.0,0.0,0.025210084033613446,0.0,0.0,0.0,0
54.0,10.0,0.0,0.0,0.037037037037037035,0.0,0.0,0.0,0
85.0,16.0,0.0,0.0,0.011764705882352941,0.0,0.0,0.0,0
45.0,10.0,0.0,0.0,0.044444444444444446,0.0,0.0,0.0,0
160.0,25.0,17.0,0.10625,0.3875,0.0,0.0,0.0,1
21.0,5.0,0.0,0.0,0.09523809523809523,0.0,0.0,0.0,0
162.0,27.0,1.0,0.006172839506172839,0.006172839506172839,1.0,0.0,0.0,0
72.0,12.0,0.0,0.0,0.041666666666666664,0.0,0.0,0.0,0
27.0,6.0,0.0,0.0,0.07407407407407407,0.0,0.0,0.0,0
205.0,40.0,0.0,0.0,0.02926829268292683,4.0,0.0,1.0,0
33.0,6.0,0.0,0.0,0.030303030303030304,0.0,0.0,1.0,0
431.0,89.0,0.0,0.0,0.018561484918793503,0.0,0.0,1.0,0
34.0,8.0,0.0,0.0,0.029411764705882353,0.0,0.0,0.0,0
152.0,24.0,18.0,0.11842105263157894,0.019736842105263157,0.0,0.0,0.0,1
52.0,11.0,0.0,0.0,0.038461538461538464,0.0,0.0,0.0,0
35.0,7.0,0.0,0.0,0.02857142857142857,0.0,0.0,0.0,0
62.0,12.0,0.0,0.0,0.03225806451612903,0.0,0.0,1.0,0
379.0,76.0,0.0,0.0,0.029023746701846966,0.0,0.0,1.0,0
31.0,9.0,1.0,0.03225806451612903,0.03225806451612903,0.0,0.0,0.0,0
115.0,24.0,0.0,0.0,0.034782608695652174,0.0,0.0,0.0,0
155.0,28.0,25.0,0.16129032258064516,0.06451612903225806,0.0,0.0,0.0,1
66.0,15.0,0.0,0.0,0.015151515151515152,0.0,0.0,0.0,0
157.0,28.0,21.0,0.1337579617834395,0.050955414012738856,0.0,0.0,0.0,1
42.0,8.0,0.0,0.0,0.047619047619047616,0.0,0.0,0.0,0
154.0,32.0,14.0,0.09090909090909091,0.032467532467532464,1.0,0.0,1.0,1
49.0,9.0,0.0,0.0,0.061224489795918366,0.0,0.0,0.0,0
133.0,25.0,17.0,0.12781954887218044,0.08270676691729323,1.0,0.0,0.0,1
73.0,13.0,0.0,0.0,0.0410958904109589,1.0,0.0,0.0,0
27.0,7.0,0.0,0.0,0.037037037037037035,0.0,0.0,1.0,0
156.0,27.0,0.0,0.0,0.10256410256410256,0.0,0.0,0.0,0
191.0,41.0,3.0,0.015706806282722512,0.015706806282722512,1.0,0.0,0.0,0
24.0,4.0,0.0,0.0,0.041666666666666664,0.0,0.0,0.0,0
21.0,3.0,0.0,0.0,0.047619047619047616,0.0,0.0,0.0,0
58.0,11.0,0.0,0.0,0.034482758620689655,1.0,0.0,0.0,0
145.0,29.0,9.0,0.06206896551724138,0.034482758620689655,1.0,0.0,0.0,1
25.0,5.0,0.0,0.0,0.04,0.0,0.0,0.0,0
38.0,6.0,0.0,0.0,0.02631578947368421,0.0,0.0,0.0,0
30.0,6.0,0.0,0.0,0.06666666666666667,0.0,0.0,0.0,0
289.0,55.0,0.0,0.0,0.02422145328719723,0.0,0.0,0.0,0
41.0,9.0,0.0,0.0,0.04878048780487805,0.0,0.0,0.0,0
28.0,6.0,0.0,0.0,0.03571428571428571,0.0,0.0,0.0,0
153.0,24.0,24.0,0.1568627450980392,0.12418300653594772,2.0,0.0,1.0,1
41.0,9.0,0.0,0.0,0.024390243902439025,0.0,0.0,0.0,0
153.0,30.0,0.0,0.0,0.05228758169934641,0.0,0.0,0.0,0
36.0,7.0,0.0,0.0,0.05555555555555555,0.0,0.0,0.0,0
26.0,4.0,0.0,0.0,0.038461538461538464,0.0,0.0,0.0,0
34.0,7.0,0.0,0.0,0.029411764705882353,0.0,0.0,0.0,0
152.0,26.0,27.0,0.17763157894736842,0.11842105263157894,1.0,0.0,1.0,1
51.0,11.0,0.0,0.0,0.0196078431372549,0.0,0.0,0.0,0
47.0,9.0,0.0,0.0,0.02127659574468085,0.0,0.0,0.0,0
30.0,6.0,0.0,0.0,0.03333333333333333,0.0,0.0,0.0,0
47.0,10.0,0.0,0.0,0.02127659574468085,0.0,0.0,0.0,0
54.0,11.0,0.0,0.0,0.037037037037037035,1.0,0.0,0.0,0
34.0,7.0,0.0,0.0,0.08823529411764706,0.0,0.0,0.0,0
49.0,9.0,0.0,0.0,0.02040816326530612,0.0,0.0,0.0,0
163.0,22.0,6.0,0.03680981595092025,0.2147239263803681,2.0,2.0,1.0,1
44.0,10.0,0.0,0.0,0.045454545454545456,0.0,0.0,0.0,0
13.0,5.0,1.0,0.07692307692307693,0.5384615384615384,0.0,0.0,0.0,0
42.0,10.0,0.0,0.0,0.047619047619047616,0.0,0.0,0.0,0
36.0,7.0,0.0,0.0,0.08333333333333333,0.0,0.0,0.0,0
157.0,26.0,30.0,0.1910828025477707,0.10191082802547771,1.0,0.0,0.0,1
99.0,23.0,0.0,0.0,0.04040404040404041,0.0,0.0,1.0,0
28.0,7.0,0.0,0.0,0.07142857142857142,0.0,0.0,0.0,0
38.0,9.0,1.0,0.02631578947368421,0.02631578947368421,0.0,0.0,0.0,0
24.0,5.0,0.0,0.0,0.041666666666666664,0.0,0.0,0.0,0
76.0,14.0,0.0,0.0,0.02631578947368421,0.0,0.0,1.0,0
58.0,12.0,1.0,0.017241379310344827,0.017241379310344827,0.0,0.0,0.0,0
109.0,21.0,0.0,0.0,0.01834862385321101,0.0,0.0,0.0,0
126.0,28.0,0.0,0.0,0.047619047619047616,1.0,0.0,0.0,0
49.0,11.0,2.0,0.04081632653061224,0.04081632653061224,0.0,0.0,0.0,0
114.0,18.0,19.0,0.16666666666666666,0.15789473684210525,1.0,0.0,3.0,1
36.0,6.0,0.0,0.0,0.027777777777777776,1.0,0.0,0.0,0
42.0,9.0,0.0,0.0,0.047619047619047616,0.0,0.0,0.0,0
19.0,4.0,0.0,0.0,0.05263157894736842,0.0,0.0,0.0,0
97.0,20.0,1.0,0.010309278350515464,0.030927835051546393,0.0,0.0,1.0,0
111.0,22.0,0.0,0.0,0.02702702702702703,0.0,0.0,0.0,0
130.0,14.0,0.0,0.0,0.17692307692307693,0.0,0.0,0.0,0
43.0,10.0,0.0,0.0,0.046511627906976744,0.0,0.0,0.0,0
35.0,7.0,0.0,0.0,0.05714285714285714,0.0,0.0,0.0,0
18.0,5.0,0.0,0.0,0.05555555555555555,0.0,0.0,0.0,0
31.0,6.0,0.0,0.0,0.06451612903225806,0.0,0.0,0.0,0
53.0,11.0,0.0,0.0,0.03773584905660377,1.0,0.0,1.0,0
37.0,7.0,0.0,0.0,0.02702702702702703,0.0,0.0,0.0,0
63.0,13.0,0.0,0.0,0.031746031746031744,0.0,0.0,0.0,0
77.0,13.0,0.0,0.0,0.012987012987012988,1.0,0.0,0.0,0
50.0,10.0,0.0,0.0,0.06,0.0,0.0,0.0,0
40.0,9.0,0.0,0.0,0.05,0.0,0.0,0.0,0
56.0,12.0,0.0,0.0,0.03571428571428571,0.0,0.0,0.0,0
121.0,24.0,4.0,0.03305785123966942,0.049586776859504134,0.0,0.0,0.0,0
36.0,6.0,0.0,0.0,0.027777777777777776,0.0,0.0,0.0,0
35.0,7.0,0.0,0.0,0.05714285714285714,0.0,0.0,0.0,0
159.0,29.0,13.0,0.08176100628930817,0.13836477987421383,0.0,0.0,2.0,1
82.0,18.0,0.0,0.0,0.036585365853658534,0.0,0.0,1.0,0
48.0,10.0,0.0,0.0,0.020833333333333332,0.0,0.0,0.0,0
229.0,52.0,0.0,0.0,0.048034934497816595,0.0,0.0,0.0,0
51.0,10.0,0.0,0.0,0.0392156862745098,0.0,0.0,0.0,0
83.0,14.0,0.0,0.0,0.03614457831325301,0.0,0.0,0.0,0
136.0,20.0,29.0,0.21323529411764705,0.125,1.0,0.0,0.0,1
164.0,22.0,0.0,0.0,0.10365853658536585,3.0,0.0,0.0,0
66.0,14.0,0.0,0.0,0.045454545454545456,0.0,0.0,0.0,0
137.0,22.0,17.0,0.12408759124087591,0.10218978102189781,0.0,1.0,0.0,1
54.0,11.0,5.0,0.09259259259259259,0.0,0.0,0.0,0.0,0
25.0,4.0,0.0,0.0,0.08,0.0,0.0,0.0,0
76.0,14.0,0.0,0.0,0.02631578947368421,0.0,0.0,0.0,0
52.0,9.0,0.0,0.0,0.019230769230769232,0.0,0.0,0.0,0
60.0,12.0,0.0,0.0,0.016666666666666666,0.0,0.0,0.0,0
43.0,8.0,0.0,0.0,0.023255813953488372,0.0,0.0,0.0,0
18.0,5.0,0.0,0.0,0.05555555555555555,0.0,0.0,1.0,0
47.0,9.0,0.0,0.0,0.06382978723404255,0.0,0.0,0.0,0
24.0,6.0,0.0,0.0,0.041666666666666664,0.0,0.0,0.0,0
133.0,23.0,0.0,0.0,0.015037593984962405,0.0,0.0,0.0,0
53.0,11.0,0.0,0.0,0.018867924528301886,0.0,0.0,0.0,0
51.0,12.0,0.0,0.0,0.0196078431372549,0.0,0.0,0.0,0
31.0,6.0,0.0,0.0,0.06451612903225806,0.0,0.0,0.0,0
160.0,26.0,16.0,0.1,0.06875,1.0,0.0,1.0,1
95.0,16.0,16.0,0.16842105263157894,0.06315789473684211,1.0,0.0,1.0,1
31.0,6.0,1.0,0.03225806451612903,0.03225806451612903,0.0,0.0,0.0,0
51.0,10.0,0.0,0.0,0.0392156862745098,0.0,0.0,0.0,0
54.0,11.0,0.0,0.0,0.037037037037037035,1.0,0.0,0.0,0
157.0,28.0,23.0,0.1464968152866242,0.01910828025477707,2.0,0.0,2.0,1
87.0,16.0,0.0,0.0,0.011494252873563218,0.0,0.0,0.0,0
70.0,14.0,0.0,0.0,0.014285714285714285,0.0,0.0,0.0,0
152.0,24.0,5.0,0.03289473684210526,0.08552631578947369,0.0,2.0,1.0,1
108.0,20.0,5.0,0.046296296296296294,0.1388888888888889,1.0,0.0,0.0,1
49.0,10.0,0.0,0.0,0.04081632653061224,0.0,0.0,0.0,0
158.0,24.0,19.0,0.12025316455696203,0.11392405063291139,3.0,0.0,1.0,1
47.0,9.0,0.0,0.0,0.0425531914893617,1.0,0.0,0.0,0
127.0,27.0,0.0,0.0,0.031496062992125984,0.0,0.0,0.0,0
44.0,10.0,0.0,0.0,0.045454545454545456,0.0,0.0,0.0,0
71.0,16.0,0.0,0.0,0.028169014084507043,0.0,0.0,0.0,0
183.0,36.0,0.0,0.0,0.03278688524590164,2.0,0.0,1.0,0
57.0,11.0,0.0,0.0,0.03508771929824561,1.0,0.0,0.0,0
179.0,37.0,2.0,0.0111731843575419,0.0111731843575419,0.0,0.0,0.0,0
36.0,7.0,0.0,0.0,0.027777777777777776,1.0,0.0,1.0,0
127.0,28.0,0.0,0.0,0.015748031496062992,0.0,0.0,0.0,0
65.0,12.0,1.0,0.015384615384615385,0.03076923076923077,0.0,0.0,0.0,0
65.0,9.0,0.0,0.0,0.12307692307692308,0.0,0.0,0.0,1
142.0,33.0,2.0,0.014084507042253521,0.04929577464788732,0.0,0.0,1.0,0
107.0,22.0,1.0,0.009345794392523364,0.037383177570093455,0.0,0.0,0.0,0
58.0,11.0,0.0,0.0,0.034482758620689655,0.0,0.0,0.0,0
54.0,9.0,0.0,0.0,0.05555555555555555,0.0,0.0,0.0,0
154.0,29.0,0.0,0.0,0.01948051948051948,0.0,0.0,0.0,0
31.0,6.0,0.0,0.0,0.03225806451612903,0.0,0.0,1.0,0
149.0,19.0,0.0,0.0,0.15436241610738255,0.0,1.0,0.0,1
31.0,6.0,0.0,0.0,0.06451612903225806,0.0,0.0,0.0,0
77.0,16.0,1.0,0.012987012987012988,0.03896103896103896,0.0,0.0,0.0,0
82.0,20.0,1.0,0.012195121951219513,0.036585365853658534,0.0,0.0,0.0,0
78.0,14.0,0.0,0.0,0.02564102564102564,0.0,0.0,0.0,0
97.0,20.0,0.0,0.0,0.020618556701030927,0.0,0.0,0.0,0
39.0,7.0,0.0,0.0,0.02564102564102564,0.0,0.0,0.0,0
32.0,8.0,0.0,0.0,0.03125,0.0,0.0,0.0,0
29.0,6.0,0.0,0.0,0.034482758620689655,0.0,0.0,0.0,0
160.0,27.0,16.0,0.1,0.09375,1.0,1.0,1.0,1
27.0,4.0,0.0,0.0,0.07407407407407407,0.0,0.0,0.0,0
31.0,6.0,0.0,0.0,0.03225806451612903,0.0,0.0,0.0,0
31.0,8.0,1.0,0.03225806451612903,0.03225806451612903,2.0,0.0,0.0,0
24.0,5.0,0.0,0.0,0.041666666666666664,0.0,0.0,0.0,0
41.0,7.0,0.0,0.0,0.024390243902439025,0.0,0.0,0.0,0
136.0,23.0,1.0,0.007352941176470588,0.7941176470588235,2.0,0.0,0.0,0
31.0,7.0,0.0,0.0,0.06451612903225806,0.0,0.0,0.0,0
108.0,25.0,0.0,0.0,0.027777777777777776,1.0,0.0,1.0,0
66.0,15.0,0.0,0.0,0.030303030303030304,0.0,0.0,0.0,0
22.0,5.0,0.0,0.0,0.045454545454545456,0.0,0.0,0.0,0
61.0,12.0,1.0,0.01639344262295082,0.03278688524590164,0.0,0.0,0.0,0
24.0,5.0,0.0,0.0,0.08333333333333333,0.0,0.0,0.0,0
155.0,22.0,0.0,0.0,0.025806451612903226,1.0,0.0,0.0,0
31.0,6.0,0.0,0.0,0.03225806451612903,0.0,0.0,0.0,0
48.0,9.0,0.0,0.0,0.020833333333333332,0.0,0.0,0.0,0
50.0,8.0,12.0,0.24,0.04,0.0,0.0,0.0,1
56.0,9.0,0.0,0.0,0.017857142857142856,0.0,0.0,0.0,0
133.0,30.0,0.0,0.0,0.015037593984962405,0.0,0.0,0.0,0
123.0,22.0,0.0,0.0,0.008130081300813009,0.0,0.0,0.0,0
83.0,5.0,17.0,0.20481927710843373,0.03614457831325301,0.0,0.0,0.0,1
51.0,11.0,0.0,0.0,0.0196078431372549,0.0,0.0,0.0,0
51.0,9.0,0.0,0.0,0.058823529411764705,1.0,0.0,0.0,0
158.0,28.0,19.0,0.12025316455696203,0.14556962025316456,2.0,0.0,3.0,1
122.0,27.0,2.0,0.01639344262295082,0.03278688524590164,0.0,0.0,1.0,0
104.0,17.0,0.0,0.0,0.019230769230769232,0.0,0.0,0.0,0
82.0,17.0,3.0,0.036585365853658534,0.036585365853658534,1.0,0.0,0.0,0
15.0,4.0,0.0,0.0,0.8,0.0,0.0,0.0,0
23.0,4.0,0.0,0.0,0.043478260869565216,0.0,0.0,0.0,0
159.0,27.0,0.0,0.0,0.006289308176100629,0.0,0.0,0.0,0
149.0,31.0,0.0,0.0,0.026845637583892617,0.0,0.0,1.0,0
231.0,41.0,0.0,0.0,0.017316017316017316,1.0,0.0,0.0,0
145.0,22.0,28.0,0.19310344827586207,0.09655172413793103,0.0,0.0,1.0,1
77.0,15.0,1.0,0.012987012987012988,0.025974025974025976,0.0,0.0,0.0,0
49.0,12.0,0.0,0.0,0.02040816326530612,0.0,0.0,1.0,0
140.0,27.0,3.0,0.02142857142857143,0.42857142857142855,1.0,0.0,1.0,1
34.0,8.0,0.0,0.0,0.058823529411764705,0.0,0.0,0.0,0
55.0,11.0,0.0,0.0,0.0,0.0,0.0,0.0,0
36.0,8.0,0.0,0.0,0.027777777777777776,0.0,0.0,0.0,0
41.0,8.0,0.0,0.0,0.04878048780487805,0.0,0.0,0.0,0
122.0,24.0,23.0,0.1885245901639344,0.23770491803278687,0.0,0.0,1.0,1
118.0,26.0,1.0,0.00847457627118644,0.03389830508474576,0.0,0.0,0.0,0
22.0,4.0,0.0,0.0,0.045454545454545456,0.0,0.0,0.0,0
102.0,20.0,0.0,0.0,0.00980392156862745,0.0,0.0,0.0,0
159.0,31.0,1.0,0.006289308176100629,0.0440251572327044,0.0,0.0,0.0,0
32.0,7.0,0.0,0.0,0.0625,0.0,0.0,0.0,0
168.0,32.0,0.0,0.0,0.023809523809523808,1.0,0.0,0.0,0
40.0,8.0,0.0,0.0,0.025,0.0,0.0,0.0,0
25.0,6.0,1.0,0.04,0.04,0.0,0.0,0.0,0
48.0,8.0,0.0,0.0,0.0,0.0,0.0,0.0,0
130.0,28.0,14.0,0.1076923076923077,0.06923076923076923,3.0,0.0,1.0,1
45.0,8.0,0.0,0.0,0.022222222222222223,0.0,0.0,0.0,0
28.0,6.0,1.0,0.03571428571428571,0.03571428571428571,0.0,0.0,0.0,0
29.0,7.0,0.0,0.0,0.034482758620689655,0.0,0.0,0.0,0
156.0,22.0,26.0,0.16666666666666666,0.07692307692307693,1.0,0.0,0.0,1
46.0,8.0,0.0,0.0,0.043478260869565216,0.0,0.0,0.0,0
134.0,25.0,14.0,0.1044776119402985,0.12686567164179105,2.0,0.0,1.0,1
50.0,13.0,1.0,0.02,0.02,0.0,0.0,0.0,0
80.0,17.0,0.0,0.0,0.025,0.0,0.0,0.0,0
28.0,6.0,0.0,0.0,0.07142857142857142,1.0,0.0,0.0,0
92.0,19.0,3.0,0.03260869565217391,0.021739130434782608,0.0,0.0,0.0,0
179.0,35.0,0.0,0.0,0.0335195530726257,2.0,0.0,0.0,0
39.0,8.0,0.0,0.0,0.02564102564102564,0.0,0.0,0.0,0
49.0,12.0,0.0,0.0,0.04081632653061224,0.0,0.0,0.0,0
95.0,20.0,2.0,0.021052631578947368,0.010526315789473684,0.0,0.0,0.0,0
97.0,23.0,0.0,0.0,0.061855670103092786,0.0,0.0,0.0,0
82.0,19.0,1.0,0.012195121951219513,0.024390243902439025,0.0,0.0,0.0,0
40.0,9.0,0.0,0.0,0.725,2.0,0.0,0.0,0
47.0,8.0,0.0,0.0,0.02127659574468085,0.0,0.0,0.0,0
790.0,162.0,0.0,0.0,0.017721518987341773,0.0,0.0,1.0,0
34.0,7.0,0.0,0.0,0.029411764705882353,0.0,0.0,0.0,0
41.0,7.0,0.0,0.0,0.024390243902439025,0.0,0.0,0.0,0
36.0,6.0,0.0,0.0,0.08333333333333333,0.0,0.0,0.0,0
203.0,32.0,0.0,0.0,0.0049261083743842365,0.0,0.0,0.0,0
136.0,26.0,22.0,0.16176470588235295,0.125,1.0,0.0,0.0,1
48.0,10.0,0.0,0.0,0.041666666666666664,1.0,0.0,0.0,0
33.0,4.0,0.0,0.0,0.030303030303030304,0.0,0.0,0.0,0
22.0,3.0,0.0,0.0,0.045454545454545456,0.0,0.0,0.0,0
61.0,9.0,0.0,0.0,0.03278688524590164,0.0,0.0,0.0,0
232.0,43.0,0.0,0.0,0.017241379310344827,0.0,0.0,0.0,0
111.0,26.0,0.0,0.0,0.036036036036036036,1.0,0.0,0.0,0
54.0,10.0,0.0,0.0,0.037037037037037035,0.0,0.0,0.0,0
72.0,15.0,0.0,0.0,0.027777777777777776,0.0,0.0,0.0,0
79.0,19.0,0.0,0.0,0.0379746835443038,0.0,0.0,0.0,0
59.0,14.0,0.0,0.0,0.05084745762711865,0.0,0.0,0.0,0
57.0,12.0,0.0,0.0,0.08771929824561403,6.0,0.0,0.0,0
95.0,21.0,0.0,0.0,0.021052631578947368,0.0,0.0,0.0,0
42.0,8.0,0.0,0.0,0.023809523809523808,0.0,0.0,0.0,0
81.0,21.0,0.0,0.0,0.04938271604938271,1.0,0.0,0.0,0
25.0,7.0,1.0,0.04,0.08,0.0,0.0,0.0,0
56.0,9.0,0.0,0.0,0.017857142857142856,0.0,0.0,0.0,0
32.0,6.0,0.0,0.0,0.03125,0.0,0.0,0.0,0
82.0,14.0,0.0,0.0,0.012195121951219513,0.0,0.0,0.0,0
33.0,6.0,0.0,0.0,0.030303030303030304,0.0,0.0,0.0,0
180.0,26.0,0.0,0.0,0.16666666666666666,6.0,0.0,0.0,0
19.0,5.0,1.0,0.05263157894736842,0.05263157894736842,0.0,0.0,0.0,0
153.0,32.0,0.0,0.0,0.08496732026143791,0.0,0.0,0.0,0
56.0,11.0,0.0,0.0,0.03571428571428571,0.0,0.0,0.0,0
57.0,11.0,0.0,0.0,0.05263157894736842,0.0,0.0,0.0,0
408.0,70.0,0.0,0.0,0.0196078431372549,0.0,0.0,0.0,0
23.0,6.0,0.0,0.0,0.08695652173913043,0.0,0.0,0.0,0
7.0,2.0,0.0,0.0,0.14285714285714285,1.0,0.0,0.0,0
108.0,23.0,1.0,0.009259259259259259,0.027777777777777776,1.0,0.0,0.0,0
64.0,17.0,3.0,0.046875,0.03125,0.0,0.0,0.0,0
104.0,16.0,0.0,0.0,0.038461538461538464,1.0,0.0,0.0,0
44.0,10.0,0.0,0.0,0.045454545454545456,0.0,0.0,0.0,0
43.0,8.0,0.0,0.0,0.046511627906976744,0.0,0.0,0.0,0
109.0,21.0,0.0,0.0,0.027522935779816515,0.0,0.0,1.0,0
112.0,21.0,0.0,0.0,0.017857142857142856,0.0,0.0,0.0,0
58.0,11.0,0.0,0.0,0.06896551724137931,0.0,0.0,0.0,0
58.0,13.0,0.0,0.0,0.05172413793103448,0.0,0.0,0.0,0
384.0,80.0,0.0,0.0,0.013020833333333334,0.0,0.0,0.0,0
30.0,6.0,0.0,0.0,0.03333333333333333,0.0,0.0,0.0,0
107.0,22.0,2.0,0.018691588785046728,0.028037383177570093,0.0,0.0,0.0,0
33.0,7.0,0.0,0.0,0.030303030303030304,0.0,0.0,0.0,0
62.0,13.0,0.0,0.0,0.7419354838709677,2.0,0.0,0.0,0
74.0,14.0,0.0,0.0,0.013513513513513514,0.0,0.0,0.0,0
25.0,6.0,0.0,0.0,0.04,0.0,0.0,0.0,0
143.0,23.0,26.0,0.18181818181818182,0.14685314685314685,2.0,0.0,1.0,1
157.0,34.0,0.0,0.0,0.044585987261146494,3.0,0.0,1.0,0
287.0,60.0,0.0,0.0,0.013937282229965157,0.0,0.0,0.0,0
84.0,18.0,0.0,0.0,0.05952380952380952,0.0,0.0,1.0,0
34.0,6.0,0.0,0.0,0.029411764705882353,1.0,0.0,0.0,0
133.0,27.0,1.0,0.007518796992481203,0.022556390977443608,0.0,0.0,0.0,0
151.0,32.0,0.0,0.0,0.026490066225165563,0.0,0.0,0.0,0
38.0,6.0,0.0,0.0,0.02631578947368421,0.0,0.0,0.0,0
52.0,10.0,0.0,0.0,0.038461538461538464,0.0,0.0,0.0,0
77.0,16.0,0.0,0.0,0.03896103896103896,0.0,0.0,1.0,0
123.0,26.0,0.0,0.0,0.032520325203252036,0.0,0.0,0.0,0
115.0,21.0,15.0,0.13043478260869565,0.0782608695652174,0.0,0.0,0.0,1
30.0,8.0,0.0,0.0,0.03333333333333333,0.0,0.0,0.0,0
81.0,18.0,0.0,0.0,0.0,0.0,0.0,0.0,0
39.0,7.0,0.0,0.0,0.02564102564102564,0.0,0.0,0.0,0
33.0,4.0,0.0,0.0,0.5757575757575758,1.0,0.0,0.0,1
26.0,5.0,0.0,0.0,0.038461538461538464,0.0,0.0,1.0,0
51.0,12.0,0.0,0.0,0.0196078431372549,0.0,0.0,0.0,0
153.0,22.0,31.0,0.20261437908496732,0.19607843137254902,3.0,1.0,0.0,1
120.0,24.0,0.0,0.0,0.016666666666666666,1.0,0.0,0.0,0
101.0,18.0,0.0,0.0,0.0297029702970297,0.0,0.0,1.0,0
119.0,19.0,0.0,0.0,0.13445378151260504,0.0,0.0,0.0,0
147.0,24.0,22.0,0.14965986394557823,0.08843537414965986,3.0,0.0,1.0,1
146.0,31.0,1.0,0.00684931506849315,0.04794520547945205,1.0,0.0,1.0,0
104.0,19.0,0.0,0.0,0.038461538461538464,0.0,0.0,1.0,0
42.0,10.0,6.0,0.14285714285714285,0.023809523809523808,0.0,0.0,0.0,0
38.0,7.0,0.0,0.0,0.05263157894736842,0.0,0.0,0.0,0
49.0,10.0,0.0,0.0,0.02040816326530612,0.0,0.0,0.0,0
157.0,32.0,1.0,0.006369426751592357,0.012738853503184714,3.0,0.0,1.0,0
33.0,6.0,0.0,0.0,0.030303030303030304,0.0,0.0,0.0,0
75.0,15.0,0.0,0.0,0.02666666666666667,0.0,0.0,1.0,0
34.0,8.0,0.0,0.0,0.058823529411764705,0.0,0.0,0.0,0
72.0,16.0,0.0,0.0,0.027777777777777776,0.0,0.0,0.0,0
133.0,20.0,8.0,0.06015037593984962,0.19548872180451127,2.0,1.0,1.0,1
76.0,17.0,0.0,0.0,0.02631578947368421,0.0,0.0,0.0,0
27.0,6.0,0.0,0.0,0.037037037037037035,0.0,0.0,0.0,0
21.0,5.0,0.0,0.0,0.047619047619047616,0.0,0.0,0.0,0
122.0,22.0,0.0,0.0,0.02459016393442623,0.0,0.0,0.0,0
87.0,17.0,0.0,0.0,0.04597701149425287,0.0,0.0,0.0,0
152.0,33.0,0.0,0.0,0.7828947368421053,0.0,0.0,0.0,0
28.0,5.0,0.0,0.0,0.03571428571428571,0.0,0.0,0.0,0
82.0,17.0,0.0,0.0,0.036585365853658534,0.0,0.0,1.0,0
109.0,6.0,19.0,0.1743119266055046,0.06422018348623854,1.0,1.0,0.0,1
61.0,13.0,0.0,0.0,0.03278688524590164,0.0,0.0,0.0,0
110.0,21.0,0.0,0.0,0.03636363636363636,0.0,0.0,0.0,0
25.0,5.0,0.0,0.0,0.08,0.0,0.0,0.0,0
68.0,14.0,0.0,0.0,0.014705882352941176,0.0,0.0,1.0,0
162.0,30.0,16.0,0.09876543209876543,0.1728395061728395,0.0,0.0,1.0,1
32.0,8.0,1.0,0.03125,0.03125,0.0,0.0,0.0,0
71.0,13.0,0.0,0.0,0.056338028169014086,0.0,0.0,0.0,0
103.0,19.0,0.0,0.0,0.02912621359223301,0.0,0.0,1.0,0
156.0,23.0,16.0,0.10256410256410256,0.14743589743589744,1.0,0.0,2.0,1
114.0,21.0,0.0,0.0,0.02631578947368421,0.0,0.0,0.0,0
37.0,8.0,0.0,0.0,0.05405405405405406,0.0,0.0,0.0,0
158.0,22.0,18.0,0.11392405063291139,0.1518987341772152,0.0,1.0,0.0,1
144.0,24.0,0.0,0.0,0.041666666666666664,0.0,0.0,0.0,0
40.0,9.0,0.0,0.0,0.05,0.0,0.0,0.0,0
82.0,17.0,0.0,0.0,0.04878048780487805,0.0,0.0,0.0,0
31.0,7.0,0.0,0.0,0.0,0.0,0.0,0.0,0
32.0,6.0,0.0,0.0,0.03125,0.0,0.0,0.0,0
121.0,20.0,15.0,0.12396694214876033,0.12396694214876033,1.0,1.0,1.0,1
20.0,5.0,0.0,0.0,0.05,0.0,0.0,1.0,0
43.0,10.0,0.0,0.0,0.06976744186046512,0.0,0.0,0.0,0
65.0,12.0,0.0,0.0,0.015384615384615385,0.0,0.0,0.0,0
57.0,15.0,0.0,0.0,0.017543859649122806,0.0,0.0,0.0,0
39.0,9.0,0.0,0.0,0.05128205128205128,0.0,0.0,0.0,0
114.0,22.0,1.0,0.008771929824561403,0.03508771929824561,0.0,0.0,0.0,0
42.0,9.0,0.0,0.0,0.09523809523809523,0.0,0.0,0.0,0
382.0,77.0,0.0,0.0,0.01832460732984293,0.0,0.0,0.0,0
34.0,8.0,0.0,0.0,0.029411764705882353,0.0,0.0,1.0,0
112.0,22.0,1.0,0.008928571428571428,0.026785714285714284,0.0,0.0,0.0,0
155.0,26.0,12.0,0.07741935483870968,0.14838709677419354,0.0,0.0,0.0,1
32.0,4.0,0.0,0.0,0.0625,0.0,0.0,0.0,0
145.0,25.0,24.0,0.16551724137931034,0.034482758620689655,0.0,0.0,0.0,1
27.0,6.0,0.0,0.0,0.8148148148148148,0.0,0.0,0.0,0
19.0,4.0,0.0,0.0,0.10526315789473684,0.0,0.0,0.0,0
52.0,12.0,0.0,0.0,0.019230769230769232,0.0,0.0,0.0,0
59.0,11.0,0.0,0.0,0.03389830508474576,0.0,0.0,0.0,0
65.0,12.0,0.0,0.0,0.015384615384615385,1.0,0.0,0.0,0
65.0,13.0,0.0,0.0,0.03076923076923077,0.0,0.0,0.0,0
148.0,28.0,3.0,0.02027027027027027,0.12837837837837837,1.0,0.0,0.0,1
77.0,18.0,0.0,0.0,0.025974025974025976,0.0,0.0,0.0,0
55.0,10.0,0.0,0.0,0.01818181818181818,0.0,0.0,1.0,0
109.0,16.0,0.0,0.0,0.12844036697247707,1.0,0.0,0.0,0
38.0,7.0,0.0,0.0,0.05263157894736842,0.0,0.0,0.0,0
89.0,18.0,2.0,0.02247191011235955,0.02247191011235955,0.0,0.0,0.0,0
31.0,6.0,0.0,0.0,0.06451612903225806,1.0,0.0,0.0,0
30.0,6.0,0.0,0.0,0.06666666666666667,0.0,0.0,0.0,0
44.0,8.0,0.0,0.0,0.022727272727272728,0.0,0.0,1.0,0
99.0,21.0,4.0,0.04040404040404041,0.010101010101010102,0.0,0.0,0.0,0
58.0,13.0,0.0,0.0,0.05172413793103448,0.0,0.0,0.0,0
51.0,10.0,0.0,0.0,0.0392156862745098,0.0,0.0,0.0,0
159.0,22.0,0.0,0.0,0.09433962264150944,0.0,0.0,0.0,0
32.0,8.0,0.0,0.0,0.0625,0.0,0.0,0.0,0
26.0,6.0,0.0,0.0,0.038461538461538464,0.0,0.0,0.0,0
51.0,9.0,0.0,0.0,0.0392156862745098,0.0,0.0,0.0,0
26.0,5.0,0.0,0.0,0.038461538461538464,0.0,0.0,0.0,0
48.0,9.0,1.0,0.020833333333333332,0.041666666666666664,0.0,0.0,0.0,0
48.0,11.0,0.0,0.0,0.041666666666666664,0.0,0.0,0.0,0
90.0,19.0,0.0,0.0,0.022222222222222223,0.0,0.0,0.0,0
58.0,14.0,2.0,0.034482758620689655,0.6896551724137931,0.0,0.0,0.0,0
71.0,12.0,0.0,0.0,0.676056338028169,9.0,0.0,0.0,0
63.0,15.0,0.0,0.0,0.031746031746031744,0.0,0.0,1.0,0
73.0,14.0,0.0,0.0,0.0136986301369863,0.0,0.0,0.0,0
51.0,10.0,0.0,0.0,0.0196078431372549,0.0,0.0,0.0,0
87.0,18.0,0.0,0.0,0.034482758620689655,3.0,0.0,0.0,0
27.0,4.0,0.0,0.0,0.037037037037037035,1.0,0.0,0.0,0
159.0,33.0,0.0,0.0,0.07547169811320754,0.0,0.0,1.0,0
30.0,6.0,0.0,0.0,0.03333333333333333,0.0,0.0,0.0,0
109.0,19.0,18.0,0.1651376146788991,0.11009174311926606,2.0,0.0,1.0,1
34.0,5.0,0.0,0.0,0.029411764705882353,1.0,0.0,0.0,0
31.0,5.0,0.0,0.0,0.03225806451612903,1.0,0.0,0.0,0
26.0,7.0,0.0,0.0,0.038461538461538464,0.0,0.0,1.0,0
29.0,5.0,0.0,0.0,0.034482758620689655,0.0,0.0,0.0,0
76.0,14.0,0.0,0.0,0.02631578947368421,0.0,0.0,1.0,0
132.0,28.0,2.0,0.015151515151515152,0.7424242424242424,1.0,0.0,0.0,0
30.0,5.0,0.0,0.0,0.03333333333333333,0.0,0.0,0.0,0
54.0,12.0,0.0,0.0,0.018518518518518517,0.0,0.0,0.0,0
57.0,12.0,0.0,0.0,0.017543859649122806,1.0,0.0,0.0,0
24.0,5.0,0.0,0.0,0.041666666666666664,0.0,0.0,0.0,0
297.0,60.0,0.0,0.0,0.037037037037037035,2.0,0.0,1.0,0
120.0,22.0,0.0,0.0,0.2,0.0,0.0,0.0,1
19.0,3.0,0.0,0.0,0.05263157894736842,0.0,0.0,0.0,0
158.0,27.0,0.0,0.0,0.056962025316455694,0.0,0.0,0.0,0
27.0,6.0,0.0,0.0,0.07407407407407407,0.0,0.0,0.0,0
47.0,11.0,0.0,0.0,0.06382978723404255,3.0,0.0,0.0,0
49.0,11.0,0.0,0.0,0.02040816326530612,0.0,0.0,0.0,0
139.0,21.0,1.0,0.007194244604316547,0.02877697841726619,0.0,0.0,0.0,0
60.0,14.0,4.0,0.06666666666666667,0.016666666666666666,0.0,0.0,0.0,0
161.0,30.0,16.0,0.09937888198757763,0.06832298136645963,0.0,0.0,0.0,1
113.0,19.0,0.0,0.0,0.02654867256637168,0.0,0.0,0.0,0
149.0,24.0,0.0,0.0,0.026845637583892617,1.0,0.0,0.0,0
71.0,14.0,0.0,0.0,0.014084507042253521,0.0,0.0,0.0,0
143.0,34.0,1.0,0.006993006993006993,0.02097902097902098,0.0,0.0,0.0,0
84.0,20.0,0.0,0.0,0.023809523809523808,0.0,0.0,0.0,0
160.0,33.0,0.0,0.0,0.0625,0.0,0.0,0.0,0
82.0,15.0,0.0,0.0,0.04878048780487805,0.0,0.0,0.0,0
24.0,2.0,0.0,0.0,0.041666666666666664,0.0,0.0,0.0,0
26.0,7.0,0.0,0.0,0.07692307692307693,0.0,0.0,0.0,0
81.0,17.0,0.0,0.0,0.037037037037037035,0.0,0.0,0.0,0
56.0,9.0,0.0,0.0,0.017857142857142856,0.0,0.0,0.0,0
38.0,6.0,0.0,0.0,0.10526315789473684,2.0,0.0,0.0,0
29.0,7.0,0.0,0.0,0.034482758620689655,0.0,0.0,0.0,0
24.0,5.0,0.0,0.0,0.041666666666666664,0.0,0.0,0.0,0
42.0,6.0,0.0,0.0,0.0,0.0,0.0,0.0,0
161.0,30.0,8.0,0.049689440993788817,0.13664596273291926,2.0,0.0,1.0,1
37.0,6.0,0.0,0.0,0.02702702702702703,0.0,0.0,0.0,0
141.0,26.0,0.0,0.0,0.028368794326241134,2.0,0.0,0.0,0
76.0,13.0,0.0,0.0,0.013157894736842105,0.0,0.0,0.0,0
155.0,29.0,0.0,0.0,0.03225806451612903,1.0,0.0,0.0,0
34.0,9.0,0.0,0.0,0.058823529411764705,0.0,0.0,0.0,0
85.0,20.0,0.0,0.0,0.047058823529411764,0.0,0.0,0.0,0
25.0,6.0,0.0,0.0,0.04,0.0,0.0,1.0,0
28.0,7.0,0.0,0.0,0.03571428571428571,0.0,0.0,0.0,0
107.0,21.0,0.0,0.0,0.037383177570093455,0.0,0.0,0.0,0
53.0,12.0,0.0,0.0,0.05660377358490566,0.0,0.0,0.0,0
74.0,12.0,0.0,0.0,0.10810810810810811,1.0,0.0,0.0,0
125.0,30.0,0.0,0.0,0.752,0.0,0.0,0.0,0
57.0,12.0,1.0,0.017543859649122806,0.017543859649122806,0.0,0.0,0.0,0
166.0,36.0,0.0,0.0,0.024096385542168676,0.0,0.0,1.0,0
39.0,7.0,0.0,0.0,0.02564102564102564,0.0,0.0,0.0,0
36.0,7.0,0.0,0.0,0.027777777777777776,0.0,0.0,0.0,0
93.0,19.0,0.0,0.0,0.021505376344086023,1.0,0.0,0.0,0
29.0,7.0,0.0,0.0,0.7931034482758621,0.0,0.0,0.0,0
35.0,5.0,0.0,0.0,0.14285714285714285,0.0,0.0,0.0,0
40.0,11.0,0.0,0.0,0.075,0.0,0.0,0.0,0
63.0,10.0,0.0,0.0,0.031746031746031744,2.0,0.0,0.0,0
87.0,18.0,0.0,0.0,0.04597701149425287,0.0,0.0,1.0,0
152.0,22.0,28.0,0.18421052631578946,0.19736842105263158,3.0,1.0,0.0,1
79.0,16.0,0.0,0.0,0.02531645569620253,0.0,0.0,0.0,0
26.0,5.0,0.0,0.0,0.038461538461538464,0.0,0.0,0.0,0
130.0,19.0,19.0,0.14615384615384616,0.038461538461538464,1.0,0.0,1.0,1
23.0,4.0,0.0,0.0,0.043478260869565216,0.0,0.0,0.0,0
157.0,34.0,0.0,0.0,0.05732484076433121,3.0,0.0,1.0,0
24.0,5.0,0.0,0.0,0.041666666666666664,0.0,0.0,0.0,0
34.0,7.0,0.0,0.0,0.029411764705882353,0.0,0.0,0.0,0
174.0,26.0,0.0,0.0,0.16091954022988506,1.0,0.0,0.0,0
151.0,27.0,25.0,0.16556291390728478,0.046357615894039736,0.0,0.0,0.0,1
35.0,8.0,0.0,0.0,0.02857142857142857,0.0,0.0,0.0,0
157.0,27.0,11.0,0.07006369426751592,0.09554140127388536,4.0,0.0,1.0,1
104.0,17.0,0.0,0.0,0.028846153846153848,0.0,0.0,0.0,0
41.0,9.0,0.0,0.0,0.04878048780487805,0.0,0.0,0.0,0
32.0,7.0,0.0,0.0,0.03125,0.0,0.0,0.0,0
41.0,8.0,0.0,0.0,0.024390243902439025,0.0,0.0,0.0,0
46.0,10.0,0.0,0.0,0.06521739130434782,0.0,0.0,1.0,0
59.0,12.0,0.0,0.0,0.01694915254237288,0.0,0.0,0.0,0
77.0,15.0,0.0,0.0,0.025974025974025976,0.0,0.0,0.0,0
43.0,8.0,0.0,0.0,0.046511627906976744,2.0,0.0,0.0,0
58.0,12.0,0.0,0.0,0.017241379310344827,0.0,0.0,0.0,0
127.0,21.0,0.0,0.0,0.015748031496062992,0.0,0.0,0.0,0
50.0,9.0,0.0,0.0,0.02,0.0,0.0,0.0,0
156.0,23.0,16.0,0.10256410256410256,0.02564102564102564,0.0,0.0,0.0,1
36.0,7.0,0.0,0.0,0.027777777777777776,0.0,0.0,1.0,0
30.0,7.0,0.0,0.0,0.03333333333333333,0.0,0.0,0.0,0
43.0,8.0,0.0,0.0,0.023255813953488372,0.0,0.0,0.0,0
158.0,25.0,9.0,0.056962025316455694,0.05063291139240506,1.0,0.0,0.0,0
35.0,7.0,0.0,0.0,0.02857142857142857,1.0,0.0,0.0,0
107.0,25.0,3.0,0.028037383177570093,0.7383177570093458,0.0,0.0,0.0,0
73.0,15.0,0.0,0.0,0.0273972602739726,0.0,0.0,0.0,0
38.0,7.0,0.0,0.0,0.05263157894736842,0.0,0.0,0.0,0
244.0,46.0,0.0,0.0,0.01639344262295082,0.0,0.0,1.0,0
152.0,30.0,14.0,0.09210526315789473,0.05263157894736842,2.0,0.0,0.0,1
110.0,19.0,0.0,0.0,0.02727272727272727,1.0,0.0,0.0,0
22.0,6.0,0.0,0.0,0.045454545454545456,0.0,0.0,0.0,0
31.0,5.0,0.0,0.0,0.03225806451612903,0.0,0.0,0.0,0
87.0,18.0,0.0,0.0,0.04597701149425287,0.0,0.0,0.0,0
71.0,15.0,0.0,0.0,0.028169014084507043,0.0,0.0,1.0,0
108.0,18.0,0.0,0.0,0.06481481481481481,0.0,0.0,0.0,0
25.0,5.0,0.0,0.0,0.04,0.0,0.0,0.0,0
158.0,33.0,14.0,0.08860759493670886,0.6582278481012658,2.0,0.0,0.0,1
26.0,6.0,0.0,0.0,0.038461538461538464,0.0,0.0,0.0,0
28.0,5.0,0.0,0.0,0.03571428571428571,0.0,0.0,0.0,0
156.0,24.0,19.0,0.12179487179487179,0.21794871794871795,1.0,0.0,1.0,1
26.0,5.0,0.0,0.0,0.07692307692307693,0.0,0.0,0.0,0
28.0,5.0,0.0,0.0,0.07142857142857142,0.0,0.0,0.0,0
50.0,10.0,0.0,0.0,0.04,0.0,0.0,0.0,0
215.0,43.0,0.0,0.0,0.03255813953488372,2.0,0.0,0.0,0
129.0,28.0,0.0,0.0,0.05426356589147287,0.0,0.0,0.0,0
87.0,17.0,0.0,0.0,0.022988505747126436,0.0,0.0,0.0,0
25.0,6.0,0.0,0.0,0.04,0.0,0.0,0.0,0
33.0,7.0,0.0,0.0,0.030303030303030304,0.0,0.0,0.0,0
72.0,12.0,2.0,0.027777777777777776,0.1111111111111111,0.0,0.0,0.0,1
65.0,14.0,0.0,0.0,0.015384615384615385,1.0,0.0,0.0,0
79.0,15.0,0.0,0.0,0.02531645569620253,0.0,0.0,1.0,0
112.0,21.0,0.0,0.0,0.026785714285714284,0.0,0.0,0.0,0
25.0,5.0,0.0,0.0,0.04,0.0,0.0,0.0,0
61.0,12.0,0.0,0.0,0.03278688524590164,1.0,0.0,0.0,0
107.0,20.0,3.0,0.028037383177570093,0.028037383177570093,0.0,0.0,0.0,0
26.0,7.0,2.0,0.07692307692307693,0.6923076923076923,0.0,0.0,0.0,0
158.0,30.0,19.0,0.12025316455696203,0.05063291139240506,2.0,0.0,3.0,1
85.0,17.0,0.0,0.0,0.03529411764705882,0.0,0.0,1.0,0
201.0,39.0,0.0,0.0,0.024875621890547265,0.0,0.0,0.0,0
53.0,13.0,0.0,0.0,0.03773584905660377,0.0,0.0,0.0,0
33.0,7.0,0.0,0.0,0.030303030303030304,0.0,0.0,1.0,0
64.0,12.0,2.0,0.03125,0.1875,1.0,0.0,0.0,1
110.0,14.0,19.0,0.17272727272727273,0.1,0.0,0.0,1.0,1
22.0,5.0,0.0,0.0,0.09090909090909091,0.0,0.0,0.0,0
25.0,4.0,0.0,0.0,0.04,0.0,0.0,0.0,0
2.0,1.0,0.0,0.0,0.5,0.0,0.0,0.0,0
28.0,6.0,0.0,0.0,0.03571428571428571,0.0,0.0,0.0,0
51.0,9.0,0.0,0.0,0.0196078431372549,0.0,0.0,0.0,0
78.0,15.0,4.0,0.05128205128205128,0.02564102564102564,0.0,0.0,0.0,0
28.0,5.0,0.0,0.0,0.0,0.0,0.0,0.0,0
47.0,10.0,0.0,0.0,0.0425531914893617,0.0,0.0,0.0,0
43.0,9.0,0.0,0.0,0.023255813953488372,0.0,0.0,0.0,0
84.0,16.0,0.0,0.0,0.011904761904761904,1.0,0.0,0.0,0
183.0,30.0,22.0,0.12021857923497267,0.0546448087431694,0.0,0.0,0.0,1
25.0,6.0,0.0,0.0,0.12,0.0,0.0,0.0,0
116.0,24.0,0.0,0.0,0.017241379310344827,0.0,0.0,0.0,0
174.0,35.0,0.0,0.0,0.022988505747126436,0.0,0.0,0.0,0
55.0,9.0,0.0,0.0,0.01818181818181818,0.0,0.0,0.0,0
107.0,21.0,0.0,0.0,0.04672897196261682,1.0,0.0,0.0,0
63.0,11.0,0.0,0.0,0.015873015873015872,1.0,0.0,0.0,0
69.0,15.0,0.0,0.0,0.057971014492753624,0.0,0.0,0.0,0
50.0,11.0,3.0,0.06,0.02,0.0,0.0,0.0,0
50.0,12.0,0.0,0.0,0.06,0.0,0.0,0.0,0
69.0,17.0,11.0,0.15942028985507245,0.043478260869565216,0.0,0.0,0.0,0
74.0,15.0,9.0,0.12162162162162163,0.16216216216216217,0.0,0.0,0.0,1
30.0,7.0,0.0,0.0,0.1,0.0,0.0,0.0,0
26.0,6.0,0.0,0.0,0.038461538461538464,0.0,0.0,0.0,0
60.0,11.0,0.0,0.0,0.03333333333333333,0.0,0.0,0.0,0
86.0,19.0,0.0,0.0,0.023255813953488372,0.0,0.0,0.0,0
102.0,19.0,0.0,0.0,0.029411764705882353,0.0,0.0,0.0,0
156.0,31.0,0.0,0.0,0.019230769230769232,0.0,0.0,0.0,0
23.0,4.0,0.0,0.0,0.043478260869565216,1.0,0.0,0.0,0
26.0,5.0,0.0,0.0,0.0,0.0,0.0,0.0,0
38.0,9.0,0.0,0.0,0.02631578947368421,0.0,0.0,0.0,0
29.0,5.0,0.0,0.0,0.034482758620689655,0.0,0.0,0.0,0
27.0,6.0,1.0,0.037037037037037035,0.037037037037037035,0.0,0.0,0.0,0
57.0,7.0,0.0,0.0,0.017543859649122806,0.0,0.0,0.0,0
327.0,63.0,1.0,0.0030581039755351682,0.009174311926605505,4.0,0.0,0.0,0
35.0,7.0,0.0,0.0,0.02857142857142857,0.0,0.0,0.0,0
105.0,24.0,0.0,0.0,0.02857142857142857,0.0,0.0,0.0,0
23.0,4.0,0.0,0.0,0.043478260869565216,0.0,0.0,0.0,0
76.0,15.0,0.0,0.0,0.039473684210526314,0.0,0.0,0.0,0
72.0,15.0,0.0,0.0,0.027777777777777776,0.0,0.0,0.0,0
68.0,12.0,0.0,0.0,0.029411764705882353,0.0,0.0,0.0,0
21.0,5.0,0.0,0.0,0.047619047619047616,0.0,0.0,0.0,0
56.0,12.0,0.0,0.0,0.07142857142857142,0.0,0.0,1.0,0
50.0,11.0,0.0,0.0,0.02,0.0,0.0,0.0,0
141.0,22.0,0.0,0.0,0.02127659574468085,1.0,1.0,1.0,1
84.0,20.0,1.0,0.011904761904761904,0.047619047619047616,2.0,0.0,0.0,0
37.0,7.0,0.0,0.0,0.02702702702702703,0.0,0.0,0.0,0
62.0,9.0,0.0,0.0,0.11290322580645161,0.0,0.0,0.0,0
48.0,11.0,0.0,0.0,0.020833333333333332,0.0,0.0,0.0,0
47.0,10.0,0.0,0.0,0.0425531914893617,0.0,0.0,1.0,0
53.0,11.0,0.0,0.0,0.03773584905660377,0.0,0.0,0.0,0
30.0,7.0,0.0,0.0,0.03333333333333333,0.0,0.0,0.0,0
27.0,6.0,0.0,0.0,0.037037037037037035,0.0,0.0,0.0,0
251.0,44.0,0.0,0.0,0.02390438247011952,0.0,0.0,1.0,0
155.0,27.0,12.0,0.07741935483870968,0.11612903225806452,1.0,0.0,1.0,1
45.0,7.0,0.0,0.0,0.044444444444444446,0.0,0.0,0.0,0
59.0,12.0,0.0,0.0,0.01694915254237288,0.0,0.0,0.0,0
34.0,6.0,0.0,0.0,0.029411764705882353,1.0,0.0,1.0,0
151.0,32.0,0.0,0.0,0.006622516556291391,0.0,0.0,0.0,0
22.0,5.0,0.0,0.0,0.045454545454545456,0.0,0.0,0.0,0
129.0,28.0,0.0,0.0,0.023255813953488372,2.0,0.0,0.0,0
61.0,11.0,0.0,0.0,0.01639344262295082,0.0,0.0,0.0,0
70.0,13.0,0.0,0.0,0.04285714285714286,1.0,0.0,0.0,0
37.0,9.0,3.0,0.08108108108108109,0.05405405405405406,0.0,0.0,0.0,0
65.0,10.0,0.0,0.0,0.03076923076923077,0.0,0.0,0.0,0
112.0,23.0,2.0,0.017857142857142856,0.026785714285714284,3.0,0.0,0.0,0
41.0,8.0,0.0,0.0,0.04878048780487805,1.0,0.0,0.0,0
23.0,4.0,0.0,0.0,0.043478260869565216,0.0,0.0,0.0,0
35.0,7.0,0.0,0.0,0.08571428571428572,0.0,0.0,0.0,0
90.0,15.0,14.0,0.15555555555555556,0.07777777777777778,0.0,0.0,0.0,1
101.0,19.0,0.0,0.0,0.0297029702970297,3.0,0.0,0.0,0
324.0,79.0,1.0,0.0030864197530864196,0.07098765432098765,2.0,0.0,0.0,0
157.0,31.0,0.0,0.0,0.044585987261146494,1.0,0.0,0.0,0
157.0,28.0,18.0,0.11464968152866242,0.1464968152866242,2.0,0.0,3.0,1
114.0,22.0,11.0,0.09649122807017543,0.043859649122807015,1.0,0.0,1.0,1
160.0,30.0,1.0,0.00625,0.0625,5.0,0.0,1.0,0
85.0,17.0,0.0,0.0,0.011764705882352941,0.0,0.0,0.0,0
26.0,5.0,0.0,0.0,0.038461538461538464,0.0,0.0,0.0,0
121.0,25.0,13.0,0.10743801652892562,0.01652892561983471,0.0,0.0,0.0,1
145.0,25.0,18.0,0.12413793103448276,0.15862068965517243,3.0,0.0,1.0,1
37.0,9.0,0.0,0.0,0.05405405405405406,0.0,0.0,1.0,0
53.0,10.0,0.0,0.0,0.05660377358490566,0.0,0.0,1.0,0
63.0,12.0,1.0,0.015873015873015872,0.047619047619047616,1.0,0.0,0.0,1
23.0,6.0,0.0,0.0,0.043478260869565216,0.0,0.0,0.0,0
205.0,41.0,0.0,0.0,0.01951219512195122,0.0,0.0,0.0,0
129.0,18.0,20.0,0.15503875968992248,0.023255813953488372,0.0,0.0,0.0,1
156.0,33.0,7.0,0.04487179487179487,0.08974358974358974,0.0,0.0,0.0,1
156.0,32.0,0.0,0.0,0.038461538461538464,0.0,0.0,1.0,0
82.0,17.0,0.0,0.0,0.036585365853658534,0.0,0.0,0.0,0
74.0,13.0,0.0,0.0,0.013513513513513514,0.0,0.0,0.0,0
30.0,5.0,0.0,0.0,0.03333333333333333,0.0,0.0,0.0,0
51.0,9.0,0.0,0.0,0.0392156862745098,0.0,0.0,0.0,0
54.0,10.0,0.0,0.0,0.018518518518518517,2.0,0.0,0.0,0
59.0,12.0,1.0,0.01694915254237288,0.03389830508474576,1.0,0.0,0.0,0
6.0,1.0,0.0,0.0,1.0,0.0,0.0,0.0,0
159.0,30.0,0.0,0.0,0.025157232704402517,0.0,0.0,0.0,0
30.0,7.0,0.0,0.0,0.03333333333333333,0.0,0.0,0.0,0
45.0,8.0,0.0,0.0,0.044444444444444446,1.0,0.0,0.0,0
155.0,27.0,0.0,0.0,0.03225806451612903,3.0,0.0,0.0,0
71.0,12.0,0.0,0.0,0.028169014084507043,2.0,0.0,0.0,0
157.0,37.0,0.0,0.0,0.03184713375796178,0.0,0.0,0.0,0
49.0,11.0,0.0,0.0,0.04081632653061224,0.0,0.0,0.0,0
95.0,17.0,0.0,0.0,0.021052631578947368,0.0,0.0,0.0,0
125.0,26.0,2.0,0.016,0.048,0.0,0.0,0.0,0
147.0,32.0,4.0,0.027210884353741496,0.047619047619047616,3.0,0.0,1.0,1
126.0,25.0,0.0,0.0,0.031746031746031744,1.0,0.0,0.0,0
46.0,11.0,0.0,0.0,0.043478260869565216,0.0,0.0,0.0,0
89.0,18.0,0.0,0.0,0.011235955056179775,0.0,0.0,0.0,0
53.0,8.0,0.0,0.0,0.1509433962264151,0.0,0.0,0.0,0
54.0,10.0,0.0,0.0,0.037037037037037035,0.0,0.0,0.0,0
78.0,17.0,0.0,0.0,0.038461538461538464,0.0,0.0,0.0,0
154.0,30.0,18.0,0.11688311688311688,0.09090909090909091,3.0,0.0,0.0,1
47.0,9.0,0.0,0.0,0.0425531914893617,0.0,0.0,0.0,0
35.0,9.0,0.0,0.0,0.05714285714285714,0.0,0.0,0.0,0
202.0,40.0,0.0,0.0,0.01485148514851485,0.0,0.0,0.0,0
263.0,54.0,0.0,0.0,0.04182509505703422,4.0,0.0,0.0,0
27.0,6.0,0.0,0.0,0.07407407407407407,1.0,0.0,0.0,0
53.0,9.0,1.0,0.018867924528301886,0.03773584905660377,0.0,0.0,0.0,0
146.0,22.0,35.0,0.23972602739726026,0.17123287671232876,4.0,0.0,0.0,1
159.0,27.0,26.0,0.16352201257861634,0.08176100628930817,1.0,1.0,1.0,1
45.0,10.0,0.0,0.0,0.022222222222222223,1.0,0.0,0.0,0
151.0,32.0,23.0,0.152317880794702,0.31788079470198677,0.0,0.0,1.0,1
32.0,6.0,0.0,0.0,0.03125,0.0,0.0,0.0,0
121.0,25.0,1.0,0.008264462809917356,0.23140495867768596,0.0,0.0,0.0,0
43.0,8.0,0.0,0.0,0.023255813953488372,1.0,0.0,0.0,0
67.0,15.0,0.0,0.0,0.04477611940298507,0.0,0.0,0.0,0
99.0,23.0,0.0,0.0,0.030303030303030304,0.0,0.0,0.0,0
23.0,4.0,0.0,0.0,0.043478260869565216,0.0,0.0,0.0,0
152.0,26.0,21.0,0.13815789473684212,0.1118421052631579,2.0,0.0,0.0,1
33.0,7.0,2.0,0.06060606060606061,0.0,0.0,0.0,0.0,0
45.0,9.0,0.0,0.0,0.022222222222222223,0.0,0.0,0.0,0
27.0,5.0,0.0,0.0,0.037037037037037035,0.0,0.0,0.0,0
84.0,21.0,0.0,0.0,0.011904761904761904,0.0,0.0,1.0,0
82.0,15.0,0.0,0.0,0.012195121951219513,0.0,0.0,0.0,0
138.0,23.0,0.0,0.0,0.036231884057971016,0.0,0.0,0.0,0
156.0,26.0,5.0,0.03205128205128205,0.04487179487179487,0.0,1.0,0.0,1
21.0,4.0,0.0,0.0,0.047619047619047616,0.0,0.0,0.0,0
159.0,29.0,23.0,0.14465408805031446,0.1761006289308176,2.0,0.0,1.0,1
61.0,10.0,0.0,0.0,0.03278688524590164,0.0,0.0,0.0,0
28.0,6.0,0.0,0.0,0.03571428571428571,0.0,0.0,0.0,0
50.0,9.0,0.0,0.0,0.04,1.0,0.0,0.0,0
122.0,23.0,0.0,0.0,0.02459016393442623,0.0,0.0,0.0,0
90.0,19.0,0.0,0.0,0.044444444444444446,0.0,0.0,1.0,0
148.0,27.0,17.0,0.11486486486486487,0.02702702702702703,0.0,0.0,1.0,1
70.0,14.0,0.0,0.0,0.02857142857142857,0.0,0.0,0.0,0
20.0,4.0,0.0,0.0,0.05,0.0,0.0,0.0,0
82.0,18.0,1.0,0.012195121951219513,0.024390243902439025,0.0,0.0,0.0,0
125.0,30.0,4.0,0.032,0.024,0.0,0.0,0.0,0
78.0,10.0,0.0,0.0,0.038461538461538464,0.0,0.0,0.0,0
42.0,9.0,0.0,0.0,0.07142857142857142,0.0,0.0,0.0,0
147.0,29.0,20.0,0.1360544217687075,0.12244897959183673,1.0,0.0,0.0,1
72.0,14.0,0.0,0.0,0.027777777777777776,1.0,0.0,0.0,0
98.0,15.0,1.0,0.01020408163265306,0.05102040816326531,0.0,0.0,0.0,0
85.0,18.0,0.0,0.0,0.03529411764705882,2.0,0.0,0.0,0
32.0,6.0,0.0,0.0,0.03125,0.0,0.0,0.0,0
100.0,15.0,11.0,0.11,0.02,0.0,0.0,0.0,1
133.0,26.0,0.0,0.0,0.045112781954887216,0.0,0.0,1.0,0
33.0,8.0,2.0,0.06060606060606061,0.030303030303030304,1.0,0.0,0.0,0
129.0,29.0,0.0,0.0,0.046511627906976744,0.0,0.0,0.0,0
29.0,4.0,0.0,0.0,0.034482758620689655,0.0,0.0,0.0,0
58.0,12.0,0.0,0.0,0.017241379310344827,0.0,0.0,0.0,0
36.0,10.0,0.0,0.0,0.027777777777777776,0.0,0.0,0.0,0
177.0,38.0,1.0,0.005649717514124294,0.02824858757062147,0.0,0.0,1.0,0
76.0,13.0,0.0,0.0,0.09210526315789473,1.0,0.0,1.0,0
35.0,8.0,0.0,0.0,0.05714285714285714,0.0,0.0,0.0,0
56.0,11.0,0.0,0.0,0.05357142857142857,0.0,0.0,0.0,0
89.0,17.0,0.0,0.0,0.02247191011235955,0.0,0.0,1.0,0
154.0,30.0,2.0,0.012987012987012988,0.03896103896103896,0.0,0.0,0.0,0
26.0,6.0,0.0,0.0,0.038461538461538464,0.0,0.0,0.0,0
34.0,10.0,1.0,0.029411764705882353,0.058823529411764705,0.0,0.0,0.0,0
22.0,5.0,0.0,0.0,0.0,0.0,0.0,0.0,0
116.0,22.0,0.0,0.0,0.02586206896551724,1.0,0.0,0.0,0
47.0,7.0,0.0,0.0,0.02127659574468085,1.0,0.0,0.0,0
135.0,27.0,0.0,0.0,0.02962962962962963,0.0,0.0,0.0,0
89.0,13.0,0.0,0.0,0.1348314606741573,0.0,0.0,0.0,0
56.0,12.0,0.0,0.0,0.05357142857142857,0.0,0.0,0.0,0
24.0,5.0,0.0,0.0,0.7916666666666666,0.0,0.0,0.0,0
89.0,23.0,0.0,0.0,0.7415730337078652,0.0,0.0,1.0,0
59.0,10.0,0.0,0.0,0.05084745762711865,0.0,0.0,0.0,0
37.0,7.0,0.0,0.0,0.02702702702702703,0.0,0.0,0.0,0
156.0,27.0,22.0,0.14102564102564102,0.019230769230769232,0.0,0.0,1.0,1
30.0,6.0,0.0,0.0,0.03333333333333333,0.0,0.0,0.0,0
50.0,6.0,0.0,0.0,0.04,0.0,0.0,0.0,0
40.0,10.0,1.0,0.025,0.05,0.0,0.0,1.0,0
42.0,10.0,0.0,0.0,0.07142857142857142,0.0,0.0,0.0,0
31.0,6.0,0.0,0.0,0.03225806451612903,1.0,0.0,0.0,0
32.0,7.0,0.0,0.0,0.0625,0.0,0.0,0.0,0
158.0,35.0,14.0,0.08860759493670886,0.0949367088607595,0.0,0.0,1.0,1
69.0,15.0,1.0,0.014492753623188406,0.014492753623188406,0.0,0.0,0.0,0
24.0,5.0,0.0,0.0,0.08333333333333333,0.0,0.0,0.0,0
153.0,21.0,36.0,0.23529411764705882,0.10457516339869281,1.0,0.0,1.0,1
68.0,14.0,0.0,0.0,0.029411764705882353,0.0,0.0,0.0,0
101.0,12.0,12.0,0.1188118811881188,0.039603960396039604,0.0,1.0,0.0,1
7.0,1.0,0.0,0.0,0.14285714285714285,0.0,0.0,0.0,0
154.0,28.0,5.0,0.032467532467532464,0.09090909090909091,0.0,0.0,0.0,1
154.0,31.0,0.0,0.0,0.032467532467532464,1.0,0.0,0.0,0
58.0,13.0,0.0,0.0,0.017241379310344827,0.0,0.0,0.0,0
23.0,6.0,0.0,0.0,0.043478260869565216,0.0,0.0,0.0,0
129.0,27.0,0.0,0.0,0.015503875968992248,2.0,0.0,0.0,0
145.0,29.0,0.0,0.0,0.006896551724137931,0.0,0.0,0.0,0
103.0,21.0,12.0,0.11650485436893204,0.1262135922330097,2.0,0.0,0.0,1
61.0,15.0,0.0,0.0,0.04918032786885246,0.0,0.0,0.0,0
36.0,7.0,0.0,0.0,0.1388888888888889,0.0,0.0,0.0,0
41.0,9.0,0.0,0.0,0.024390243902439025,0.0,0.0,0.0,0
140.0,21.0,2.0,0.014285714285714285,0.10714285714285714,1.0,0.0,1.0,1
133.0,25.0,0.0,0.0,0.045112781954887216,0.0,0.0,0.0,0
166.0,22.0,0.0,0.0,0.024096385542168676,1.0,0.0,0.0,0
116.0,22.0,0.0,0.0,0.008620689655172414,0.0,0.0,0.0,0
90.0,18.0,0.0,0.0,0.022222222222222223,0.0,0.0,0.0,0
37.0,9.0,0.0,0.0,0.02702702702702703,0.0,0.0,0.0,0
32.0,7.0,0.0,0.0,0.03125,0.0,0.0,0.0,0
38.0,8.0,0.0,0.0,0.05263157894736842,2.0,0.0,0.0,0
46.0,9.0,0.0,0.0,0.043478260869565216,0.0,0.0,0.0,0
144.0,26.0,0.0,0.0,0.006944444444444444,0.0,0.0,0.0,0
66.0,15.0,1.0,0.015151515151515152,0.045454545454545456,0.0,0.0,1.0,0
18.0,3.0,0.0,0.0,0.1111111111111111,0.0,0.0,0.0,0
89.0,20.0,0.0,0.0,0.033707865168539325,0.0,0.0,0.0,0
156.0,31.0,0.0,0.0,0.03205128205128205,0.0,0.0,0.0,0
26.0,5.0,0.0,0.0,0.07692307692307693,0.0,0.0,0.0,0
141.0,24.0,5.0,0.03546099290780142,0.05673758865248227,1.0,0.0,0.0,0
11.0,2.0,0.0,0.0,0.09090909090909091,0.0,0.0,0.0,0
65.0,13.0,0.0,0.0,0.03076923076923077,0.0,0.0,0.0,0
93.0,18.0,0.0,0.0,0.021505376344086023,0.0,0.0,0.0,0
50.0,10.0,0.0,0.0,0.06,0.0,0.0,0.0,0
51.0,10.0,0.0,0.0,0.0196078431372549,1.0,0.0,0.0,0
21.0,4.0,0.0,0.0,0.047619047619047616,0.0,0.0,0.0,0
38.0,6.0,0.0,0.0,0.02631578947368421,0.0,0.0,0.0,0
60.0,14.0,2.0,0.03333333333333333,0.03333333333333333,0.0,0.0,0.0,0
180.0,35.0,0.0,0.0,0.005555555555555556,1.0,0.0,0.0,0
83.0,18.0,0.0,0.0,0.024096385542168676,0.0,0.0,0.0,0
40.0,3.0,0.0,0.0,0.9,2.0,0.0,1.0,0
51.0,12.0,0.0,0.0,0.0196078431372549,0.0,0.0,0.0,0
131.0,25.0,2.0,0.015267175572519083,0.7404580152671756,2.0,0.0,1.0,0
56.0,11.0,3.0,0.05357142857142857,0.03571428571428571,0.0,0.0,0.0,0
145.0,27.0,0.0,0.0,0.13793103448275862,1.0,0.0,0.0,0
68.0,14.0,1.0,0.014705882352941176,0.029411764705882353,0.0,0.0,0.0,0
96.0,26.0,0.0,0.0,0.09375,5.0,0.0,0.0,0
23.0,5.0,0.0,0.0,0.043478260869565216,0.0,0.0,0.0,0
79.0,19.0,3.0,0.0379746835443038,0.02531645569620253,0.0,0.0,0.0,0
129.0,23.0,3.0,0.023255813953488372,0.09302325581395349,0.0,0.0,0.0,1
23.0,5.0,0.0,0.0,0.08695652173913043,0.0,0.0,0.0,0
30.0,6.0,0.0,0.0,0.03333333333333333,0.0,0.0,0.0,0
27.0,5.0,0.0,0.0,0.037037037037037035,0.0,0.0,0.0,0
25.0,6.0,0.0,0.0,0.08,0.0,0.0,0.0,0
156.0,28.0,16.0,0.10256410256410256,0.1858974358974359,2.0,0.0,0.0,1
39.0,9.0,0.0,0.0,0.07692307692307693,0.0,0.0,0.0,0
85.0,19.0,0.0,0.0,0.03529411764705882,0.0,0.0,0.0,0
17.0,5.0,0.0,0.0,0.058823529411764705,0.0,0.0,0.0,0
48.0,11.0,0.0,0.0,0.020833333333333332,0.0,0.0,1.0,0
41.0,9.0,0.0,0.0,0.04878048780487805,0.0,0.0,0.0,0
47.0,8.0,1.0,0.02127659574468085,0.0425531914893617,0.0,0.0,0.0,1
29.0,5.0,0.0,0.0,0.034482758620689655,0.0,0.0,0.0,0
59.0,12.0,0.0,0.0,0.05084745762711865,0.0,0.0,0.0,0
90.0,16.0,0.0,0.0,0.044444444444444446,0.0,0.0,1.0,0
67.0,13.0,0.0,0.0,0.029850746268656716,1.0,0.0,1.0,0
139.0,24.0,28.0,0.2014388489208633,0.11510791366906475,0.0,0.0,1.0,1
30.0,3.0,5.0,0.16666666666666666,0.3333333333333333,1.0,0.0,0.0,1
75.0,17.0,0.0,0.0,0.013333333333333334,0.0,0.0,0.0,0
25.0,5.0,0.0,0.0,0.08,0.0,0.0,0.0,0
138.0,22.0,13.0,0.09420289855072464,0.17391304347826086,0.0,1.0,0.0,1
25.0,4.0,0.0,0.0,0.04,0.0,0.0,0.0,0
114.0,16.0,18.0,0.15789473684210525,0.07894736842105263,0.0,0.0,0.0,1
85.0,19.0,0.0,0.0,0.023529411764705882,0.0,0.0,0.0,0
62.0,13.0,0.0,0.0,0.016129032258064516,0.0,0.0,0.0,0
25.0,6.0,0.0,0.0,0.08,0.0,0.0,0.0,0
137.0,30.0,2.0,0.014598540145985401,0.10948905109489052,0.0,0.0,0.0,1
85.0,18.0,0.0,0.0,0.023529411764705882,0.0,0.0,0.0,0
31.0,6.0,0.0,0.0,0.06451612903225806,0.0,0.0,0.0,0
43.0,9.0,0.0,0.0,0.046511627906976744,0.0,0.0,0.0,0
32.0,8.0,1.0,0.03125,0.03125,0.0,0.0,0.0,0
153.0,23.0,0.0,0.0,0.0196078431372549,1.0,0.0,0.0,1
48.0,9.0,0.0,0.0,0.0625,0.0,0.0,0.0,0
22.0,5.0,0.0,0.0,0.045454545454545456,0.0,0.0,0.0,0
154.0,29.0,13.0,0.08441558441558442,0.09090909090909091,1.0,0.0,0.0,1
50.0,10.0,1.0,0.02,0.02,0.0,0.0,0.0,0
54.0,11.0,0.0,0.0,0.037037037037037035,0.0,0.0,0.0,0
154.0,27.0,14.0,0.09090909090909091,0.13636363636363635,0.0,0.0,1.0,1
86.0,15.0,0.0,0.0,0.03488372093023256,0.0,0.0,0.0,0
78.0,14.0,0.0,0.0,0.02564102564102564,0.0,0.0,0.0,0
47.0,10.0,0.0,0.0,0.0425531914893617,0.0,0.0,1.0,0
76.0,17.0,0.0,0.0,0.013157894736842105,0.0,0.0,0.0,0
59.0,13.0,0.0,0.0,0.03389830508474576,1.0,0.0,0.0,0
155.0,32.0,7.0,0.04516129032258064,0.04516129032258064,1.0,0.0,0.0,1
106.0,18.0,21.0,0.19811320754716982,0.16981132075471697,1.0,0.0,0.0,1
31.0,6.0,0.0,0.0,0.0967741935483871,0.0,0.0,0.0,0
35.0,7.0,0.0,0.0,0.02857142857142857,0.0,0.0,1.0,0
32.0,7.0,0.0,0.0,0.03125,0.0,0.0,0.0,0
22.0,3.0,0.0,0.0,0.045454545454545456,1.0,0.0,0.0,0
22.0,5.0,0.0,0.0,0.045454545454545456,0.0,0.0,0.0,0
175.0,31.0,21.0,0.12,0.045714285714285714,2.0,0.0,1.0,1
82.0,14.0,0.0,0.0,0.07317073170731707,0.0,0.0,0.0,0
66.0,12.0,0.0,0.0,0.015151515151515152,0.0,0.0,0.0,0
84.0,22.0,0.0,0.0,0.023809523809523808,0.0,0.0,0.0,0
108.0,22.0,0.0,0.0,0.046296296296296294,0.0,0.0,0.0,0
35.0,9.0,0.0,0.0,0.02857142857142857,0.0,0.0,0.0,0
88.0,16.0,0.0,0.0,0.03409090909090909,0.0,0.0,0.0,0
35.0,7.0,0.0,0.0,0.08571428571428572,0.0,0.0,0.0,0
128.0,25.0,0.0,0.0,0.03125,0.0,0.0,0.0,0
73.0,14.0,0.0,0.0,0.0273972602739726,1.0,0.0,0.0,0
34.0,4.0,0.0,0.0,0.029411764705882353,0.0,0.0,0.0,0
11.0,2.0,0.0,0.0,0.09090909090909091,0.0,0.0,0.0,0
134.0,28.0,0.0,0.0,0.014925373134328358,1.0,0.0,0.0,0
43.0,11.0,0.0,0.0,0.046511627906976744,0.0,0.0,0.0,0
26.0,3.0,0.0,0.0,0.038461538461538464,0.0,0.0,0.0,0
37.0,7.0,0.0,0.0,0.02702702702702703,0.0,0.0,0.0,0
89.0,22.0,2.0,0.02247191011235955,0.6853932584269663,1.0,0.0,0.0,0
128.0,27.0,0.0,0.0,0.015625,0.0,0.0,1.0,0
48.0,10.0,0.0,0.0,0.041666666666666664,0.0,0.0,0.0,0
293.0,53.0,1.0,0.0034129692832764505,0.04778156996587031,0.0,0.0,0.0,0
24.0,6.0,0.0,0.0,0.041666666666666664,1.0,0.0,0.0,0
67.0,12.0,1.0,0.014925373134328358,0.04477611940298507,0.0,0.0,0.0,0
35.0,8.0,1.0,0.02857142857142857,0.7142857142857143,2.0,0.0,0.0,0
149.0,31.0,0.0,0.0,0.026845637583892617,1.0,0.0,0.0,0
67.0,12.0,3.0,0.04477611940298507,0.029850746268656716,0.0,0.0,0.0,0
160.0,39.0,3.0,0.01875,0.01875,0.0,0.0,1.0,0
160.0,40.0,2.0,0.0125,0.025,0.0,0.0,0.0,0
40.0,6.0,0.0,0.0,0.025,0.0,0.0,0.0,0
108.0,18.0,1.0,0.009259259259259259,0.027777777777777776,1.0,0.0,0.0,0
125.0,25.0,8.0,0.064,0.112,2.0,0.0,1.0,1
38.0,9.0,0.0,0.0,0.02631578947368421,0.0,0.0,0.0,0
76.0,12.0,0.0,0.0,0.02631578947368421,0.0,0.0,0.0,0
133.0,28.0,0.0,0.0,0.022556390977443608,0.0,0.0,0.0,0
47.0,9.0,1.0,0.02127659574468085,0.0425531914893617,0.0,0.0,1.0,0
87.0,20.0,0.0,0.0,0.011494252873563218,0.0,0.0,0.0,0
23.0,5.0,0.0,0.0,0.043478260869565216,0.0,0.0,0.0,0
44.0,8.0,0.0,0.0,0.022727272727272728,0.0,0.0,0.0,0
63.0,12.0,0.0,0.0,0.047619047619047616,0.0,0.0,0.0,0
24.0,5.0,0.0,0.0,0.08333333333333333,0.0,0.0,0.0,0
37.0,6.0,0.0,0.0,0.02702702702702703,0.0,0.0,0.0,0
71.0,12.0,0.0,0.0,0.028169014084507043,1.0,0.0,0.0,1
67.0,15.0,0.0,0.0,0.014925373134328358,0.0,0.0,0.0,0
175.0,29.0,13.0,0.07428571428571429,0.13714285714285715,0.0,0.0,2.0,1
77.0,17.0,0.0,0.0,0.05194805194805195,1.0,0.0,0.0,0
83.0,17.0,0.0,0.0,0.04819277108433735,1.0,0.0,0.0,0
154.0,32.0,0.0,0.0,0.01948051948051948,0.0,0.0,0.0,0
35.0,7.0,0.0,0.0,0.2571428571428571,0.0,0.0,0.0,0
62.0,11.0,0.0,0.0,0.06451612903225806,0.0,0.0,0.0,0
83.0,15.0,0.0,0.0,0.03614457831325301,0.0,0.0,0.0,0
116.0,24.0,0.0,0.0,0.034482758620689655,4.0,0.0,0.0,0
140.0,35.0,1.0,0.007142857142857143,0.02142857142857143,0.0,0.0,0.0,0
51.0,10.0,0.0,0.0,0.0196078431372549,0.0,0.0,0.0,0
160.0,30.0,23.0,0.14375,0.1,2.0,0.0,2.0,1
38.0,5.0,0.0,0.0,0.02631578947368421,0.0,0.0,0.0,0
115.0,20.0,8.0,0.06956521739130435,0.043478260869565216,2.0,0.0,2.0,1
158.0,38.0,0.0,0.0,0.05063291139240506,3.0,0.0,0.0,0
28.0,5.0,0.0,0.0,0.07142857142857142,0.0,0.0,0.0,0
163.0,28.0,29.0,0.17791411042944785,0.6073619631901841,0.0,0.0,1.0,1
73.0,11.0,0.0,0.0,0.0136986301369863,0.0,0.0,0.0,0
101.0,19.0,23.0,0.22772277227722773,0.2871287128712871,0.0,0.0,1.0,1
75.0,15.0,0.0,0.0,0.04,0.0,0.0,0.0,0
167.0,35.0,0.0,0.0,0.017964071856287425,0.0,0.0,1.0,0
34.0,7.0,0.0,0.0,0.058823529411764705,0.0,0.0,0.0,0
166.0,32.0,0.0,0.0,0.03614457831325301,0.0,0.0,1.0,0
126.0,21.0,24.0,0.19047619047619047,0.023809523809523808,0.0,0.0,0.0,1
91.0,18.0,1.0,0.01098901098901099,0.03296703296703297,0.0,0.0,0.0,0
62.0,13.0,0.0,0.0,0.03225806451612903,1.0,0.0,0.0,0
24.0,6.0,0.0,0.0,0.041666666666666664,0.0,0.0,0.0,0
245.0,45.0,0.0,0.0,0.061224489795918366,0.0,0.0,0.0,0
193.0,32.0,0.0,0.0,0.010362694300518135,0.0,0.0,1.0,0
52.0,10.0,0.0,0.0,0.019230769230769232,0.0,0.0,0.0,0
58.0,12.0,0.0,0.0,0.034482758620689655,0.0,0.0,0.0,0
68.0,13.0,0.0,0.0,0.04411764705882353,0.0,0.0,0.0,0
87.0,16.0,0.0,0.0,0.034482758620689655,2.0,0.0,0.0,0
159.0,23.0,15.0,0.09433962264150944,0.1320754716981132,0.0,1.0,0.0,1
152.0,28.0,0.0,0.0,0.039473684210526314,2.0,0.0,0.0,0
48.0,12.0,1.0,0.020833333333333332,0.020833333333333332,0.0,0.0,0.0,0
159.0,37.0,6.0,0.03773584905660377,0.6729559748427673,2.0,0.0,0.0,0
26.0,5.0,0.0,0.0,0.038461538461538464,0.0,0.0,0.0,0
22.0,6.0,0.0,0.0,0.045454545454545456,0.0,0.0,0.0,0
55.0,12.0,0.0,0.0,0.03636363636363636,0.0,0.0,1.0,0
40.0,9.0,3.0,0.075,0.05,0.0,0.0,0.0,0
49.0,11.0,0.0,0.0,0.061224489795918366,0.0,0.0,0.0,0
75.0,14.0,0.0,0.0,0.02666666666666667,0.0,0.0,0.0,0
113.0,25.0,0.0,0.0,0.02654867256637168,1.0,0.0,1.0,0
70.0,15.0,0.0,0.0,0.014285714285714285,0.0,0.0,0.0,0
152.0,25.0,28.0,0.18421052631578946,0.07894736842105263,2.0,0.0,0.0,1
25.0,5.0,0.0,0.0,0.08,0.0,0.0,0.0,0
20.0,5.0,0.0,0.0,0.05,0.0,0.0,1.0,0
23.0,4.0,0.0,0.0,0.08695652173913043,0.0,0.0,0.0,0
61.0,14.0,0.0,0.0,0.01639344262295082,0.0,0.0,1.0,0
25.0,6.0,0.0,0.0,0.08,0.0,0.0,0.0,0
15.0,3.0,0.0,0.0,0.06666666666666667,0.0,0.0,0.0,0
126.0,26.0,0.0,0.0,0.023809523809523808,0.0,0.0,0.0,0
42.0,10.0,0.0,0.0,0.047619047619047616,0.0,0.0,1.0,0
158.0,27.0,18.0,0.11392405063291139,0.13924050632911392,2.0,0.0,3.0,1
11.0,1.0,0.0,0.0,0.09090909090909091,0.0,0.0,0.0,0
101.0,13.0,4.0,0.039603960396039604,0.10891089108910891,0.0,0.0,0.0,1
45.0,10.0,0.0,0.0,0.044444444444444446,1.0,0.0,0.0,0
173.0,27.0,24.0,0.13872832369942195,0.05202312138728324,0.0,0.0,0.0,1
107.0,25.0,2.0,0.018691588785046728,0.037383177570093455,0.0,0.0,0.0,0
85.0,19.0,1.0,0.011764705882352941,0.023529411764705882,0.0,0.0,0.0,0
39.0,9.0,0.0,0.0,0.05128205128205128,0.0,0.0,0.0,0
101.0,18.0,0.0,0.0,0.019801980198019802,2.0,0.0,0.0,0
37.0,6.0,0.0,0.0,0.05405405405405406,0.0,0.0,0.0,0
44.0,8.0,0.0,0.0,0.022727272727272728,0.0,0.0,0.0,0
42.0,8.0,0.0,0.0,0.047619047619047616,0.0,0.0,0.0,0
25.0,6.0,0.0,0.0,0.48,0.0,0.0,0.0,0
77.0,18.0,1.0,0.012987012987012988,0.025974025974025976,0.0,0.0,0.0,0
35.0,7.0,0.0,0.0,0.05714285714285714,0.0,0.0,1.0,0
152.0,30.0,2.0,0.013157894736842105,0.13157894736842105,0.0,1.0,0.0,1
61.0,11.0,0.0,0.0,0.03278688524590164,0.0,0.0,0.0,0
46.0,8.0,0.0,0.0,0.021739130434782608,0.0,0.0,0.0,0
80.0,19.0,1.0,0.0125,0.025,0.0,0.0,0.0,0
64.0,11.0,0.0,0.0,0.046875,0.0,0.0,0.0,0
65.0,13.0,1.0,0.015384615384615385,0.03076923076923077,0.0,0.0,0.0,0
130.0,28.0,1.0,0.007692307692307693,0.015384615384615385,0.0,0.0,0.0,0
42.0,7.0,0.0,0.0,0.023809523809523808,0.0,0.0,0.0,0
180.0,33.0,1.0,0.005555555555555556,0.08888888888888889,0.0,0.0,0.0,0
139.0,30.0,17.0,0.1223021582733813,0.03597122302158273,1.0,0.0,0.0,1
183.0,28.0,14.0,0.07650273224043716,0.0273224043715847,4.0,0.0,0.0,0
156.0,29.0,7.0,0.04487179487179487,0.07692307692307693,2.0,0.0,0.0,1
136.0,28.0,0.0,0.0,0.03676470588235294,1.0,0.0,0.0,0
177.0,27.0,32.0,0.1807909604519774,0.15254237288135594,3.0,0.0,0.0,1
169.0,30.0,0.0,0.0,0.011834319526627219,0.0,0.0,0.0,0
57.0,12.0,1.0,0.017543859649122806,0.017543859649122806,0.0,0.0,0.0,0
25.0,5.0,0.0,0.0,0.04,0.0,0.0,0.0,0
62.0,12.0,0.0,0.0,0.03225806451612903,0.0,0.0,0.0,0
66.0,14.0,0.0,0.0,0.030303030303030304,0.0,0.0,0.0,0
27.0,5.0,0.0,0.0,0.037037037037037035,0.0,0.0,0.0,0
29.0,8.0,0.0,0.0,0.06896551724137931,0.0,0.0,0.0,0
24.0,4.0,0.0,0.0,0.041666666666666664,0.0,0.0,0.0,0
73.0,17.0,0.0,0.0,0.0136986301369863,0.0,0.0,0.0,0
105.0,17.0,5.0,0.047619047619047616,0.06666666666666667,0.0,0.0,0.0,1
66.0,15.0,0.0,0.0,0.015151515151515152,0.0,0.0,0.0,0
143.0,24.0,0.0,0.0,0.027972027972027972,0.0,0.0,0.0,0
136.0,22.0,21.0,0.15441176470588236,0.15441176470588236,2.0,0.0,3.0,1
151.0,26.0,5.0,0.033112582781456956,0.019867549668874173,0.0,0.0,0.0,0
156.0,29.0,0.0,0.0,0.02564102564102564,1.0,0.0,0.0,0
139.0,29.0,1.0,0.007194244604316547,0.02158273381294964,0.0,0.0,0.0,0
22.0,2.0,0.0,0.0,0.045454545454545456,0.0,0.0,0.0,0
24.0,4.0,0.0,0.0,0.041666666666666664,1.0,0.0,0.0,0
18.0,4.0,0.0,0.0,0.7777777777777778,0.0,0.0,0.0,0
32.0,5.0,0.0,0.0,0.03125,0.0,0.0,0.0,0
103.0,20.0,1.0,0.009708737864077669,0.019417475728155338,0.0,0.0,0.0,0
140.0,27.0,0.0,0.0,0.02142857142857143,1.0,0.0,1.0,0
36.0,7.0,0.0,0.0,0.08333333333333333,0.0,0.0,1.0,0
47.0,8.0,0.0,0.0,0.02127659574468085,0.0,0.0,0.0,0
60.0,14.0,0.0,0.0,0.08333333333333333,5.0,0.0,0.0,0
66.0,14.0,0.0,0.0,0.045454545454545456,0.0,0.0,0.0,0
154.0,25.0,35.0,0.22727272727272727,0.14285714285714285,4.0,0.0,2.0,1
19.0,4.0,0.0,0.0,0.05263157894736842,0.0,0.0,0.0,0
71.0,14.0,0.0,0.0,0.04225352112676056,0.0,0.0,0.0,0
39.0,4.0,0.0,0.0,0.02564102564102564,0.0,0.0,0.0,0
47.0,9.0,0.0,0.0,0.06382978723404255,0.0,0.0,0.0,0
51.0,8.0,0.0,0.0,0.0392156862745098,0.0,0.0,0.0,0
154.0,37.0,0.0,0.0,0.03896103896103896,2.0,0.0,1.0,0
32.0,4.0,0.0,0.0,0.03125,0.0,0.0,0.0,0
133.0,30.0,2.0,0.015037593984962405,0.03007518796992481,0.0,0.0,1.0,0
87.0,17.0,0.0,0.0,0.011494252873563218,0.0,0.0,0.0,0
159.0,33.0,1.0,0.006289308176100629,0.012578616352201259,1.0,0.0,0.0,0
102.0,13.0,0.0,0.0,0.00980392156862745,0.0,0.0,0.0,0
37.0,7.0,0.0,0.0,0.02702702702702703,0.0,0.0,0.0,0
73.0,13.0,0.0,0.0,0.0273972602739726,0.0,0.0,0.0,0
22.0,5.0,0.0,0.0,0.045454545454545456,0.0,0.0,0.0,0
28.0,6.0,0.0,0.0,0.03571428571428571,0.0,0.0,0.0,0
41.0,7.0,0.0,0.0,0.024390243902439025,0.0,0.0,1.0,0
173.0,30.0,33.0,0.1907514450867052,0.046242774566473986,0.0,0.0,0.0,1
100.0,20.0,1.0,0.01,0.03,2.0,0.0,1.0,0
155.0,36.0,0.0,0.0,0.03225806451612903,0.0,0.0,0.0,0
60.0,13.0,0.0,0.0,0.016666666666666666,0.0,0.0,0.0,0
135.0,25.0,0.0,0.0,0.007407407407407408,0.0,0.0,0.0,1
35.0,6.0,0.0,0.0,0.05714285714285714,0.0,0.0,0.0,0
57.0,13.0,0.0,0.0,0.017543859649122806,0.0,0.0,0.0,0
146.0,24.0,24.0,0.1643835616438356,0.06164383561643835,0.0,0.0,0.0,1
44.0,10.0,0.0,0.0,0.06818181818181818,1.0,0.0,1.0,0
133.0,27.0,0.0,0.0,0.015037593984962405,0.0,0.0,1.0,0
50.0,12.0,1.0,0.02,0.02,0.0,0.0,0.0,0
73.0,14.0,0.0,0.0,0.0136986301369863,0.0,0.0,0.0,0
28.0,6.0,0.0,0.0,0.03571428571428571,0.0,0.0,0.0,0
23.0,5.0,0.0,0.0,0.043478260869565216,0.0,0.0,0.0,0
95.0,19.0,4.0,0.042105263157894736,0.031578947368421054,3.0,0.0,0.0,0
55.0,12.0,1.0,0.01818181818181818,0.01818181818181818,0.0,0.0,0.0,0
158.0,32.0,21.0,0.13291139240506328,0.12658227848101267,1.0,0.0,1.0,1
48.0,7.0,0.0,0.0,0.020833333333333332,0.0,0.0,1.0,0
44.0,9.0,1.0,0.022727272727272728,0.022727272727272728,0.0,0.0,0.0,0
22.0,3.0,0.0,0.0,0.09090909090909091,0.0,0.0,0.0,0
108.0,20.0,0.0,0.0,0.018518518518518517,0.0,0.0,0.0,0
134.0,24.0,5.0,0.03731343283582089,0.06716417910447761,2.0,0.0,0.0,1
82.0,18.0,0.0,0.0,0.012195121951219513,0.0,0.0,0.0,0
32.0,4.0,0.0,0.0,0.03125,0.0,0.0,0.0,0
83.0,17.0,0.0,0.0,0.04819277108433735,2.0,0.0,1.0,0
95.0,20.0,0.0,0.0,0.031578947368421054,0.0,0.0,1.0,0
156.0,23.0,18.0,0.11538461538461539,0.16666666666666666,3.0,0.0,1.0,1
23.0,5.0,0.0,0.0,0.043478260869565216,0.0,0.0,0.0,0
123.0,25.0,2.0,0.016260162601626018,0.04065040650406504,0.0,0.0,0.0,0
41.0,9.0,0.0,0.0,0.04878048780487805,0.0,0.0,0.0,0
40.0,7.0,0.0,0.0,0.025,0.0,0.0,0.0,0
126.0,19.0,24.0,0.19047619047619047,0.07936507936507936,1.0,1.0,0.0,1
158.0,27.0,23.0,0.14556962025316456,0.16455696202531644,4.0,0.0,2.0,1
157.0,29.0,1.0,0.006369426751592357,0.006369426751592357,0.0,0.0,0.0,0
138.0,34.0,1.0,0.007246376811594203,0.6811594202898551,3.0,0.0,0.0,0
37.0,7.0,0.0,0.0,0.08108108108108109,0.0,0.0,0.0,0
86.0,16.0,0.0,0.0,0.03488372093023256,3.0,0.0,0.0,0
26.0,6.0,0.0,0.0,0.7692307692307693,0.0,0.0,0.0,0
42.0,7.0,0.0,0.0,0.047619047619047616,0.0,0.0,0.0,0
46.0,9.0,0.0,0.0,0.021739130434782608,0.0,0.0,0.0,0
256.0,44.0,0.0,0.0,0.06640625,1.0,0.0,0.0,0
140.0,28.0,0.0,0.0,0.014285714285714285,0.0,0.0,0.0,0
136.0,25.0,0.0,0.0,0.007352941176470588,0.0,0.0,0.0,0
128.0,22.0,0.0,0.0,0.0078125,0.0,0.0,0.0,0
81.0,16.0,2.0,0.024691358024691357,0.024691358024691357,0.0,0.0,0.0,0
38.0,9.0,0.0,0.0,0.02631578947368421,0.0,0.0,0.0,0
147.0,31.0,15.0,0.10204081632653061,0.14285714285714285,2.0,0.0,1.0,1
151.0,27.0,22.0,0.1456953642384106,0.013245033112582781,1.0,0.0,2.0,1
31.0,7.0,0.0,0.0,0.03225806451612903,0.0,0.0,0.0,0
45.0,8.0,0.0,0.0,0.044444444444444446,0.0,0.0,0.0,0
77.0,15.0,0.0,0.0,0.05194805194805195,0.0,0.0,1.0,0
54.0,11.0,1.0,0.018518518518518517,0.037037037037037035,0.0,0.0,0.0,0
144.0,20.0,34.0,0.2361111111111111,0.1111111111111111,1.0,0.0,1.0,1
33.0,5.0,0.0,0.0,0.030303030303030304,0.0,0.0,0.0,0
30.0,6.0,0.0,0.0,0.06666666666666667,0.0,0.0,0.0,0
29.0,6.0,0.0,0.0,0.034482758620689655,0.0,0.0,0.0,0
92.0,16.0,0.0,0.0,0.021739130434782608,0.0,0.0,0.0,0
68.0,14.0,0.0,0.0,0.029411764705882353,0.0,0.0,0.0,0
36.0,8.0,9.0,0.25,0.08333333333333333,0.0,0.0,0.0,0
46.0,9.0,1.0,0.021739130434782608,0.021739130434782608,0.0,0.0,0.0,0
158.0,29.0,19.0,0.12025316455696203,0.11392405063291139,1.0,1.0,0.0,1
49.0,10.0,0.0,0.0,0.04081632653061224,0.0,0.0,0.0,0
61.0,13.0,0.0,0.0,0.03278688524590164,0.0,0.0,0.0,0
31.0,7.0,0.0,0.0,0.06451612903225806,0.0,0.0,0.0,0
320.0,43.0,10.0,0.03125,0.034375,4.0,0.0,0.0,0
116.0,29.0,0.0,0.0,0.017241379310344827,0.0,0.0,0.0,0
56.0,15.0,1.0,0.017857142857142856,0.6964285714285714,0.0,0.0,0.0,0
29.0,6.0,0.0,0.0,0.034482758620689655,0.0,0.0,0.0,0
27.0,6.0,0.0,0.0,0.037037037037037035,0.0,0.0,0.0,0
41.0,8.0,0.0,0.0,0.024390243902439025,0.0,0.0,0.0,0
26.0,5.0,0.0,0.0,0.038461538461538464,0.0,0.0,0.0,0
28.0,6.0,0.0,0.0,0.07142857142857142,0.0,0.0,0.0,0
95.0,17.0,0.0,0.0,0.07368421052631578,0.0,0.0,0.0,0
103.0,20.0,1.0,0.009708737864077669,0.038834951456310676,0.0,0.0,0.0,0
96.0,19.0,0.0,0.0,0.010416666666666666,0.0,0.0,0.0,0
137.0,23.0,25.0,0.18248175182481752,0.014598540145985401,1.0,0.0,0.0,1
77.0,17.0,0.0,0.0,0.03896103896103896,0.0,0.0,0.0,0
52.0,11.0,0.0,0.0,0.038461538461538464,0.0,0.0,0.0,0
85.0,19.0,2.0,0.023529411764705882,0.047058823529411764,2.0,0.0,0.0,0
40.0,6.0,0.0,0.0,0.025,0.0,0.0,0.0,0
33.0,7.0,0.0,0.0,0.06060606060606061,1.0,0.0,0.0,0
53.0,10.0,0.0,0.0,0.018867924528301886,0.0,0.0,0.0,0
151.0,29.0,22.0,0.1456953642384106,0.006622516556291391,1.0,0.0,2.0,1
35.0,10.0,1.0,0.02857142857142857,0.02857142857142857,0.0,0.0,0.0,0
25.0,6.0,0.0,0.0,0.04,0.0,0.0,0.0,0
138.0,22.0,1.0,0.007246376811594203,0.2608695652173913,0.0,0.0,0.0,0
87.0,19.0,0.0,0.0,0.04597701149425287,0.0,0.0,0.0,0
122.0,23.0,0.0,0.0,0.02459016393442623,0.0,0.0,0.0,0
35.0,7.0,0.0,0.0,0.02857142857142857,0.0,0.0,0.0,0
15.0,3.0,0.0,0.0,0.06666666666666667,0.0,0.0,0.0,0
40.0,6.0,0.0,0.0,0.025,0.0,0.0,0.0,0
105.0,25.0,0.0,0.0,0.0380952380952381,0.0,0.0,0.0,0
149.0,32.0,0.0,0.0,0.020134228187919462,0.0,0.0,1.0,0
119.0,20.0,21.0,0.17647058823529413,0.1092436974789916,3.0,0.0,2.0,1
22.0,5.0,0.0,0.0,0.045454545454545456,0.0,0.0,0.0,0
104.0,22.0,0.0,0.0,0.028846153846153848,0.0,0.0,0.0,0
162.0,29.0,19.0,0.11728395061728394,0.1111111111111111,1.0,1.0,0.0,1
27.0,6.0,0.0,0.0,0.037037037037037035,0.0,0.0,0.0,0
52.0,11.0,0.0,0.0,0.019230769230769232,0.0,0.0,0.0,0
33.0,6.0,0.0,0.0,0.06060606060606061,0.0,0.0,0.0,0
28.0,5.0,0.0,0.0,0.03571428571428571,0.0,0.0,0.0,0
160.0,31.0,0.0,0.0,0.01875,0.0,0.0,0.0,0
155.0,24.0,18.0,0.11612903225806452,0.025806451612903226,1.0,0.0,0.0,1
66.0,12.0,0.0,0.0,0.030303030303030304,1.0,0.0,0.0,0
245.0,56.0,0.0,0.0,0.02040816326530612,0.0,0.0,0.0,0
135.0,20.0,26.0,0.1925925925925926,0.16296296296296298,3.0,0.0,1.0,1
87.0,20.0,4.0,0.04597701149425287,0.034482758620689655,0.0,0.0,0.0,0
50.0,10.0,0.0,0.0,0.02,0.0,0.0,0.0,0
72.0,14.0,0.0,0.0,0.05555555555555555,0.0,0.0,1.0,0
140.0,28.0,0.0,0.0,0.014285714285714285,0.0,0.0,0.0,0
22.0,4.0,0.0,0.0,0.09090909090909091,0.0,0.0,0.0,0
34.0,6.0,0.0,0.0,0.058823529411764705,1.0,0.0,0.0,0
22.0,5.0,0.0,0.0,0.045454545454545456,0.0,0.0,0.0,0
28.0,6.0,0.0,0.0,0.03571428571428571,0.0,0.0,0.0,0
157.0,32.0,3.0,0.01910828025477707,0.050955414012738856,1.0,0.0,1.0,1
63.0,12.0,0.0,0.0,0.047619047619047616,0.0,0.0,0.0,0
144.0,33.0,4.0,0.027777777777777776,0.2916666666666667,1.0,0.0,0.0,1
37.0,9.0,0.0,0.0,0.02702702702702703,0.0,0.0,0.0,0
54.0,11.0,0.0,0.0,0.05555555555555555,0.0,0.0,0.0,0
185.0,38.0,0.0,0.0,0.02702702702702703,0.0,0.0,0.0,0
23.0,4.0,0.0,0.0,0.043478260869565216,1.0,0.0,0.0,0
37.0,5.0,16.0,0.43243243243243246,0.02702702702702703,0.0,0.0,0.0,1
26.0,5.0,0.0,0.0,0.07692307692307693,1.0,0.0,0.0,0
137.0,28.0,0.0,0.0,0.029197080291970802,0.0,0.0,1.0,0
159.0,28.0,2.0,0.012578616352201259,0.12578616352201258,1.0,0.0,0.0,1
146.0,23.0,8.0,0.0547945205479452,0.13013698630136986,2.0,1.0,0.0,1
38.0,7.0,0.0,0.0,0.05263157894736842,1.0,0.0,0.0,0
135.0,26.0,0.0,0.0,0.02962962962962963,0.0,0.0,0.0,0
35.0,7.0,0.0,0.0,0.02857142857142857,1.0,0.0,0.0,0
88.0,16.0,0.0,0.0,0.011363636363636364,1.0,0.0,0.0,0
147.0,28.0,5.0,0.034013605442176874,0.09523809523809523,0.0,0.0,0.0,1
23.0,3.0,0.0,0.0,0.043478260869565216,0.0,0.0,1.0,0
146.0,25.0,18.0,0.1232876712328767,0.1643835616438356,3.0,0.0,1.0,1
25.0,5.0,0.0,0.0,0.04,0.0,0.0,0.0,0
45.0,9.0,0.0,0.0,0.044444444444444446,0.0,0.0,0.0,0
26.0,4.0,0.0,0.0,0.038461538461538464,0.0,0.0,0.0,0
40.0,8.0,0.0,0.0,0.275,0.0,0.0,0.0,1
70.0,15.0,0.0,0.0,0.04285714285714286,0.0,0.0,0.0,0
27.0,4.0,0.0,0.0,0.037037037037037035,0.0,0.0,0.0,0
26.0,4.0,0.0,0.0,0.038461538461538464,0.0,0.0,0.0,0
147.0,34.0,3.0,0.02040816326530612,0.04081632653061224,2.0,0.0,0.0,0
29.0,5.0,0.0,0.0,0.034482758620689655,0.0,0.0,0.0,0
141.0,22.0,13.0,0.09219858156028368,0.04964539007092199,2.0,0.0,1.0,1
165.0,27.0,0.0,0.0,0.048484848484848485,0.0,0.0,0.0,0
39.0,10.0,0.0,0.0,0.05128205128205128,0.0,0.0,0.0,0
46.0,7.0,0.0,0.0,0.021739130434782608,0.0,0.0,0.0,0
22.0,5.0,0.0,0.0,0.045454545454545456,0.0,0.0,0.0,0
57.0,13.0,0.0,0.0,0.017543859649122806,0.0,0.0,0.0,0
92.0,18.0,1.0,0.010869565217391304,0.010869565217391304,0.0,0.0,0.0,0
156.0,27.0,18.0,0.11538461538461539,0.14743589743589744,2.0,0.0,3.0,1
51.0,11.0,0.0,0.0,0.0392156862745098,0.0,0.0,0.0,0
32.0,6.0,1.0,0.03125,0.03125,0.0,0.0,0.0,0
210.0,43.0,0.0,0.0,0.014285714285714285,0.0,0.0,1.0,0
153.0,38.0,4.0,0.026143790849673203,0.0457516339869281,0.0,0.0,0.0,0
140.0,29.0,12.0,0.08571428571428572,0.19285714285714287,0.0,0.0,0.0,1
51.0,15.0,1.0,0.0196078431372549,0.0392156862745098,0.0,0.0,1.0,0
22.0,5.0,0.0,0.0,0.045454545454545456,0.0,0.0,0.0,0
139.0,26.0,0.0,0.0,0.014388489208633094,0.0,0.0,0.0,1
46.0,9.0,0.0,0.0,0.021739130434782608,0.0,0.0,0.0,0
611.0,103.0,4.0,0.006546644844517185,0.04582651391162029,18.0,0.0,0.0,0
69.0,13.0,0.0,0.0,0.028985507246376812,0.0,0.0,0.0,0
23.0,5.0,0.0,0.0,0.043478260869565216,0.0,0.0,0.0,0
104.0,22.0,0.0,0.0,0.038461538461538464,1.0,0.0,1.0,0
64.0,13.0,0.0,0.0,0.015625,0.0,0.0,0.0,0
43.0,10.0,0.0,0.0,0.046511627906976744,0.0,0.0,0.0,0
49.0,8.0,0.0,0.0,0.04081632653061224,0.0,0.0,0.0,0
22.0,5.0,0.0,0.0,0.045454545454545456,0.0,0.0,0.0,0
33.0,5.0,0.0,0.0,0.06060606060606061,0.0,0.0,0.0,0
50.0,8.0,0.0,0.0,0.02,0.0,0.0,0.0,0
35.0,6.0,0.0,0.0,0.02857142857142857,1.0,0.0,0.0,0
40.0,10.0,1.0,0.025,0.025,0.0,0.0,1.0,0
139.0,29.0,20.0,0.14388489208633093,0.16546762589928057,1.0,0.0,0.0,1
26.0,5.0,0.0,0.0,0.0,1.0,0.0,0.0,0
178.0,38.0,0.0,0.0,0.028089887640449437,1.0,0.0,1.0,0
64.0,13.0,0.0,0.0,0.03125,0.0,0.0,0.0,0
79.0,18.0,0.0,0.0,0.012658227848101266,0.0,0.0,0.0,0
43.0,10.0,0.0,0.0,0.046511627906976744,0.0,0.0,0.0,0
61.0,14.0,0.0,0.0,0.01639344262295082,1.0,0.0,0.0,0
62.0,13.0,0.0,0.0,0.06451612903225806,1.0,0.0,0.0,0
112.0,22.0,0.0,0.0,0.03571428571428571,0.0,0.0,0.0,0
126.0,20.0,0.0,0.0,0.031746031746031744,0.0,0.0,0.0,0
67.0,13.0,0.0,0.0,0.014925373134328358,0.0,0.0,0.0,0
130.0,25.0,19.0,0.14615384615384616,0.023076923076923078,2.0,0.0,1.0,1
85.0,15.0,0.0,0.0,0.011764705882352941,0.0,0.0,0.0,0
62.0,13.0,0.0,0.0,0.03225806451612903,0.0,0.0,0.0,0
24.0,4.0,0.0,0.0,0.041666666666666664,0.0,0.0,0.0,0
29.0,6.0,0.0,0.0,0.06896551724137931,0.0,0.0,0.0,0
68.0,15.0,0.0,0.0,0.014705882352941176,0.0,0.0,0.0,0
281.0,62.0,0.0,0.0,0.05693950177935943,4.0,0.0,0.0,0
158.0,27.0,29.0,0.18354430379746836,0.189873417721519,2.0,0.0,1.0,1
29.0,6.0,1.0,0.034482758620689655,0.034482758620689655,0.0,0.0,0.0,0
49.0,10.0,0.0,0.0,0.02040816326530612,0.0,0.0,0.0,0
145.0,23.0,5.0,0.034482758620689655,0.12413793103448276,1.0,1.0,0.0,1
138.0,25.0,18.0,0.13043478260869565,0.13043478260869565,1.0,0.0,1.0,1
27.0,6.0,0.0,0.0,0.07407407407407407,0.0,0.0,0.0,0
45.0,10.0,0.0,0.0,0.022222222222222223,0.0,0.0,0.0,0
113.0,17.0,0.0,0.0,0.008849557522123894,0.0,0.0,0.0,0
61.0,14.0,0.0,0.0,0.03278688524590164,0.0,0.0,0.0,0
65.0,14.0,1.0,0.015384615384615385,0.03076923076923077,0.0,0.0,0.0,0
56.0,11.0,0.0,0.0,0.03571428571428571,0.0,0.0,0.0,0
35.0,7.0,0.0,0.0,0.05714285714285714,0.0,0.0,0.0,0
149.0,27.0,3.0,0.020134228187919462,0.0738255033557047,1.0,0.0,1.0,1
139.0,27.0,1.0,0.007194244604316547,0.02877697841726619,2.0,0.0,0.0,0
100.0,18.0,0.0,0.0,0.02,0.0,0.0,0.0,0
31.0,7.0,0.0,0.0,0.03225806451612903,0.0,0.0,0.0,0
67.0,15.0,0.0,0.0,0.014925373134328358,0.0,0.0,0.0,0
42.0,6.0,0.0,0.0,0.047619047619047616,1.0,0.0,0.0,0
45.0,7.0,0.0,0.0,0.022222222222222223,0.0,0.0,0.0,0
30.0,6.0,0.0,0.0,0.03333333333333333,0.0,0.0,0.0,0
67.0,14.0,0.0,0.0,0.04477611940298507,0.0,0.0,0.0,0
108.0,22.0,0.0,0.0,0.009259259259259259,1.0,0.0,0.0,0
158.0,34.0,0.0,0.0,0.0189873417721519,0.0,0.0,0.0,0
46.0,9.0,0.0,0.0,0.021739130434782608,0.0,0.0,0.0,0
40.0,8.0,0.0,0.0,0.025,0.0,0.0,0.0,0
159.0,29.0,14.0,0.0880503144654088,0.05660377358490566,0.0,0.0,0.0,1
158.0,26.0,28.0,0.17721518987341772,0.18354430379746836,5.0,0.0,2.0,1
143.0,22.0,16.0,0.11188811188811189,0.18181818181818182,1.0,0.0,0.0,1
147.0,33.0,0.0,0.0,0.05442176870748299,1.0,0.0,0.0,0
93.0,17.0,9.0,0.0967741935483871,0.1827956989247312,3.0,0.0,0.0,1
135.0,27.0,0.0,0.0,0.014814814814814815,0.0,0.0,0.0,0
65.0,12.0,0.0,0.0,0.046153846153846156,0.0,0.0,0.0,0
41.0,8.0,0.0,0.0,0.024390243902439025,0.0,0.0,0.0,0
158.0,24.0,26.0,0.16455696202531644,0.04430379746835443,0.0,0.0,0.0,1
26.0,4.0,0.0,0.0,0.038461538461538464,0.0,0.0,0.0,0
49.0,7.0,0.0,0.0,0.02040816326530612,0.0,0.0,0.0,0
59.0,12.0,0.0,0.0,0.03389830508474576,0.0,0.0,1.0,0
43.0,7.0,0.0,0.0,0.046511627906976744,2.0,0.0,1.0,0
52.0,9.0,1.0,0.019230769230769232,0.038461538461538464,0.0,0.0,0.0,0
131.0,30.0,0.0,0.0,0.030534351145038167,1.0,0.0,0.0,0
54.0,11.0,0.0,0.0,0.037037037037037035,0.0,0.0,0.0,0
26.0,5.0,0.0,0.0,0.038461538461538464,0.0,0.0,0.0,0
95.0,19.0,0.0,0.0,0.042105263157894736,0.0,0.0,0.0,0
99.0,15.0,11.0,0.1111111111111111,0.18181818181818182,1.0,0.0,1.0,1
7.0,2.0,0.0,0.0,0.0,0.0,0.0,0.0,0
42.0,8.0,0.0,0.0,0.023809523809523808,0.0,0.0,0.0,0
18.0,4.0,0.0,0.0,0.05555555555555555,0.0,0.0,0.0,0
24.0,3.0,0.0,0.0,0.041666666666666664,0.0,0.0,0.0,0
137.0,27.0,2.0,0.014598540145985401,0.021897810218978103,2.0,0.0,0.0,0
28.0,4.0,0.0,0.0,0.03571428571428571,0.0,0.0,0.0,0
32.0,7.0,0.0,0.0,0.0625,0.0,0.0,0.0,0
23.0,4.0,0.0,0.0,0.043478260869565216,0.0,0.0,0.0,0
121.0,20.0,6.0,0.049586776859504134,0.024793388429752067,1.0,0.0,0.0,0
25.0,4.0,0.0,0.0,0.04,0.0,0.0,0.0,0
139.0,21.0,0.0,0.0,0.2446043165467626,7.0,0.0,0.0,0
24.0,4.0,0.0,0.0,0.041666666666666664,0.0,0.0,0.0,0
142.0,28.0,0.0,0.0,0.007042253521126761,0.0,0.0,1.0,0
156.0,25.0,17.0,0.10897435897435898,0.02564102564102564,1.0,0.0,0.0,1
195.0,40.0,0.0,0.0,0.005128205128205128,0.0,0.0,0.0,0
69.0,13.0,0.0,0.0,0.043478260869565216,2.0,0.0,0.0,0
31.0,7.0,0.0,0.0,0.06451612903225806,0.0,0.0,0.0,0
24.0,6.0,0.0,0.0,0.08333333333333333,0.0,0.0,1.0,0
42.0,9.0,0.0,0.0,0.047619047619047616,0.0,0.0,1.0,0
52.0,11.0,0.0,0.0,0.019230769230769232,0.0,0.0,0.0,0
35.0,7.0,0.0,0.0,0.02857142857142857,0.0,0.0,0.0,0
28.0,6.0,0.0,0.0,0.07142857142857142,0.0,0.0,0.0,0
247.0,47.0,0.0,0.0,0.016194331983805668,2.0,0.0,1.0,0
29.0,6.0,0.0,0.0,0.034482758620689655,0.0,0.0,1.0,0
162.0,34.0,0.0,0.0,0.018518518518518517,1.0,0.0,0.0,0
7.0,1.0,0.0,0.0,0.14285714285714285,0.0,0.0,0.0,0
34.0,7.0,0.0,0.0,0.029411764705882353,0.0,0.0,0.0,0
40.0,6.0,0.0,0.0,0.05,0.0,0.0,0.0,0
40.0,7.0,0.0,0.0,0.05,0.0,0.0,0.0,0
41.0,8.0,0.0,0.0,0.04878048780487805,0.0,0.0,0.0,0
34.0,8.0,0.0,0.0,0.029411764705882353,0.0,0.0,0.0,0
162.0,25.0,26.0,0.16049382716049382,0.17901234567901234,3.0,0.0,2.0,1
53.0,10.0,0.0,0.0,0.05660377358490566,0.0,0.0,0.0,0
25.0,4.0,0.0,0.0,0.04,0.0,0.0,0.0,0
149.0,27.0,2.0,0.013422818791946308,0.08053691275167785,1.0,0.0,0.0,1
25.0,5.0,0.0,0.0,0.04,0.0,0.0,0.0,0
34.0,7.0,0.0,0.0,0.029411764705882353,0.0,0.0,0.0,0
57.0,13.0,1.0,0.017543859649122806,0.05263157894736842,0.0,0.0,0.0,0
63.0,14.0,0.0,0.0,0.031746031746031744,1.0,0.0,0.0,0
82.0,18.0,0.0,0.0,0.04878048780487805,0.0,0.0,0.0,0
25.0,5.0,0.0,0.0,0.08,0.0,0.0,0.0,0
25.0,6.0,0.0,0.0,0.04,0.0,0.0,0.0,0
159.0,24.0,14.0,0.0880503144654088,0.13836477987421383,1.0,1.0,1.0,1
62.0,13.0,0.0,0.0,0.016129032258064516,0.0,0.0,0.0,0
73.0,16.0,0.0,0.0,0.0410958904109589,0.0,0.0,0.0,0
45.0,9.0,1.0,0.022222222222222223,0.044444444444444446,0.0,0.0,1.0,0
56.0,11.0,0.0,0.0,0.03571428571428571,0.0,0.0,0.0,0
138.0,26.0,2.0,0.014492753623188406,0.07971014492753623,1.0,0.0,0.0,1
42.0,8.0,0.0,0.0,0.023809523809523808,0.0,0.0,0.0,0
26.0,5.0,1.0,0.038461538461538464,0.038461538461538464,0.0,0.0,0.0,0
92.0,20.0,0.0,0.0,0.021739130434782608,0.0,0.0,0.0,0
30.0,7.0,0.0,0.0,0.7666666666666667,0.0,0.0,0.0,0
14.0,3.0,0.0,0.0,0.07142857142857142,1.0,0.0,0.0,0
129.0,26.0,0.0,0.0,0.015503875968992248,0.0,0.0,0.0,0
35.0,9.0,0.0,0.0,0.02857142857142857,0.0,0.0,0.0,0
192.0,40.0,0.0,0.0,0.020833333333333332,0.0,0.0,0.0,0
53.0,10.0,0.0,0.0,0.05660377358490566,0.0,0.0,0.0,0
158.0,35.0,3.0,0.0189873417721519,0.10126582278481013,0.0,0.0,0.0,0
22.0,5.0,0.0,0.0,0.09090909090909091,0.0,0.0,0.0,0
101.0,17.0,0.0,0.0,0.019801980198019802,0.0,0.0,0.0,0
36.0,7.0,0.0,0.0,0.027777777777777776,0.0,0.0,0.0,0
28.0,6.0,0.0,0.0,0.03571428571428571,0.0,0.0,0.0,0
24.0,4.0,0.0,0.0,0.041666666666666664,0.0,0.0,0.0,0
22.0,4.0,0.0,0.0,0.045454545454545456,0.0,0.0,0.0,0
135.0,27.0,0.0,0.0,0.05185185185185185,1.0,0.0,0.0,0
27.0,6.0,0.0,0.0,0.037037037037037035,0.0,0.0,0.0,0
22.0,4.0,0.0,0.0,0.045454545454545456,0.0,0.0,0.0,0
86.0,13.0,0.0,0.0,0.09302325581395349,0.0,0.0,0.0,0
27.0,7.0,0.0,0.0,0.037037037037037035,0.0,0.0,0.0,0
24.0,5.0,0.0,0.0,0.041666666666666664,0.0,0.0,0.0,0
69.0,10.0,0.0,0.0,0.14492753623188406,1.0,0.0,0.0,1
99.0,23.0,1.0,0.010101010101010102,0.0,0.0,0.0,0.0,0
157.0,35.0,3.0,0.01910828025477707,0.7261146496815286,1.0,0.0,0.0,0
70.0,12.0,0.0,0.0,0.014285714285714285,0.0,0.0,0.0,0
157.0,27.0,18.0,0.11464968152866242,0.08280254777070063,2.0,0.0,3.0,1
132.0,24.0,12.0,0.09090909090909091,0.03787878787878788,0.0,0.0,0.0,1
37.0,10.0,0.0,0.0,0.02702702702702703,0.0,0.0,0.0,0
52.0,11.0,0.0,0.0,0.038461538461538464,0.0,0.0,0.0,0
156.0,20.0,18.0,0.11538461538461539,0.15384615384615385,0.0,1.0,0.0,1
50.0,8.0,0.0,0.0,0.02,0.0,0.0,0.0,0
83.0,18.0,0.0,0.0,0.03614457831325301,0.0,0.0,0.0,0
85.0,18.0,1.0,0.011764705882352941,0.11764705882352941,0.0,0.0,0.0,0
68.0,13.0,0.0,0.0,0.7647058823529411,0.0,0.0,0.0,0
23.0,5.0,0.0,0.0,0.043478260869565216,0.0,0.0,0.0,0
84.0,18.0,0.0,0.0,0.023809523809523808,0.0,0.0,1.0,0
27.0,4.0,0.0,0.0,0.037037037037037035,0.0,0.0,0.0,0
482.0,98.0,0.0,0.0,0.016597510373443983,2.0,0.0,0.0,0
69.0,15.0,0.0,0.0,0.014492753623188406,0.0,0.0,0.0,0
47.0,9.0,0.0,0.0,0.02127659574468085,0.0,0.0,1.0,0
71.0,14.0,0.0,0.0,0.028169014084507043,0.0,0.0,0.0,0
221.0,43.0,0.0,0.0,0.01809954751131222,0.0,0.0,0.0,0
155.0,35.0,0.0,0.0,0.03870967741935484,1.0,0.0,0.0,0
110.0,18.0,32.0,0.2909090909090909,0.23636363636363636,1.0,0.0,0.0,1
32.0,7.0,0.0,0.0,0.0625,0.0,0.0,0.0,0
152.0,28.0,23.0,0.1513157894736842,0.15789473684210525,0.0,1.0,0.0,1
110.0,24.0,0.0,0.0,0.01818181818181818,0.0,0.0,0.0,0
67.0,14.0,0.0,0.0,0.029850746268656716,0.0,0.0,0.0,0
25.0,5.0,0.0,0.0,0.04,0.0,0.0,0.0,0
149.0,35.0,1.0,0.006711409395973154,0.006711409395973154,0.0,0.0,0.0,0
22.0,6.0,1.0,0.045454545454545456,0.09090909090909091,0.0,0.0,0.0,0
98.0,21.0,0.0,0.0,0.02040816326530612,0.0,0.0,0.0,0
31.0,7.0,0.0,0.0,0.03225806451612903,0.0,0.0,0.0,0
80.0,16.0,0.0,0.0,0.4125,0.0,0.0,0.0,0
42.0,10.0,0.0,0.0,0.047619047619047616,0.0,0.0,0.0,0
56.0,10.0,0.0,0.0,0.03571428571428571,0.0,0.0,0.0,0
29.0,5.0,0.0,0.0,0.034482758620689655,0.0,0.0,0.0,0
30.0,6.0,0.0,0.0,0.06666666666666667,0.0,0.0,0.0,0
122.0,25.0,1.0,0.00819672131147541,0.02459016393442623,0.0,0.0,1.0,0
66.0,16.0,0.0,0.0,0.030303030303030304,0.0,0.0,0.0,0
31.0,7.0,0.0,0.0,0.03225806451612903,0.0,0.0,0.0,0
25.0,5.0,0.0,0.0,0.08,0.0,0.0,0.0,0
32.0,7.0,0.0,0.0,0.03125,0.0,0.0,0.0,0
224.0,42.0,0.0,0.0,0.03571428571428571,2.0,0.0,0.0,0
32.0,7.0,0.0,0.0,0.0625,0.0,0.0,0.0,0
73.0,16.0,0.0,0.0,0.0410958904109589,0.0,0.0,0.0,0
85.0,19.0,0.0,0.0,0.03529411764705882,0.0,0.0,0.0,0
23.0,6.0,0.0,0.0,0.043478260869565216,0.0,0.0,0.0,0
75.0,16.0,0.0,0.0,0.013333333333333334,0.0,0.0,0.0,0
85.0,16.0,0.0,0.0,0.023529411764705882,0.0,0.0,0.0,0
15.0,2.0,0.0,0.0,0.13333333333333333,0.0,0.0,0.0,0
55.0,10.0,0.0,0.0,0.03636363636363636,0.0,0.0,0.0,0
104.0,23.0,10.0,0.09615384615384616,0.25961538461538464,2.0,0.0,1.0,1
27.0,5.0,0.0,0.0,0.037037037037037035,0.0,0.0,0.0,0
22.0,5.0,0.0,0.0,0.045454545454545456,0.0,0.0,0.0,0
155.0,29.0,1.0,0.0064516129032258064,0.09032258064516129,1.0,0.0,0.0,1
62.0,14.0,0.0,0.0,0.04838709677419355,0.0,0.0,0.0,0
28.0,6.0,0.0,0.0,0.03571428571428571,0.0,0.0,0.0,0
158.0,29.0,1.0,0.006329113924050633,0.08227848101265822,1.0,0.0,0.0,1
290.0,59.0,0.0,0.0,0.02413793103448276,0.0,0.0,0.0,0
70.0,14.0,0.0,0.0,0.07142857142857142,2.0,0.0,0.0,0
56.0,12.0,0.0,0.0,0.017857142857142856,1.0,0.0,0.0,0
36.0,7.0,0.0,0.0,0.05555555555555555,0.0,0.0,0.0,0
163.0,26.0,2.0,0.012269938650306749,0.7852760736196319,1.0,2.0,2.0,1
55.0,12.0,0.0,0.0,0.01818181818181818,1.0,0.0,0.0,0
42.0,9.0,0.0,0.0,0.023809523809523808,0.0,0.0,1.0,0
185.0,35.0,0.0,0.0,0.03783783783783784,1.0,0.0,0.0,0
37.0,6.0,0.0,0.0,0.02702702702702703,0.0,0.0,0.0,0
154.0,29.0,17.0,0.11038961038961038,0.1038961038961039,1.0,0.0,0.0,1
84.0,16.0,0.0,0.0,0.011904761904761904,0.0,0.0,0.0,0
140.0,30.0,11.0,0.07857142857142857,0.1,1.0,0.0,0.0,1
101.0,11.0,15.0,0.1485148514851485,0.0297029702970297,1.0,1.0,0.0,1
32.0,6.0,0.0,0.0,0.03125,0.0,0.0,0.0,0
94.0,18.0,0.0,0.0,0.02127659574468085,0.0,0.0,1.0,0
160.0,28.0,11.0,0.06875,0.05,0.0,0.0,0.0,1
30.0,5.0,0.0,0.0,0.03333333333333333,0.0,0.0,0.0,0
29.0,6.0,0.0,0.0,0.06896551724137931,0.0,0.0,0.0,0
61.0,12.0,0.0,0.0,0.03278688524590164,1.0,0.0,0.0,0
162.0,23.0,15.0,0.09259259259259259,0.012345679012345678,2.0,0.0,0.0,1
131.0,25.0,26.0,0.1984732824427481,0.04580152671755725,2.0,0.0,1.0,1
165.0,26.0,23.0,0.1393939393939394,0.07878787878787878,3.0,1.0,0.0,1
30.0,7.0,0.0,0.0,0.06666666666666667,0.0,0.0,0.0,0
103.0,22.0,0.0,0.0,0.0,0.0,0.0,0.0,0
72.0,10.0,2.0,0.027777777777777776,0.041666666666666664,0.0,1.0,0.0,1
30.0,7.0,0.0,0.0,0.03333333333333333,0.0,0.0,1.0,0
104.0,29.0,1.0,0.009615384615384616,0.019230769230769232,0.0,0.0,0.0,0
67.0,14.0,0.0,0.0,0.04477611940298507,0.0,0.0,0.0,0
42.0,9.0,0.0,0.0,0.023809523809523808,0.0,0.0,0.0,0
50.0,11.0,1.0,0.02,0.02,0.0,0.0,0.0,0
101.0,22.0,0.0,0.0,0.039603960396039604,0.0,0.0,0.0,0
90.0,17.0,0.0,0.0,0.011111111111111112,0.0,0.0,0.0,0
26.0,6.0,0.0,0.0,0.07692307692307693,0.0,0.0,0.0,0
22.0,5.0,1.0,0.045454545454545456,0.0,0.0,0.0,0.0,0
38.0,6.0,0.0,0.0,0.05263157894736842,1.0,0.0,0.0,0
39.0,9.0,0.0,0.0,0.02564102564102564,0.0,0.0,0.0,0
76.0,16.0,0.0,0.0,0.02631578947368421,0.0,0.0,0.0,0
55.0,8.0,0.0,0.0,0.01818181818181818,0.0,0.0,0.0,0
70.0,12.0,0.0,0.0,0.04285714285714286,2.0,0.0,0.0,1
80.0,17.0,0.0,0.0,0.0125,0.0,0.0,0.0,0
51.0,12.0,0.0,0.0,0.0392156862745098,0.0,0.0,0.0,0
117.0,24.0,0.0,0.0,0.03418803418803419,0.0,0.0,0.0,0
32.0,8.0,0.0,0.0,0.03125,1.0,0.0,0.0,0
9.0,2.0,0.0,0.0,0.1111111111111111,0.0,0.0,0.0,0
129.0,29.0,0.0,0.0,0.023255813953488372,0.0,0.0,0.0,0
114.0,24.0,0.0,0.0,0.02631578947368421,0.0,0.0,0.0,0
55.0,11.0,0.0,0.0,0.05454545454545454,0.0,0.0,0.0,0
133.0,25.0,1.0,0.007518796992481203,0.015037593984962405,2.0,0.0,0.0,0
159.0,27.0,13.0,0.08176100628930817,0.0880503144654088,1.0,0.0,0.0,1
86.0,19.0,0.0,0.0,0.023255813953488372,0.0,0.0,0.0,0
34.0,4.0,0.0,0.0,0.029411764705882353,0.0,0.0,0.0,0
127.0,20.0,0.0,0.0,0.023622047244094488,0.0,1.0,0.0,1
